district,state,city,locality,property_type,category,price_per_sqft_inr,rent_per_sqft_inr,yield_pct,price_change_qoq_pct,source,fetched_at,data_source,area_sqft,bhk,bath,price_lakhs,locality_key
Surat,Gujarat,Surat,Adajan,Apartment,residential,6000.0,,,2.93,https://www.squareyards.com/property-rates/adajan-surat,2026-06-25T12:57:25.140609+00:00,locality_synthetic,550,1,1,33.0,adajan
Surat,Gujarat,Surat,Adajan,Apartment,residential,6000.0,,,2.93,https://www.squareyards.com/property-rates/adajan-surat,2026-06-25T12:57:25.140609+00:00,locality_synthetic,1050,2,2,63.0,adajan
Surat,Gujarat,Surat,Adajan,Apartment,residential,6000.0,,,2.93,https://www.squareyards.com/property-rates/adajan-surat,2026-06-25T12:57:25.140609+00:00,locality_synthetic,1450,3,3,87.0,adajan
Surat,Gujarat,Surat,Adajan,Apartment,residential,6000.0,,,2.93,https://www.squareyards.com/property-rates/adajan-surat,2026-06-25T12:57:25.140609+00:00,locality_synthetic,2000,4,4,120.0,adajan
Surat,Gujarat,Surat,Adajan,Flat,residential,6000.0,,,2.93,https://www.squareyards.com/property-rates/adajan-surat,2026-06-25T12:57:25.140609+00:00,locality_synthetic,550,1,1,33.0,adajan
Surat,Gujarat,Surat,Adajan,Flat,residential,6000.0,,,2.93,https://www.squareyards.com/property-rates/adajan-surat,2026-06-25T12:57:25.140609+00:00,locality_synthetic,1050,2,2,63.0,adajan
Surat,Gujarat,Surat,Adajan,Flat,residential,6000.0,,,2.93,https://www.squareyards.com/property-rates/adajan-surat,2026-06-25T12:57:25.140609+00:00,locality_synthetic,1450,3,3,87.0,adajan
Surat,Gujarat,Surat,Adajan,Flat,residential,6000.0,,,2.93,https://www.squareyards.com/property-rates/adajan-surat,2026-06-25T12:57:25.140609+00:00,locality_synthetic,2000,4,4,120.0,adajan
Surat,Gujarat,Surat,Adajan,Studio,residential,5520.0,,,2.93,https://www.squareyards.com/property-rates/adajan-surat,2026-06-25T12:57:25.140609+00:00,locality_synthetic,400,1,1,22.08,adajan
Surat,Gujarat,Surat,Adajan,Studio,residential,5520.0,,,2.93,https://www.squareyards.com/property-rates/adajan-surat,2026-06-25T12:57:25.140609+00:00,locality_synthetic,500,1,1,27.6,adajan
Surat,Gujarat,Surat,Adajan,Penthouse,residential,8100.0,,,2.93,https://www.squareyards.com/property-rates/adajan-surat,2026-06-25T12:57:25.140609+00:00,locality_synthetic,1800,3,3,145.8,adajan
Surat,Gujarat,Surat,Adajan,Penthouse,residential,8100.0,,,2.93,https://www.squareyards.com/property-rates/adajan-surat,2026-06-25T12:57:25.140609+00:00,locality_synthetic,2500,4,4,202.5,adajan
Surat,Gujarat,Surat,Adajan,Penthouse,residential,8100.0,,,2.93,https://www.squareyards.com/property-rates/adajan-surat,2026-06-25T12:57:25.140609+00:00,locality_synthetic,3200,5,5,259.2,adajan
Surat,Gujarat,Surat,Adajan,Villa,residential,8100.0,,,2.93,https://www.squareyards.com/property-rates/adajan-surat,2026-06-25T12:57:25.140609+00:00,locality_synthetic,1500,2,2,121.5,adajan
Surat,Gujarat,Surat,Adajan,Villa,residential,8100.0,,,2.93,https://www.squareyards.com/property-rates/adajan-surat,2026-06-25T12:57:25.140609+00:00,locality_synthetic,2200,3,3,178.2,adajan
Surat,Gujarat,Surat,Adajan,Villa,residential,8100.0,,,2.93,https://www.squareyards.com/property-rates/adajan-surat,2026-06-25T12:57:25.140609+00:00,locality_synthetic,3000,4,4,243.0,adajan
Surat,Gujarat,Surat,Adajan,Villa,residential,8100.0,,,2.93,https://www.squareyards.com/property-rates/adajan-surat,2026-06-25T12:57:25.140609+00:00,locality_synthetic,4500,5,5,364.5,adajan
Surat,Gujarat,Surat,Adajan,Bungalow,residential,8748.0,,,2.93,https://www.squareyards.com/property-rates/adajan-surat,2026-06-25T12:57:25.140609+00:00,locality_synthetic,2500,3,3,218.7,adajan
Surat,Gujarat,Surat,Adajan,Bungalow,residential,8748.0,,,2.93,https://www.squareyards.com/property-rates/adajan-surat,2026-06-25T12:57:25.140609+00:00,locality_synthetic,3500,4,4,306.18,adajan
Surat,Gujarat,Surat,Adajan,Bungalow,residential,8748.0,,,2.93,https://www.squareyards.com/property-rates/adajan-surat,2026-06-25T12:57:25.140609+00:00,locality_synthetic,5000,5,5,437.4,adajan
Surat,Gujarat,Surat,Adajan,Bungalow,residential,8748.0,,,2.93,https://www.squareyards.com/property-rates/adajan-surat,2026-06-25T12:57:25.140609+00:00,locality_synthetic,6500,6,6,568.62,adajan
Surat,Gujarat,Surat,Adajan,House,residential,7938.0,,,2.93,https://www.squareyards.com/property-rates/adajan-surat,2026-06-25T12:57:25.140609+00:00,locality_synthetic,1200,2,2,95.26,adajan
Surat,Gujarat,Surat,Adajan,House,residential,7938.0,,,2.93,https://www.squareyards.com/property-rates/adajan-surat,2026-06-25T12:57:25.140609+00:00,locality_synthetic,1800,3,3,142.88,adajan
Surat,Gujarat,Surat,Adajan,House,residential,7938.0,,,2.93,https://www.squareyards.com/property-rates/adajan-surat,2026-06-25T12:57:25.140609+00:00,locality_synthetic,2400,4,4,190.51,adajan
Surat,Gujarat,Surat,Adajan,House,residential,7938.0,,,2.93,https://www.squareyards.com/property-rates/adajan-surat,2026-06-25T12:57:25.140609+00:00,locality_synthetic,3200,5,5,254.02,adajan
Surat,Gujarat,Surat,Adajan,Plot,residential,3300.0,,,2.93,https://www.squareyards.com/property-rates/adajan-surat,2026-06-25T12:57:25.140609+00:00,locality_synthetic,1000,0,0,33.0,adajan
Surat,Gujarat,Surat,Adajan,Plot,residential,3300.0,,,2.93,https://www.squareyards.com/property-rates/adajan-surat,2026-06-25T12:57:25.140609+00:00,locality_synthetic,1500,0,0,49.5,adajan
Surat,Gujarat,Surat,Adajan,Plot,residential,3300.0,,,2.93,https://www.squareyards.com/property-rates/adajan-surat,2026-06-25T12:57:25.140609+00:00,locality_synthetic,2400,0,0,79.2,adajan
Surat,Gujarat,Surat,Adajan,Plot,residential,3300.0,,,2.93,https://www.squareyards.com/property-rates/adajan-surat,2026-06-25T12:57:25.140609+00:00,locality_synthetic,4000,0,0,132.0,adajan
Surat,Gujarat,Surat,Adajan,Shop,commercial,3900.0,,,2.93,https://www.squareyards.com/property-rates/adajan-surat,2026-06-25T12:57:25.140609+00:00,locality_synthetic,200,0,0,7.8,adajan
Surat,Gujarat,Surat,Adajan,Shop,commercial,3900.0,,,2.93,https://www.squareyards.com/property-rates/adajan-surat,2026-06-25T12:57:25.140609+00:00,locality_synthetic,400,0,0,15.6,adajan
Surat,Gujarat,Surat,Adajan,Shop,commercial,3900.0,,,2.93,https://www.squareyards.com/property-rates/adajan-surat,2026-06-25T12:57:25.140609+00:00,locality_synthetic,800,0,0,31.2,adajan
Surat,Gujarat,Surat,Adajan,Shop,commercial,3900.0,,,2.93,https://www.squareyards.com/property-rates/adajan-surat,2026-06-25T12:57:25.140609+00:00,locality_synthetic,1200,0,0,46.8,adajan
Surat,Gujarat,Surat,Adajan,Showroom,commercial,4368.0,,,2.93,https://www.squareyards.com/property-rates/adajan-surat,2026-06-25T12:57:25.140609+00:00,locality_synthetic,600,0,0,26.21,adajan
Surat,Gujarat,Surat,Adajan,Showroom,commercial,4368.0,,,2.93,https://www.squareyards.com/property-rates/adajan-surat,2026-06-25T12:57:25.140609+00:00,locality_synthetic,1200,0,0,52.42,adajan
Surat,Gujarat,Surat,Adajan,Showroom,commercial,4368.0,,,2.93,https://www.squareyards.com/property-rates/adajan-surat,2026-06-25T12:57:25.140609+00:00,locality_synthetic,2500,0,0,109.2,adajan
Surat,Gujarat,Surat,Adajan,Showroom,commercial,4368.0,,,2.93,https://www.squareyards.com/property-rates/adajan-surat,2026-06-25T12:57:25.140609+00:00,locality_synthetic,4000,0,0,174.72,adajan
Surat,Gujarat,Surat,Adajan,Office,commercial,8100.0,,,2.93,https://www.squareyards.com/property-rates/adajan-surat,2026-06-25T12:57:25.140609+00:00,locality_synthetic,500,0,0,40.5,adajan
Surat,Gujarat,Surat,Adajan,Office,commercial,8100.0,,,2.93,https://www.squareyards.com/property-rates/adajan-surat,2026-06-25T12:57:25.140609+00:00,locality_synthetic,1000,0,0,81.0,adajan
Surat,Gujarat,Surat,Adajan,Office,commercial,8100.0,,,2.93,https://www.squareyards.com/property-rates/adajan-surat,2026-06-25T12:57:25.140609+00:00,locality_synthetic,2000,0,0,162.0,adajan
Surat,Gujarat,Surat,Adajan,Office,commercial,8100.0,,,2.93,https://www.squareyards.com/property-rates/adajan-surat,2026-06-25T12:57:25.140609+00:00,locality_synthetic,5000,0,0,405.0,adajan
Surat,Gujarat,Surat,Adajan,Commercial,commercial,4095.0,,,2.93,https://www.squareyards.com/property-rates/adajan-surat,2026-06-25T12:57:25.140609+00:00,locality_synthetic,500,0,0,20.48,adajan
Surat,Gujarat,Surat,Adajan,Commercial,commercial,4095.0,,,2.93,https://www.squareyards.com/property-rates/adajan-surat,2026-06-25T12:57:25.140609+00:00,locality_synthetic,1000,0,0,40.95,adajan
Surat,Gujarat,Surat,Adajan,Commercial,commercial,4095.0,,,2.93,https://www.squareyards.com/property-rates/adajan-surat,2026-06-25T12:57:25.140609+00:00,locality_synthetic,2000,0,0,81.9,adajan
Surat,Gujarat,Surat,Adajan,Commercial,commercial,4095.0,,,2.93,https://www.squareyards.com/property-rates/adajan-surat,2026-06-25T12:57:25.140609+00:00,locality_synthetic,3500,0,0,143.32,adajan
Surat,Gujarat,Surat,Adajan,Warehouse,commercial,2808.0,,,2.93,https://www.squareyards.com/property-rates/adajan-surat,2026-06-25T12:57:25.140609+00:00,locality_synthetic,1500,0,0,42.12,adajan
Surat,Gujarat,Surat,Adajan,Warehouse,commercial,2808.0,,,2.93,https://www.squareyards.com/property-rates/adajan-surat,2026-06-25T12:57:25.140609+00:00,locality_synthetic,3000,0,0,84.24,adajan
Surat,Gujarat,Surat,Adajan,Warehouse,commercial,2808.0,,,2.93,https://www.squareyards.com/property-rates/adajan-surat,2026-06-25T12:57:25.140609+00:00,locality_synthetic,5000,0,0,140.4,adajan
Surat,Gujarat,Surat,Adajan,Warehouse,commercial,2808.0,,,2.93,https://www.squareyards.com/property-rates/adajan-surat,2026-06-25T12:57:25.140609+00:00,locality_synthetic,10000,0,0,280.8,adajan
Surat,Gujarat,Surat,Adajan,Retail,commercial,3900.0,,,2.93,https://www.squareyards.com/property-rates/adajan-surat,2026-06-25T12:57:25.140609+00:00,locality_synthetic,300,0,0,11.7,adajan
Surat,Gujarat,Surat,Adajan,Retail,commercial,3900.0,,,2.93,https://www.squareyards.com/property-rates/adajan-surat,2026-06-25T12:57:25.140609+00:00,locality_synthetic,600,0,0,23.4,adajan
Surat,Gujarat,Surat,Adajan,Retail,commercial,3900.0,,,2.93,https://www.squareyards.com/property-rates/adajan-surat,2026-06-25T12:57:25.140609+00:00,locality_synthetic,1000,0,0,39.0,adajan
Surat,Gujarat,Surat,Adajan,Retail,commercial,3900.0,,,2.93,https://www.squareyards.com/property-rates/adajan-surat,2026-06-25T12:57:25.140609+00:00,locality_synthetic,1800,0,0,70.2,adajan
Surat,Gujarat,Surat,Althan,Apartment,residential,4300.0,,,-2.56,https://www.squareyards.com/property-rates/althan-surat,2026-06-25T12:57:25.140609+00:00,locality_synthetic,550,1,1,23.65,althan
Surat,Gujarat,Surat,Althan,Apartment,residential,4300.0,,,-2.56,https://www.squareyards.com/property-rates/althan-surat,2026-06-25T12:57:25.140609+00:00,locality_synthetic,1050,2,2,45.15,althan
Surat,Gujarat,Surat,Althan,Apartment,residential,4300.0,,,-2.56,https://www.squareyards.com/property-rates/althan-surat,2026-06-25T12:57:25.140609+00:00,locality_synthetic,1450,3,3,62.35,althan
Surat,Gujarat,Surat,Althan,Apartment,residential,4300.0,,,-2.56,https://www.squareyards.com/property-rates/althan-surat,2026-06-25T12:57:25.140609+00:00,locality_synthetic,2000,4,4,86.0,althan
Surat,Gujarat,Surat,Althan,Flat,residential,4300.0,,,-2.56,https://www.squareyards.com/property-rates/althan-surat,2026-06-25T12:57:25.140609+00:00,locality_synthetic,550,1,1,23.65,althan
Surat,Gujarat,Surat,Althan,Flat,residential,4300.0,,,-2.56,https://www.squareyards.com/property-rates/althan-surat,2026-06-25T12:57:25.140609+00:00,locality_synthetic,1050,2,2,45.15,althan
Surat,Gujarat,Surat,Althan,Flat,residential,4300.0,,,-2.56,https://www.squareyards.com/property-rates/althan-surat,2026-06-25T12:57:25.140609+00:00,locality_synthetic,1450,3,3,62.35,althan
Surat,Gujarat,Surat,Althan,Flat,residential,4300.0,,,-2.56,https://www.squareyards.com/property-rates/althan-surat,2026-06-25T12:57:25.140609+00:00,locality_synthetic,2000,4,4,86.0,althan
Surat,Gujarat,Surat,Althan,Studio,residential,3956.0,,,-2.56,https://www.squareyards.com/property-rates/althan-surat,2026-06-25T12:57:25.140609+00:00,locality_synthetic,400,1,1,15.82,althan
Surat,Gujarat,Surat,Althan,Studio,residential,3956.0,,,-2.56,https://www.squareyards.com/property-rates/althan-surat,2026-06-25T12:57:25.140609+00:00,locality_synthetic,500,1,1,19.78,althan
Surat,Gujarat,Surat,Althan,Penthouse,residential,5805.0,,,-2.56,https://www.squareyards.com/property-rates/althan-surat,2026-06-25T12:57:25.140609+00:00,locality_synthetic,1800,3,3,104.49,althan
Surat,Gujarat,Surat,Althan,Penthouse,residential,5805.0,,,-2.56,https://www.squareyards.com/property-rates/althan-surat,2026-06-25T12:57:25.140609+00:00,locality_synthetic,2500,4,4,145.12,althan
Surat,Gujarat,Surat,Althan,Penthouse,residential,5805.0,,,-2.56,https://www.squareyards.com/property-rates/althan-surat,2026-06-25T12:57:25.140609+00:00,locality_synthetic,3200,5,5,185.76,althan
Surat,Gujarat,Surat,Althan,Villa,residential,4400.0,,,-2.56,https://www.squareyards.com/property-rates/althan-surat,2026-06-25T12:57:25.140609+00:00,locality_synthetic,1500,2,2,66.0,althan
Surat,Gujarat,Surat,Althan,Villa,residential,4400.0,,,-2.56,https://www.squareyards.com/property-rates/althan-surat,2026-06-25T12:57:25.140609+00:00,locality_synthetic,2200,3,3,96.8,althan
Surat,Gujarat,Surat,Althan,Villa,residential,4400.0,,,-2.56,https://www.squareyards.com/property-rates/althan-surat,2026-06-25T12:57:25.140609+00:00,locality_synthetic,3000,4,4,132.0,althan
Surat,Gujarat,Surat,Althan,Villa,residential,4400.0,,,-2.56,https://www.squareyards.com/property-rates/althan-surat,2026-06-25T12:57:25.140609+00:00,locality_synthetic,4500,5,5,198.0,althan
Surat,Gujarat,Surat,Althan,Bungalow,residential,4752.0,,,-2.56,https://www.squareyards.com/property-rates/althan-surat,2026-06-25T12:57:25.140609+00:00,locality_synthetic,2500,3,3,118.8,althan
Surat,Gujarat,Surat,Althan,Bungalow,residential,4752.0,,,-2.56,https://www.squareyards.com/property-rates/althan-surat,2026-06-25T12:57:25.140609+00:00,locality_synthetic,3500,4,4,166.32,althan
Surat,Gujarat,Surat,Althan,Bungalow,residential,4752.0,,,-2.56,https://www.squareyards.com/property-rates/althan-surat,2026-06-25T12:57:25.140609+00:00,locality_synthetic,5000,5,5,237.6,althan
Surat,Gujarat,Surat,Althan,Bungalow,residential,4752.0,,,-2.56,https://www.squareyards.com/property-rates/althan-surat,2026-06-25T12:57:25.140609+00:00,locality_synthetic,6500,6,6,308.88,althan
Surat,Gujarat,Surat,Althan,House,residential,4312.0,,,-2.56,https://www.squareyards.com/property-rates/althan-surat,2026-06-25T12:57:25.140609+00:00,locality_synthetic,1200,2,2,51.74,althan
Surat,Gujarat,Surat,Althan,House,residential,4312.0,,,-2.56,https://www.squareyards.com/property-rates/althan-surat,2026-06-25T12:57:25.140609+00:00,locality_synthetic,1800,3,3,77.62,althan
Surat,Gujarat,Surat,Althan,House,residential,4312.0,,,-2.56,https://www.squareyards.com/property-rates/althan-surat,2026-06-25T12:57:25.140609+00:00,locality_synthetic,2400,4,4,103.49,althan
Surat,Gujarat,Surat,Althan,House,residential,4312.0,,,-2.56,https://www.squareyards.com/property-rates/althan-surat,2026-06-25T12:57:25.140609+00:00,locality_synthetic,3200,5,5,137.98,althan
Surat,Gujarat,Surat,Althan,Plot,residential,2365.0,,,-2.56,https://www.squareyards.com/property-rates/althan-surat,2026-06-25T12:57:25.140609+00:00,locality_synthetic,1000,0,0,23.65,althan
Surat,Gujarat,Surat,Althan,Plot,residential,2365.0,,,-2.56,https://www.squareyards.com/property-rates/althan-surat,2026-06-25T12:57:25.140609+00:00,locality_synthetic,1500,0,0,35.48,althan
Surat,Gujarat,Surat,Althan,Plot,residential,2365.0,,,-2.56,https://www.squareyards.com/property-rates/althan-surat,2026-06-25T12:57:25.140609+00:00,locality_synthetic,2400,0,0,56.76,althan
Surat,Gujarat,Surat,Althan,Plot,residential,2365.0,,,-2.56,https://www.squareyards.com/property-rates/althan-surat,2026-06-25T12:57:25.140609+00:00,locality_synthetic,4000,0,0,94.6,althan
Surat,Gujarat,Surat,Althan,Shop,commercial,4400.0,,,-2.56,https://www.squareyards.com/property-rates/althan-surat,2026-06-25T12:57:25.140609+00:00,locality_synthetic,200,0,0,8.8,althan
Surat,Gujarat,Surat,Althan,Shop,commercial,4400.0,,,-2.56,https://www.squareyards.com/property-rates/althan-surat,2026-06-25T12:57:25.140609+00:00,locality_synthetic,400,0,0,17.6,althan
Surat,Gujarat,Surat,Althan,Shop,commercial,4400.0,,,-2.56,https://www.squareyards.com/property-rates/althan-surat,2026-06-25T12:57:25.140609+00:00,locality_synthetic,800,0,0,35.2,althan
Surat,Gujarat,Surat,Althan,Shop,commercial,4400.0,,,-2.56,https://www.squareyards.com/property-rates/althan-surat,2026-06-25T12:57:25.140609+00:00,locality_synthetic,1200,0,0,52.8,althan
Surat,Gujarat,Surat,Althan,Showroom,commercial,4928.0,,,-2.56,https://www.squareyards.com/property-rates/althan-surat,2026-06-25T12:57:25.140609+00:00,locality_synthetic,600,0,0,29.57,althan
Surat,Gujarat,Surat,Althan,Showroom,commercial,4928.0,,,-2.56,https://www.squareyards.com/property-rates/althan-surat,2026-06-25T12:57:25.140609+00:00,locality_synthetic,1200,0,0,59.14,althan
Surat,Gujarat,Surat,Althan,Showroom,commercial,4928.0,,,-2.56,https://www.squareyards.com/property-rates/althan-surat,2026-06-25T12:57:25.140609+00:00,locality_synthetic,2500,0,0,123.2,althan
Surat,Gujarat,Surat,Althan,Showroom,commercial,4928.0,,,-2.56,https://www.squareyards.com/property-rates/althan-surat,2026-06-25T12:57:25.140609+00:00,locality_synthetic,4000,0,0,197.12,althan
Surat,Gujarat,Surat,Althan,Office,commercial,4400.0,,,-2.56,https://www.squareyards.com/property-rates/althan-surat,2026-06-25T12:57:25.140609+00:00,locality_synthetic,500,0,0,22.0,althan
Surat,Gujarat,Surat,Althan,Office,commercial,4400.0,,,-2.56,https://www.squareyards.com/property-rates/althan-surat,2026-06-25T12:57:25.140609+00:00,locality_synthetic,1000,0,0,44.0,althan
Surat,Gujarat,Surat,Althan,Office,commercial,4400.0,,,-2.56,https://www.squareyards.com/property-rates/althan-surat,2026-06-25T12:57:25.140609+00:00,locality_synthetic,2000,0,0,88.0,althan
Surat,Gujarat,Surat,Althan,Office,commercial,4400.0,,,-2.56,https://www.squareyards.com/property-rates/althan-surat,2026-06-25T12:57:25.140609+00:00,locality_synthetic,5000,0,0,220.0,althan
Surat,Gujarat,Surat,Althan,Commercial,commercial,4620.0,,,-2.56,https://www.squareyards.com/property-rates/althan-surat,2026-06-25T12:57:25.140609+00:00,locality_synthetic,500,0,0,23.1,althan
Surat,Gujarat,Surat,Althan,Commercial,commercial,4620.0,,,-2.56,https://www.squareyards.com/property-rates/althan-surat,2026-06-25T12:57:25.140609+00:00,locality_synthetic,1000,0,0,46.2,althan
Surat,Gujarat,Surat,Althan,Commercial,commercial,4620.0,,,-2.56,https://www.squareyards.com/property-rates/althan-surat,2026-06-25T12:57:25.140609+00:00,locality_synthetic,2000,0,0,92.4,althan
Surat,Gujarat,Surat,Althan,Commercial,commercial,4620.0,,,-2.56,https://www.squareyards.com/property-rates/althan-surat,2026-06-25T12:57:25.140609+00:00,locality_synthetic,3500,0,0,161.7,althan
Surat,Gujarat,Surat,Althan,Warehouse,commercial,3168.0,,,-2.56,https://www.squareyards.com/property-rates/althan-surat,2026-06-25T12:57:25.140609+00:00,locality_synthetic,1500,0,0,47.52,althan
Surat,Gujarat,Surat,Althan,Warehouse,commercial,3168.0,,,-2.56,https://www.squareyards.com/property-rates/althan-surat,2026-06-25T12:57:25.140609+00:00,locality_synthetic,3000,0,0,95.04,althan
Surat,Gujarat,Surat,Althan,Warehouse,commercial,3168.0,,,-2.56,https://www.squareyards.com/property-rates/althan-surat,2026-06-25T12:57:25.140609+00:00,locality_synthetic,5000,0,0,158.4,althan
Surat,Gujarat,Surat,Althan,Warehouse,commercial,3168.0,,,-2.56,https://www.squareyards.com/property-rates/althan-surat,2026-06-25T12:57:25.140609+00:00,locality_synthetic,10000,0,0,316.8,althan
Surat,Gujarat,Surat,Althan,Retail,commercial,4400.0,,,-2.56,https://www.squareyards.com/property-rates/althan-surat,2026-06-25T12:57:25.140609+00:00,locality_synthetic,300,0,0,13.2,althan
Surat,Gujarat,Surat,Althan,Retail,commercial,4400.0,,,-2.56,https://www.squareyards.com/property-rates/althan-surat,2026-06-25T12:57:25.140609+00:00,locality_synthetic,600,0,0,26.4,althan
Surat,Gujarat,Surat,Althan,Retail,commercial,4400.0,,,-2.56,https://www.squareyards.com/property-rates/althan-surat,2026-06-25T12:57:25.140609+00:00,locality_synthetic,1000,0,0,44.0,althan
Surat,Gujarat,Surat,Althan,Retail,commercial,4400.0,,,-2.56,https://www.squareyards.com/property-rates/althan-surat,2026-06-25T12:57:25.140609+00:00,locality_synthetic,1800,0,0,79.2,althan
Surat,Gujarat,Surat,Amroli,Apartment,residential,1950.0,,,-23.1,https://www.squareyards.com/property-rates/amroli-surat,2026-06-25T12:57:25.140609+00:00,locality_synthetic,550,1,1,10.72,amroli
Surat,Gujarat,Surat,Amroli,Apartment,residential,1950.0,,,-23.1,https://www.squareyards.com/property-rates/amroli-surat,2026-06-25T12:57:25.140609+00:00,locality_synthetic,1050,2,2,20.48,amroli
Surat,Gujarat,Surat,Amroli,Apartment,residential,1950.0,,,-23.1,https://www.squareyards.com/property-rates/amroli-surat,2026-06-25T12:57:25.140609+00:00,locality_synthetic,1450,3,3,28.27,amroli
Surat,Gujarat,Surat,Amroli,Apartment,residential,1950.0,,,-23.1,https://www.squareyards.com/property-rates/amroli-surat,2026-06-25T12:57:25.140609+00:00,locality_synthetic,2000,4,4,39.0,amroli
Surat,Gujarat,Surat,Amroli,Flat,residential,1950.0,,,-23.1,https://www.squareyards.com/property-rates/amroli-surat,2026-06-25T12:57:25.140609+00:00,locality_synthetic,550,1,1,10.72,amroli
Surat,Gujarat,Surat,Amroli,Flat,residential,1950.0,,,-23.1,https://www.squareyards.com/property-rates/amroli-surat,2026-06-25T12:57:25.140609+00:00,locality_synthetic,1050,2,2,20.48,amroli
Surat,Gujarat,Surat,Amroli,Flat,residential,1950.0,,,-23.1,https://www.squareyards.com/property-rates/amroli-surat,2026-06-25T12:57:25.140609+00:00,locality_synthetic,1450,3,3,28.27,amroli
Surat,Gujarat,Surat,Amroli,Flat,residential,1950.0,,,-23.1,https://www.squareyards.com/property-rates/amroli-surat,2026-06-25T12:57:25.140609+00:00,locality_synthetic,2000,4,4,39.0,amroli
Surat,Gujarat,Surat,Amroli,Studio,residential,1794.0,,,-23.1,https://www.squareyards.com/property-rates/amroli-surat,2026-06-25T12:57:25.140609+00:00,locality_synthetic,400,1,1,7.18,amroli
Surat,Gujarat,Surat,Amroli,Studio,residential,1794.0,,,-23.1,https://www.squareyards.com/property-rates/amroli-surat,2026-06-25T12:57:25.140609+00:00,locality_synthetic,500,1,1,8.97,amroli
Surat,Gujarat,Surat,Amroli,Penthouse,residential,2632.5,,,-23.1,https://www.squareyards.com/property-rates/amroli-surat,2026-06-25T12:57:25.140609+00:00,locality_synthetic,1800,3,3,47.38,amroli
Surat,Gujarat,Surat,Amroli,Penthouse,residential,2632.5,,,-23.1,https://www.squareyards.com/property-rates/amroli-surat,2026-06-25T12:57:25.140609+00:00,locality_synthetic,2500,4,4,65.81,amroli
Surat,Gujarat,Surat,Amroli,Penthouse,residential,2632.5,,,-23.1,https://www.squareyards.com/property-rates/amroli-surat,2026-06-25T12:57:25.140609+00:00,locality_synthetic,3200,5,5,84.24,amroli
Surat,Gujarat,Surat,Amroli,Villa,residential,1950.0,,,-23.1,https://www.squareyards.com/property-rates/amroli-surat,2026-06-25T12:57:25.140609+00:00,locality_synthetic,1500,2,2,29.25,amroli
Surat,Gujarat,Surat,Amroli,Villa,residential,1950.0,,,-23.1,https://www.squareyards.com/property-rates/amroli-surat,2026-06-25T12:57:25.140609+00:00,locality_synthetic,2200,3,3,42.9,amroli
Surat,Gujarat,Surat,Amroli,Villa,residential,1950.0,,,-23.1,https://www.squareyards.com/property-rates/amroli-surat,2026-06-25T12:57:25.140609+00:00,locality_synthetic,3000,4,4,58.5,amroli
Surat,Gujarat,Surat,Amroli,Villa,residential,1950.0,,,-23.1,https://www.squareyards.com/property-rates/amroli-surat,2026-06-25T12:57:25.140609+00:00,locality_synthetic,4500,5,5,87.75,amroli
Surat,Gujarat,Surat,Amroli,Bungalow,residential,2106.0,,,-23.1,https://www.squareyards.com/property-rates/amroli-surat,2026-06-25T12:57:25.140609+00:00,locality_synthetic,2500,3,3,52.65,amroli
Surat,Gujarat,Surat,Amroli,Bungalow,residential,2106.0,,,-23.1,https://www.squareyards.com/property-rates/amroli-surat,2026-06-25T12:57:25.140609+00:00,locality_synthetic,3500,4,4,73.71,amroli
Surat,Gujarat,Surat,Amroli,Bungalow,residential,2106.0,,,-23.1,https://www.squareyards.com/property-rates/amroli-surat,2026-06-25T12:57:25.140609+00:00,locality_synthetic,5000,5,5,105.3,amroli
Surat,Gujarat,Surat,Amroli,Bungalow,residential,2106.0,,,-23.1,https://www.squareyards.com/property-rates/amroli-surat,2026-06-25T12:57:25.140609+00:00,locality_synthetic,6500,6,6,136.89,amroli
Surat,Gujarat,Surat,Amroli,House,residential,1911.0,,,-23.1,https://www.squareyards.com/property-rates/amroli-surat,2026-06-25T12:57:25.140609+00:00,locality_synthetic,1200,2,2,22.93,amroli
Surat,Gujarat,Surat,Amroli,House,residential,1911.0,,,-23.1,https://www.squareyards.com/property-rates/amroli-surat,2026-06-25T12:57:25.140609+00:00,locality_synthetic,1800,3,3,34.4,amroli
Surat,Gujarat,Surat,Amroli,House,residential,1911.0,,,-23.1,https://www.squareyards.com/property-rates/amroli-surat,2026-06-25T12:57:25.140609+00:00,locality_synthetic,2400,4,4,45.86,amroli
Surat,Gujarat,Surat,Amroli,House,residential,1911.0,,,-23.1,https://www.squareyards.com/property-rates/amroli-surat,2026-06-25T12:57:25.140609+00:00,locality_synthetic,3200,5,5,61.15,amroli
Surat,Gujarat,Surat,Amroli,Plot,residential,1072.5,,,-23.1,https://www.squareyards.com/property-rates/amroli-surat,2026-06-25T12:57:25.140609+00:00,locality_synthetic,1000,0,0,10.72,amroli
Surat,Gujarat,Surat,Amroli,Plot,residential,1072.5,,,-23.1,https://www.squareyards.com/property-rates/amroli-surat,2026-06-25T12:57:25.140609+00:00,locality_synthetic,1500,0,0,16.09,amroli
Surat,Gujarat,Surat,Amroli,Plot,residential,1072.5,,,-23.1,https://www.squareyards.com/property-rates/amroli-surat,2026-06-25T12:57:25.140609+00:00,locality_synthetic,2400,0,0,25.74,amroli
Surat,Gujarat,Surat,Amroli,Plot,residential,1072.5,,,-23.1,https://www.squareyards.com/property-rates/amroli-surat,2026-06-25T12:57:25.140609+00:00,locality_synthetic,4000,0,0,42.9,amroli
Surat,Gujarat,Surat,Amroli,Shop,commercial,1950.0,,,-23.1,https://www.squareyards.com/property-rates/amroli-surat,2026-06-25T12:57:25.140609+00:00,locality_synthetic,200,0,0,3.9,amroli
Surat,Gujarat,Surat,Amroli,Shop,commercial,1950.0,,,-23.1,https://www.squareyards.com/property-rates/amroli-surat,2026-06-25T12:57:25.140609+00:00,locality_synthetic,400,0,0,7.8,amroli
Surat,Gujarat,Surat,Amroli,Shop,commercial,1950.0,,,-23.1,https://www.squareyards.com/property-rates/amroli-surat,2026-06-25T12:57:25.140609+00:00,locality_synthetic,800,0,0,15.6,amroli
Surat,Gujarat,Surat,Amroli,Shop,commercial,1950.0,,,-23.1,https://www.squareyards.com/property-rates/amroli-surat,2026-06-25T12:57:25.140609+00:00,locality_synthetic,1200,0,0,23.4,amroli
Surat,Gujarat,Surat,Amroli,Showroom,commercial,2184.0,,,-23.1,https://www.squareyards.com/property-rates/amroli-surat,2026-06-25T12:57:25.140609+00:00,locality_synthetic,600,0,0,13.1,amroli
Surat,Gujarat,Surat,Amroli,Showroom,commercial,2184.0,,,-23.1,https://www.squareyards.com/property-rates/amroli-surat,2026-06-25T12:57:25.140609+00:00,locality_synthetic,1200,0,0,26.21,amroli
Surat,Gujarat,Surat,Amroli,Showroom,commercial,2184.0,,,-23.1,https://www.squareyards.com/property-rates/amroli-surat,2026-06-25T12:57:25.140609+00:00,locality_synthetic,2500,0,0,54.6,amroli
Surat,Gujarat,Surat,Amroli,Showroom,commercial,2184.0,,,-23.1,https://www.squareyards.com/property-rates/amroli-surat,2026-06-25T12:57:25.140609+00:00,locality_synthetic,4000,0,0,87.36,amroli
Surat,Gujarat,Surat,Amroli,Office,commercial,1950.0,,,-23.1,https://www.squareyards.com/property-rates/amroli-surat,2026-06-25T12:57:25.140609+00:00,locality_synthetic,500,0,0,9.75,amroli
Surat,Gujarat,Surat,Amroli,Office,commercial,1950.0,,,-23.1,https://www.squareyards.com/property-rates/amroli-surat,2026-06-25T12:57:25.140609+00:00,locality_synthetic,1000,0,0,19.5,amroli
Surat,Gujarat,Surat,Amroli,Office,commercial,1950.0,,,-23.1,https://www.squareyards.com/property-rates/amroli-surat,2026-06-25T12:57:25.140609+00:00,locality_synthetic,2000,0,0,39.0,amroli
Surat,Gujarat,Surat,Amroli,Office,commercial,1950.0,,,-23.1,https://www.squareyards.com/property-rates/amroli-surat,2026-06-25T12:57:25.140609+00:00,locality_synthetic,5000,0,0,97.5,amroli
Surat,Gujarat,Surat,Amroli,Commercial,commercial,2047.5,,,-23.1,https://www.squareyards.com/property-rates/amroli-surat,2026-06-25T12:57:25.140609+00:00,locality_synthetic,500,0,0,10.24,amroli
Surat,Gujarat,Surat,Amroli,Commercial,commercial,2047.5,,,-23.1,https://www.squareyards.com/property-rates/amroli-surat,2026-06-25T12:57:25.140609+00:00,locality_synthetic,1000,0,0,20.48,amroli
Surat,Gujarat,Surat,Amroli,Commercial,commercial,2047.5,,,-23.1,https://www.squareyards.com/property-rates/amroli-surat,2026-06-25T12:57:25.140609+00:00,locality_synthetic,2000,0,0,40.95,amroli
Surat,Gujarat,Surat,Amroli,Commercial,commercial,2047.5,,,-23.1,https://www.squareyards.com/property-rates/amroli-surat,2026-06-25T12:57:25.140609+00:00,locality_synthetic,3500,0,0,71.66,amroli
Surat,Gujarat,Surat,Amroli,Warehouse,commercial,1404.0,,,-23.1,https://www.squareyards.com/property-rates/amroli-surat,2026-06-25T12:57:25.140609+00:00,locality_synthetic,1500,0,0,21.06,amroli
Surat,Gujarat,Surat,Amroli,Warehouse,commercial,1404.0,,,-23.1,https://www.squareyards.com/property-rates/amroli-surat,2026-06-25T12:57:25.140609+00:00,locality_synthetic,3000,0,0,42.12,amroli
Surat,Gujarat,Surat,Amroli,Warehouse,commercial,1404.0,,,-23.1,https://www.squareyards.com/property-rates/amroli-surat,2026-06-25T12:57:25.140609+00:00,locality_synthetic,5000,0,0,70.2,amroli
Surat,Gujarat,Surat,Amroli,Warehouse,commercial,1404.0,,,-23.1,https://www.squareyards.com/property-rates/amroli-surat,2026-06-25T12:57:25.140609+00:00,locality_synthetic,10000,0,0,140.4,amroli
Surat,Gujarat,Surat,Amroli,Retail,commercial,1950.0,,,-23.1,https://www.squareyards.com/property-rates/amroli-surat,2026-06-25T12:57:25.140609+00:00,locality_synthetic,300,0,0,5.85,amroli
Surat,Gujarat,Surat,Amroli,Retail,commercial,1950.0,,,-23.1,https://www.squareyards.com/property-rates/amroli-surat,2026-06-25T12:57:25.140609+00:00,locality_synthetic,600,0,0,11.7,amroli
Surat,Gujarat,Surat,Amroli,Retail,commercial,1950.0,,,-23.1,https://www.squareyards.com/property-rates/amroli-surat,2026-06-25T12:57:25.140609+00:00,locality_synthetic,1000,0,0,19.5,amroli
Surat,Gujarat,Surat,Amroli,Retail,commercial,1950.0,,,-23.1,https://www.squareyards.com/property-rates/amroli-surat,2026-06-25T12:57:25.140609+00:00,locality_synthetic,1800,0,0,35.1,amroli
Surat,Gujarat,Surat,Bharthana,Apartment,residential,4800.0,,,,https://www.squareyards.com/property-rates/bharthana-surat,2026-06-25T12:57:25.140609+00:00,locality_synthetic,550,1,1,26.4,bharthana
Surat,Gujarat,Surat,Bharthana,Apartment,residential,4800.0,,,,https://www.squareyards.com/property-rates/bharthana-surat,2026-06-25T12:57:25.140609+00:00,locality_synthetic,1050,2,2,50.4,bharthana
Surat,Gujarat,Surat,Bharthana,Apartment,residential,4800.0,,,,https://www.squareyards.com/property-rates/bharthana-surat,2026-06-25T12:57:25.140609+00:00,locality_synthetic,1450,3,3,69.6,bharthana
Surat,Gujarat,Surat,Bharthana,Apartment,residential,4800.0,,,,https://www.squareyards.com/property-rates/bharthana-surat,2026-06-25T12:57:25.140609+00:00,locality_synthetic,2000,4,4,96.0,bharthana
Surat,Gujarat,Surat,Bharthana,Flat,residential,4800.0,,,,https://www.squareyards.com/property-rates/bharthana-surat,2026-06-25T12:57:25.140609+00:00,locality_synthetic,550,1,1,26.4,bharthana
Surat,Gujarat,Surat,Bharthana,Flat,residential,4800.0,,,,https://www.squareyards.com/property-rates/bharthana-surat,2026-06-25T12:57:25.140609+00:00,locality_synthetic,1050,2,2,50.4,bharthana
Surat,Gujarat,Surat,Bharthana,Flat,residential,4800.0,,,,https://www.squareyards.com/property-rates/bharthana-surat,2026-06-25T12:57:25.140609+00:00,locality_synthetic,1450,3,3,69.6,bharthana
Surat,Gujarat,Surat,Bharthana,Flat,residential,4800.0,,,,https://www.squareyards.com/property-rates/bharthana-surat,2026-06-25T12:57:25.140609+00:00,locality_synthetic,2000,4,4,96.0,bharthana
Surat,Gujarat,Surat,Bharthana,Studio,residential,4416.0,,,,https://www.squareyards.com/property-rates/bharthana-surat,2026-06-25T12:57:25.140609+00:00,locality_synthetic,400,1,1,17.66,bharthana
Surat,Gujarat,Surat,Bharthana,Studio,residential,4416.0,,,,https://www.squareyards.com/property-rates/bharthana-surat,2026-06-25T12:57:25.140609+00:00,locality_synthetic,500,1,1,22.08,bharthana
Surat,Gujarat,Surat,Bharthana,Penthouse,residential,6480.0,,,,https://www.squareyards.com/property-rates/bharthana-surat,2026-06-25T12:57:25.140609+00:00,locality_synthetic,1800,3,3,116.64,bharthana
Surat,Gujarat,Surat,Bharthana,Penthouse,residential,6480.0,,,,https://www.squareyards.com/property-rates/bharthana-surat,2026-06-25T12:57:25.140609+00:00,locality_synthetic,2500,4,4,162.0,bharthana
Surat,Gujarat,Surat,Bharthana,Penthouse,residential,6480.0,,,,https://www.squareyards.com/property-rates/bharthana-surat,2026-06-25T12:57:25.140609+00:00,locality_synthetic,3200,5,5,207.36,bharthana
Surat,Gujarat,Surat,Bharthana,Villa,residential,6800.0,,,,https://www.squareyards.com/property-rates/bharthana-surat,2026-06-25T12:57:25.140609+00:00,locality_synthetic,1500,2,2,102.0,bharthana
Surat,Gujarat,Surat,Bharthana,Villa,residential,6800.0,,,,https://www.squareyards.com/property-rates/bharthana-surat,2026-06-25T12:57:25.140609+00:00,locality_synthetic,2200,3,3,149.6,bharthana
Surat,Gujarat,Surat,Bharthana,Villa,residential,6800.0,,,,https://www.squareyards.com/property-rates/bharthana-surat,2026-06-25T12:57:25.140609+00:00,locality_synthetic,3000,4,4,204.0,bharthana
Surat,Gujarat,Surat,Bharthana,Villa,residential,6800.0,,,,https://www.squareyards.com/property-rates/bharthana-surat,2026-06-25T12:57:25.140609+00:00,locality_synthetic,4500,5,5,306.0,bharthana
Surat,Gujarat,Surat,Bharthana,Bungalow,residential,7344.0,,,,https://www.squareyards.com/property-rates/bharthana-surat,2026-06-25T12:57:25.140609+00:00,locality_synthetic,2500,3,3,183.6,bharthana
Surat,Gujarat,Surat,Bharthana,Bungalow,residential,7344.0,,,,https://www.squareyards.com/property-rates/bharthana-surat,2026-06-25T12:57:25.140609+00:00,locality_synthetic,3500,4,4,257.04,bharthana
Surat,Gujarat,Surat,Bharthana,Bungalow,residential,7344.0,,,,https://www.squareyards.com/property-rates/bharthana-surat,2026-06-25T12:57:25.140609+00:00,locality_synthetic,5000,5,5,367.2,bharthana
Surat,Gujarat,Surat,Bharthana,Bungalow,residential,7344.0,,,,https://www.squareyards.com/property-rates/bharthana-surat,2026-06-25T12:57:25.140609+00:00,locality_synthetic,6500,6,6,477.36,bharthana
Surat,Gujarat,Surat,Bharthana,House,residential,6664.0,,,,https://www.squareyards.com/property-rates/bharthana-surat,2026-06-25T12:57:25.140609+00:00,locality_synthetic,1200,2,2,79.97,bharthana
Surat,Gujarat,Surat,Bharthana,House,residential,6664.0,,,,https://www.squareyards.com/property-rates/bharthana-surat,2026-06-25T12:57:25.140609+00:00,locality_synthetic,1800,3,3,119.95,bharthana
Surat,Gujarat,Surat,Bharthana,House,residential,6664.0,,,,https://www.squareyards.com/property-rates/bharthana-surat,2026-06-25T12:57:25.140609+00:00,locality_synthetic,2400,4,4,159.94,bharthana
Surat,Gujarat,Surat,Bharthana,House,residential,6664.0,,,,https://www.squareyards.com/property-rates/bharthana-surat,2026-06-25T12:57:25.140609+00:00,locality_synthetic,3200,5,5,213.25,bharthana
Surat,Gujarat,Surat,Bharthana,Plot,residential,2640.0,,,,https://www.squareyards.com/property-rates/bharthana-surat,2026-06-25T12:57:25.140609+00:00,locality_synthetic,1000,0,0,26.4,bharthana
Surat,Gujarat,Surat,Bharthana,Plot,residential,2640.0,,,,https://www.squareyards.com/property-rates/bharthana-surat,2026-06-25T12:57:25.140609+00:00,locality_synthetic,1500,0,0,39.6,bharthana
Surat,Gujarat,Surat,Bharthana,Plot,residential,2640.0,,,,https://www.squareyards.com/property-rates/bharthana-surat,2026-06-25T12:57:25.140609+00:00,locality_synthetic,2400,0,0,63.36,bharthana
Surat,Gujarat,Surat,Bharthana,Plot,residential,2640.0,,,,https://www.squareyards.com/property-rates/bharthana-surat,2026-06-25T12:57:25.140609+00:00,locality_synthetic,4000,0,0,105.6,bharthana
Surat,Gujarat,Surat,Bharthana,Shop,commercial,6800.0,,,,https://www.squareyards.com/property-rates/bharthana-surat,2026-06-25T12:57:25.140609+00:00,locality_synthetic,200,0,0,13.6,bharthana
Surat,Gujarat,Surat,Bharthana,Shop,commercial,6800.0,,,,https://www.squareyards.com/property-rates/bharthana-surat,2026-06-25T12:57:25.140609+00:00,locality_synthetic,400,0,0,27.2,bharthana
Surat,Gujarat,Surat,Bharthana,Shop,commercial,6800.0,,,,https://www.squareyards.com/property-rates/bharthana-surat,2026-06-25T12:57:25.140609+00:00,locality_synthetic,800,0,0,54.4,bharthana
Surat,Gujarat,Surat,Bharthana,Shop,commercial,6800.0,,,,https://www.squareyards.com/property-rates/bharthana-surat,2026-06-25T12:57:25.140609+00:00,locality_synthetic,1200,0,0,81.6,bharthana
Surat,Gujarat,Surat,Bharthana,Showroom,commercial,7616.0,,,,https://www.squareyards.com/property-rates/bharthana-surat,2026-06-25T12:57:25.140609+00:00,locality_synthetic,600,0,0,45.7,bharthana
Surat,Gujarat,Surat,Bharthana,Showroom,commercial,7616.0,,,,https://www.squareyards.com/property-rates/bharthana-surat,2026-06-25T12:57:25.140609+00:00,locality_synthetic,1200,0,0,91.39,bharthana
Surat,Gujarat,Surat,Bharthana,Showroom,commercial,7616.0,,,,https://www.squareyards.com/property-rates/bharthana-surat,2026-06-25T12:57:25.140609+00:00,locality_synthetic,2500,0,0,190.4,bharthana
Surat,Gujarat,Surat,Bharthana,Showroom,commercial,7616.0,,,,https://www.squareyards.com/property-rates/bharthana-surat,2026-06-25T12:57:25.140609+00:00,locality_synthetic,4000,0,0,304.64,bharthana
Surat,Gujarat,Surat,Bharthana,Office,commercial,6800.0,,,,https://www.squareyards.com/property-rates/bharthana-surat,2026-06-25T12:57:25.140609+00:00,locality_synthetic,500,0,0,34.0,bharthana
Surat,Gujarat,Surat,Bharthana,Office,commercial,6800.0,,,,https://www.squareyards.com/property-rates/bharthana-surat,2026-06-25T12:57:25.140609+00:00,locality_synthetic,1000,0,0,68.0,bharthana
Surat,Gujarat,Surat,Bharthana,Office,commercial,6800.0,,,,https://www.squareyards.com/property-rates/bharthana-surat,2026-06-25T12:57:25.140609+00:00,locality_synthetic,2000,0,0,136.0,bharthana
Surat,Gujarat,Surat,Bharthana,Office,commercial,6800.0,,,,https://www.squareyards.com/property-rates/bharthana-surat,2026-06-25T12:57:25.140609+00:00,locality_synthetic,5000,0,0,340.0,bharthana
Surat,Gujarat,Surat,Bharthana,Commercial,commercial,7140.0,,,,https://www.squareyards.com/property-rates/bharthana-surat,2026-06-25T12:57:25.140609+00:00,locality_synthetic,500,0,0,35.7,bharthana
Surat,Gujarat,Surat,Bharthana,Commercial,commercial,7140.0,,,,https://www.squareyards.com/property-rates/bharthana-surat,2026-06-25T12:57:25.140609+00:00,locality_synthetic,1000,0,0,71.4,bharthana
Surat,Gujarat,Surat,Bharthana,Commercial,commercial,7140.0,,,,https://www.squareyards.com/property-rates/bharthana-surat,2026-06-25T12:57:25.140609+00:00,locality_synthetic,2000,0,0,142.8,bharthana
Surat,Gujarat,Surat,Bharthana,Commercial,commercial,7140.0,,,,https://www.squareyards.com/property-rates/bharthana-surat,2026-06-25T12:57:25.140609+00:00,locality_synthetic,3500,0,0,249.9,bharthana
Surat,Gujarat,Surat,Bharthana,Warehouse,commercial,4896.0,,,,https://www.squareyards.com/property-rates/bharthana-surat,2026-06-25T12:57:25.140609+00:00,locality_synthetic,1500,0,0,73.44,bharthana
Surat,Gujarat,Surat,Bharthana,Warehouse,commercial,4896.0,,,,https://www.squareyards.com/property-rates/bharthana-surat,2026-06-25T12:57:25.140609+00:00,locality_synthetic,3000,0,0,146.88,bharthana
Surat,Gujarat,Surat,Bharthana,Warehouse,commercial,4896.0,,,,https://www.squareyards.com/property-rates/bharthana-surat,2026-06-25T12:57:25.140609+00:00,locality_synthetic,5000,0,0,244.8,bharthana
Surat,Gujarat,Surat,Bharthana,Warehouse,commercial,4896.0,,,,https://www.squareyards.com/property-rates/bharthana-surat,2026-06-25T12:57:25.140609+00:00,locality_synthetic,10000,0,0,489.6,bharthana
Surat,Gujarat,Surat,Bharthana,Retail,commercial,6800.0,,,,https://www.squareyards.com/property-rates/bharthana-surat,2026-06-25T12:57:25.140609+00:00,locality_synthetic,300,0,0,20.4,bharthana
Surat,Gujarat,Surat,Bharthana,Retail,commercial,6800.0,,,,https://www.squareyards.com/property-rates/bharthana-surat,2026-06-25T12:57:25.140609+00:00,locality_synthetic,600,0,0,40.8,bharthana
Surat,Gujarat,Surat,Bharthana,Retail,commercial,6800.0,,,,https://www.squareyards.com/property-rates/bharthana-surat,2026-06-25T12:57:25.140609+00:00,locality_synthetic,1000,0,0,68.0,bharthana
Surat,Gujarat,Surat,Bharthana,Retail,commercial,6800.0,,,,https://www.squareyards.com/property-rates/bharthana-surat,2026-06-25T12:57:25.140609+00:00,locality_synthetic,1800,0,0,122.4,bharthana
Surat,Gujarat,Surat,Bhestan,Apartment,residential,2750.0,,,,https://www.squareyards.com/property-rates/bhestan-surat,2026-06-25T12:57:25.140609+00:00,locality_synthetic,550,1,1,15.12,bhestan
Surat,Gujarat,Surat,Bhestan,Apartment,residential,2750.0,,,,https://www.squareyards.com/property-rates/bhestan-surat,2026-06-25T12:57:25.140609+00:00,locality_synthetic,1050,2,2,28.88,bhestan
Surat,Gujarat,Surat,Bhestan,Apartment,residential,2750.0,,,,https://www.squareyards.com/property-rates/bhestan-surat,2026-06-25T12:57:25.140609+00:00,locality_synthetic,1450,3,3,39.88,bhestan
Surat,Gujarat,Surat,Bhestan,Apartment,residential,2750.0,,,,https://www.squareyards.com/property-rates/bhestan-surat,2026-06-25T12:57:25.140609+00:00,locality_synthetic,2000,4,4,55.0,bhestan
Surat,Gujarat,Surat,Bhestan,Flat,residential,2750.0,,,,https://www.squareyards.com/property-rates/bhestan-surat,2026-06-25T12:57:25.140609+00:00,locality_synthetic,550,1,1,15.12,bhestan
Surat,Gujarat,Surat,Bhestan,Flat,residential,2750.0,,,,https://www.squareyards.com/property-rates/bhestan-surat,2026-06-25T12:57:25.140609+00:00,locality_synthetic,1050,2,2,28.88,bhestan
Surat,Gujarat,Surat,Bhestan,Flat,residential,2750.0,,,,https://www.squareyards.com/property-rates/bhestan-surat,2026-06-25T12:57:25.140609+00:00,locality_synthetic,1450,3,3,39.88,bhestan
Surat,Gujarat,Surat,Bhestan,Flat,residential,2750.0,,,,https://www.squareyards.com/property-rates/bhestan-surat,2026-06-25T12:57:25.140609+00:00,locality_synthetic,2000,4,4,55.0,bhestan
Surat,Gujarat,Surat,Bhestan,Studio,residential,2530.0,,,,https://www.squareyards.com/property-rates/bhestan-surat,2026-06-25T12:57:25.140609+00:00,locality_synthetic,400,1,1,10.12,bhestan
Surat,Gujarat,Surat,Bhestan,Studio,residential,2530.0,,,,https://www.squareyards.com/property-rates/bhestan-surat,2026-06-25T12:57:25.140609+00:00,locality_synthetic,500,1,1,12.65,bhestan
Surat,Gujarat,Surat,Bhestan,Penthouse,residential,3712.5,,,,https://www.squareyards.com/property-rates/bhestan-surat,2026-06-25T12:57:25.140609+00:00,locality_synthetic,1800,3,3,66.83,bhestan
Surat,Gujarat,Surat,Bhestan,Penthouse,residential,3712.5,,,,https://www.squareyards.com/property-rates/bhestan-surat,2026-06-25T12:57:25.140609+00:00,locality_synthetic,2500,4,4,92.81,bhestan
Surat,Gujarat,Surat,Bhestan,Penthouse,residential,3712.5,,,,https://www.squareyards.com/property-rates/bhestan-surat,2026-06-25T12:57:25.140609+00:00,locality_synthetic,3200,5,5,118.8,bhestan
Surat,Gujarat,Surat,Bhestan,Villa,residential,2750.0,,,,https://www.squareyards.com/property-rates/bhestan-surat,2026-06-25T12:57:25.140609+00:00,locality_synthetic,1500,2,2,41.25,bhestan
Surat,Gujarat,Surat,Bhestan,Villa,residential,2750.0,,,,https://www.squareyards.com/property-rates/bhestan-surat,2026-06-25T12:57:25.140609+00:00,locality_synthetic,2200,3,3,60.5,bhestan
Surat,Gujarat,Surat,Bhestan,Villa,residential,2750.0,,,,https://www.squareyards.com/property-rates/bhestan-surat,2026-06-25T12:57:25.140609+00:00,locality_synthetic,3000,4,4,82.5,bhestan
Surat,Gujarat,Surat,Bhestan,Villa,residential,2750.0,,,,https://www.squareyards.com/property-rates/bhestan-surat,2026-06-25T12:57:25.140609+00:00,locality_synthetic,4500,5,5,123.75,bhestan
Surat,Gujarat,Surat,Bhestan,Bungalow,residential,2970.0,,,,https://www.squareyards.com/property-rates/bhestan-surat,2026-06-25T12:57:25.140609+00:00,locality_synthetic,2500,3,3,74.25,bhestan
Surat,Gujarat,Surat,Bhestan,Bungalow,residential,2970.0,,,,https://www.squareyards.com/property-rates/bhestan-surat,2026-06-25T12:57:25.140609+00:00,locality_synthetic,3500,4,4,103.95,bhestan
Surat,Gujarat,Surat,Bhestan,Bungalow,residential,2970.0,,,,https://www.squareyards.com/property-rates/bhestan-surat,2026-06-25T12:57:25.140609+00:00,locality_synthetic,5000,5,5,148.5,bhestan
Surat,Gujarat,Surat,Bhestan,Bungalow,residential,2970.0,,,,https://www.squareyards.com/property-rates/bhestan-surat,2026-06-25T12:57:25.140609+00:00,locality_synthetic,6500,6,6,193.05,bhestan
Surat,Gujarat,Surat,Bhestan,House,residential,2695.0,,,,https://www.squareyards.com/property-rates/bhestan-surat,2026-06-25T12:57:25.140609+00:00,locality_synthetic,1200,2,2,32.34,bhestan
Surat,Gujarat,Surat,Bhestan,House,residential,2695.0,,,,https://www.squareyards.com/property-rates/bhestan-surat,2026-06-25T12:57:25.140609+00:00,locality_synthetic,1800,3,3,48.51,bhestan
Surat,Gujarat,Surat,Bhestan,House,residential,2695.0,,,,https://www.squareyards.com/property-rates/bhestan-surat,2026-06-25T12:57:25.140609+00:00,locality_synthetic,2400,4,4,64.68,bhestan
Surat,Gujarat,Surat,Bhestan,House,residential,2695.0,,,,https://www.squareyards.com/property-rates/bhestan-surat,2026-06-25T12:57:25.140609+00:00,locality_synthetic,3200,5,5,86.24,bhestan
Surat,Gujarat,Surat,Bhestan,Plot,residential,1512.5,,,,https://www.squareyards.com/property-rates/bhestan-surat,2026-06-25T12:57:25.140609+00:00,locality_synthetic,1000,0,0,15.12,bhestan
Surat,Gujarat,Surat,Bhestan,Plot,residential,1512.5,,,,https://www.squareyards.com/property-rates/bhestan-surat,2026-06-25T12:57:25.140609+00:00,locality_synthetic,1500,0,0,22.69,bhestan
Surat,Gujarat,Surat,Bhestan,Plot,residential,1512.5,,,,https://www.squareyards.com/property-rates/bhestan-surat,2026-06-25T12:57:25.140609+00:00,locality_synthetic,2400,0,0,36.3,bhestan
Surat,Gujarat,Surat,Bhestan,Plot,residential,1512.5,,,,https://www.squareyards.com/property-rates/bhestan-surat,2026-06-25T12:57:25.140609+00:00,locality_synthetic,4000,0,0,60.5,bhestan
Surat,Gujarat,Surat,Bhestan,Shop,commercial,2750.0,,,,https://www.squareyards.com/property-rates/bhestan-surat,2026-06-25T12:57:25.140609+00:00,locality_synthetic,200,0,0,5.5,bhestan
Surat,Gujarat,Surat,Bhestan,Shop,commercial,2750.0,,,,https://www.squareyards.com/property-rates/bhestan-surat,2026-06-25T12:57:25.140609+00:00,locality_synthetic,400,0,0,11.0,bhestan
Surat,Gujarat,Surat,Bhestan,Shop,commercial,2750.0,,,,https://www.squareyards.com/property-rates/bhestan-surat,2026-06-25T12:57:25.140609+00:00,locality_synthetic,800,0,0,22.0,bhestan
Surat,Gujarat,Surat,Bhestan,Shop,commercial,2750.0,,,,https://www.squareyards.com/property-rates/bhestan-surat,2026-06-25T12:57:25.140609+00:00,locality_synthetic,1200,0,0,33.0,bhestan
Surat,Gujarat,Surat,Bhestan,Showroom,commercial,3080.0,,,,https://www.squareyards.com/property-rates/bhestan-surat,2026-06-25T12:57:25.140609+00:00,locality_synthetic,600,0,0,18.48,bhestan
Surat,Gujarat,Surat,Bhestan,Showroom,commercial,3080.0,,,,https://www.squareyards.com/property-rates/bhestan-surat,2026-06-25T12:57:25.140609+00:00,locality_synthetic,1200,0,0,36.96,bhestan
Surat,Gujarat,Surat,Bhestan,Showroom,commercial,3080.0,,,,https://www.squareyards.com/property-rates/bhestan-surat,2026-06-25T12:57:25.140609+00:00,locality_synthetic,2500,0,0,77.0,bhestan
Surat,Gujarat,Surat,Bhestan,Showroom,commercial,3080.0,,,,https://www.squareyards.com/property-rates/bhestan-surat,2026-06-25T12:57:25.140609+00:00,locality_synthetic,4000,0,0,123.2,bhestan
Surat,Gujarat,Surat,Bhestan,Office,commercial,2750.0,,,,https://www.squareyards.com/property-rates/bhestan-surat,2026-06-25T12:57:25.140609+00:00,locality_synthetic,500,0,0,13.75,bhestan
Surat,Gujarat,Surat,Bhestan,Office,commercial,2750.0,,,,https://www.squareyards.com/property-rates/bhestan-surat,2026-06-25T12:57:25.140609+00:00,locality_synthetic,1000,0,0,27.5,bhestan
Surat,Gujarat,Surat,Bhestan,Office,commercial,2750.0,,,,https://www.squareyards.com/property-rates/bhestan-surat,2026-06-25T12:57:25.140609+00:00,locality_synthetic,2000,0,0,55.0,bhestan
Surat,Gujarat,Surat,Bhestan,Office,commercial,2750.0,,,,https://www.squareyards.com/property-rates/bhestan-surat,2026-06-25T12:57:25.140609+00:00,locality_synthetic,5000,0,0,137.5,bhestan
Surat,Gujarat,Surat,Bhestan,Commercial,commercial,2887.5,,,,https://www.squareyards.com/property-rates/bhestan-surat,2026-06-25T12:57:25.140609+00:00,locality_synthetic,500,0,0,14.44,bhestan
Surat,Gujarat,Surat,Bhestan,Commercial,commercial,2887.5,,,,https://www.squareyards.com/property-rates/bhestan-surat,2026-06-25T12:57:25.140609+00:00,locality_synthetic,1000,0,0,28.88,bhestan
Surat,Gujarat,Surat,Bhestan,Commercial,commercial,2887.5,,,,https://www.squareyards.com/property-rates/bhestan-surat,2026-06-25T12:57:25.140609+00:00,locality_synthetic,2000,0,0,57.75,bhestan
Surat,Gujarat,Surat,Bhestan,Commercial,commercial,2887.5,,,,https://www.squareyards.com/property-rates/bhestan-surat,2026-06-25T12:57:25.140609+00:00,locality_synthetic,3500,0,0,101.06,bhestan
Surat,Gujarat,Surat,Bhestan,Warehouse,commercial,1980.0,,,,https://www.squareyards.com/property-rates/bhestan-surat,2026-06-25T12:57:25.140609+00:00,locality_synthetic,1500,0,0,29.7,bhestan
Surat,Gujarat,Surat,Bhestan,Warehouse,commercial,1980.0,,,,https://www.squareyards.com/property-rates/bhestan-surat,2026-06-25T12:57:25.140609+00:00,locality_synthetic,3000,0,0,59.4,bhestan
Surat,Gujarat,Surat,Bhestan,Warehouse,commercial,1980.0,,,,https://www.squareyards.com/property-rates/bhestan-surat,2026-06-25T12:57:25.140609+00:00,locality_synthetic,5000,0,0,99.0,bhestan
Surat,Gujarat,Surat,Bhestan,Warehouse,commercial,1980.0,,,,https://www.squareyards.com/property-rates/bhestan-surat,2026-06-25T12:57:25.140609+00:00,locality_synthetic,10000,0,0,198.0,bhestan
Surat,Gujarat,Surat,Bhestan,Retail,commercial,2750.0,,,,https://www.squareyards.com/property-rates/bhestan-surat,2026-06-25T12:57:25.140609+00:00,locality_synthetic,300,0,0,8.25,bhestan
Surat,Gujarat,Surat,Bhestan,Retail,commercial,2750.0,,,,https://www.squareyards.com/property-rates/bhestan-surat,2026-06-25T12:57:25.140609+00:00,locality_synthetic,600,0,0,16.5,bhestan
Surat,Gujarat,Surat,Bhestan,Retail,commercial,2750.0,,,,https://www.squareyards.com/property-rates/bhestan-surat,2026-06-25T12:57:25.140609+00:00,locality_synthetic,1000,0,0,27.5,bhestan
Surat,Gujarat,Surat,Bhestan,Retail,commercial,2750.0,,,,https://www.squareyards.com/property-rates/bhestan-surat,2026-06-25T12:57:25.140609+00:00,locality_synthetic,1800,0,0,49.5,bhestan
Surat,Gujarat,Surat,Bhimrad,Apartment,residential,4250.0,,,-3.08,https://www.squareyards.com/property-rates/bhimrad-surat,2026-06-25T12:57:25.140609+00:00,locality_synthetic,550,1,1,23.38,bhimrad
Surat,Gujarat,Surat,Bhimrad,Apartment,residential,4250.0,,,-3.08,https://www.squareyards.com/property-rates/bhimrad-surat,2026-06-25T12:57:25.140609+00:00,locality_synthetic,1050,2,2,44.62,bhimrad
Surat,Gujarat,Surat,Bhimrad,Apartment,residential,4250.0,,,-3.08,https://www.squareyards.com/property-rates/bhimrad-surat,2026-06-25T12:57:25.140609+00:00,locality_synthetic,1450,3,3,61.62,bhimrad
Surat,Gujarat,Surat,Bhimrad,Apartment,residential,4250.0,,,-3.08,https://www.squareyards.com/property-rates/bhimrad-surat,2026-06-25T12:57:25.140609+00:00,locality_synthetic,2000,4,4,85.0,bhimrad
Surat,Gujarat,Surat,Bhimrad,Flat,residential,4250.0,,,-3.08,https://www.squareyards.com/property-rates/bhimrad-surat,2026-06-25T12:57:25.140609+00:00,locality_synthetic,550,1,1,23.38,bhimrad
Surat,Gujarat,Surat,Bhimrad,Flat,residential,4250.0,,,-3.08,https://www.squareyards.com/property-rates/bhimrad-surat,2026-06-25T12:57:25.140609+00:00,locality_synthetic,1050,2,2,44.62,bhimrad
Surat,Gujarat,Surat,Bhimrad,Flat,residential,4250.0,,,-3.08,https://www.squareyards.com/property-rates/bhimrad-surat,2026-06-25T12:57:25.140609+00:00,locality_synthetic,1450,3,3,61.62,bhimrad
Surat,Gujarat,Surat,Bhimrad,Flat,residential,4250.0,,,-3.08,https://www.squareyards.com/property-rates/bhimrad-surat,2026-06-25T12:57:25.140609+00:00,locality_synthetic,2000,4,4,85.0,bhimrad
Surat,Gujarat,Surat,Bhimrad,Studio,residential,3910.0,,,-3.08,https://www.squareyards.com/property-rates/bhimrad-surat,2026-06-25T12:57:25.140609+00:00,locality_synthetic,400,1,1,15.64,bhimrad
Surat,Gujarat,Surat,Bhimrad,Studio,residential,3910.0,,,-3.08,https://www.squareyards.com/property-rates/bhimrad-surat,2026-06-25T12:57:25.140609+00:00,locality_synthetic,500,1,1,19.55,bhimrad
Surat,Gujarat,Surat,Bhimrad,Penthouse,residential,5737.5,,,-3.08,https://www.squareyards.com/property-rates/bhimrad-surat,2026-06-25T12:57:25.140609+00:00,locality_synthetic,1800,3,3,103.28,bhimrad
Surat,Gujarat,Surat,Bhimrad,Penthouse,residential,5737.5,,,-3.08,https://www.squareyards.com/property-rates/bhimrad-surat,2026-06-25T12:57:25.140609+00:00,locality_synthetic,2500,4,4,143.44,bhimrad
Surat,Gujarat,Surat,Bhimrad,Penthouse,residential,5737.5,,,-3.08,https://www.squareyards.com/property-rates/bhimrad-surat,2026-06-25T12:57:25.140609+00:00,locality_synthetic,3200,5,5,183.6,bhimrad
Surat,Gujarat,Surat,Bhimrad,Villa,residential,4600.0,,,-3.08,https://www.squareyards.com/property-rates/bhimrad-surat,2026-06-25T12:57:25.140609+00:00,locality_synthetic,1500,2,2,69.0,bhimrad
Surat,Gujarat,Surat,Bhimrad,Villa,residential,4600.0,,,-3.08,https://www.squareyards.com/property-rates/bhimrad-surat,2026-06-25T12:57:25.140609+00:00,locality_synthetic,2200,3,3,101.2,bhimrad
Surat,Gujarat,Surat,Bhimrad,Villa,residential,4600.0,,,-3.08,https://www.squareyards.com/property-rates/bhimrad-surat,2026-06-25T12:57:25.140609+00:00,locality_synthetic,3000,4,4,138.0,bhimrad
Surat,Gujarat,Surat,Bhimrad,Villa,residential,4600.0,,,-3.08,https://www.squareyards.com/property-rates/bhimrad-surat,2026-06-25T12:57:25.140609+00:00,locality_synthetic,4500,5,5,207.0,bhimrad
Surat,Gujarat,Surat,Bhimrad,Bungalow,residential,4968.0,,,-3.08,https://www.squareyards.com/property-rates/bhimrad-surat,2026-06-25T12:57:25.140609+00:00,locality_synthetic,2500,3,3,124.2,bhimrad
Surat,Gujarat,Surat,Bhimrad,Bungalow,residential,4968.0,,,-3.08,https://www.squareyards.com/property-rates/bhimrad-surat,2026-06-25T12:57:25.140609+00:00,locality_synthetic,3500,4,4,173.88,bhimrad
Surat,Gujarat,Surat,Bhimrad,Bungalow,residential,4968.0,,,-3.08,https://www.squareyards.com/property-rates/bhimrad-surat,2026-06-25T12:57:25.140609+00:00,locality_synthetic,5000,5,5,248.4,bhimrad
Surat,Gujarat,Surat,Bhimrad,Bungalow,residential,4968.0,,,-3.08,https://www.squareyards.com/property-rates/bhimrad-surat,2026-06-25T12:57:25.140609+00:00,locality_synthetic,6500,6,6,322.92,bhimrad
Surat,Gujarat,Surat,Bhimrad,House,residential,4508.0,,,-3.08,https://www.squareyards.com/property-rates/bhimrad-surat,2026-06-25T12:57:25.140609+00:00,locality_synthetic,1200,2,2,54.1,bhimrad
Surat,Gujarat,Surat,Bhimrad,House,residential,4508.0,,,-3.08,https://www.squareyards.com/property-rates/bhimrad-surat,2026-06-25T12:57:25.140609+00:00,locality_synthetic,1800,3,3,81.14,bhimrad
Surat,Gujarat,Surat,Bhimrad,House,residential,4508.0,,,-3.08,https://www.squareyards.com/property-rates/bhimrad-surat,2026-06-25T12:57:25.140609+00:00,locality_synthetic,2400,4,4,108.19,bhimrad
Surat,Gujarat,Surat,Bhimrad,House,residential,4508.0,,,-3.08,https://www.squareyards.com/property-rates/bhimrad-surat,2026-06-25T12:57:25.140609+00:00,locality_synthetic,3200,5,5,144.26,bhimrad
Surat,Gujarat,Surat,Bhimrad,Plot,residential,2337.5,,,-3.08,https://www.squareyards.com/property-rates/bhimrad-surat,2026-06-25T12:57:25.140609+00:00,locality_synthetic,1000,0,0,23.38,bhimrad
Surat,Gujarat,Surat,Bhimrad,Plot,residential,2337.5,,,-3.08,https://www.squareyards.com/property-rates/bhimrad-surat,2026-06-25T12:57:25.140609+00:00,locality_synthetic,1500,0,0,35.06,bhimrad
Surat,Gujarat,Surat,Bhimrad,Plot,residential,2337.5,,,-3.08,https://www.squareyards.com/property-rates/bhimrad-surat,2026-06-25T12:57:25.140609+00:00,locality_synthetic,2400,0,0,56.1,bhimrad
Surat,Gujarat,Surat,Bhimrad,Plot,residential,2337.5,,,-3.08,https://www.squareyards.com/property-rates/bhimrad-surat,2026-06-25T12:57:25.140609+00:00,locality_synthetic,4000,0,0,93.5,bhimrad
Surat,Gujarat,Surat,Bhimrad,Shop,commercial,4600.0,,,-3.08,https://www.squareyards.com/property-rates/bhimrad-surat,2026-06-25T12:57:25.140609+00:00,locality_synthetic,200,0,0,9.2,bhimrad
Surat,Gujarat,Surat,Bhimrad,Shop,commercial,4600.0,,,-3.08,https://www.squareyards.com/property-rates/bhimrad-surat,2026-06-25T12:57:25.140609+00:00,locality_synthetic,400,0,0,18.4,bhimrad
Surat,Gujarat,Surat,Bhimrad,Shop,commercial,4600.0,,,-3.08,https://www.squareyards.com/property-rates/bhimrad-surat,2026-06-25T12:57:25.140609+00:00,locality_synthetic,800,0,0,36.8,bhimrad
Surat,Gujarat,Surat,Bhimrad,Shop,commercial,4600.0,,,-3.08,https://www.squareyards.com/property-rates/bhimrad-surat,2026-06-25T12:57:25.140609+00:00,locality_synthetic,1200,0,0,55.2,bhimrad
Surat,Gujarat,Surat,Bhimrad,Showroom,commercial,5152.0,,,-3.08,https://www.squareyards.com/property-rates/bhimrad-surat,2026-06-25T12:57:25.140609+00:00,locality_synthetic,600,0,0,30.91,bhimrad
Surat,Gujarat,Surat,Bhimrad,Showroom,commercial,5152.0,,,-3.08,https://www.squareyards.com/property-rates/bhimrad-surat,2026-06-25T12:57:25.140609+00:00,locality_synthetic,1200,0,0,61.82,bhimrad
Surat,Gujarat,Surat,Bhimrad,Showroom,commercial,5152.0,,,-3.08,https://www.squareyards.com/property-rates/bhimrad-surat,2026-06-25T12:57:25.140609+00:00,locality_synthetic,2500,0,0,128.8,bhimrad
Surat,Gujarat,Surat,Bhimrad,Showroom,commercial,5152.0,,,-3.08,https://www.squareyards.com/property-rates/bhimrad-surat,2026-06-25T12:57:25.140609+00:00,locality_synthetic,4000,0,0,206.08,bhimrad
Surat,Gujarat,Surat,Bhimrad,Office,commercial,4600.0,,,-3.08,https://www.squareyards.com/property-rates/bhimrad-surat,2026-06-25T12:57:25.140609+00:00,locality_synthetic,500,0,0,23.0,bhimrad
Surat,Gujarat,Surat,Bhimrad,Office,commercial,4600.0,,,-3.08,https://www.squareyards.com/property-rates/bhimrad-surat,2026-06-25T12:57:25.140609+00:00,locality_synthetic,1000,0,0,46.0,bhimrad
Surat,Gujarat,Surat,Bhimrad,Office,commercial,4600.0,,,-3.08,https://www.squareyards.com/property-rates/bhimrad-surat,2026-06-25T12:57:25.140609+00:00,locality_synthetic,2000,0,0,92.0,bhimrad
Surat,Gujarat,Surat,Bhimrad,Office,commercial,4600.0,,,-3.08,https://www.squareyards.com/property-rates/bhimrad-surat,2026-06-25T12:57:25.140609+00:00,locality_synthetic,5000,0,0,230.0,bhimrad
Surat,Gujarat,Surat,Bhimrad,Commercial,commercial,4830.0,,,-3.08,https://www.squareyards.com/property-rates/bhimrad-surat,2026-06-25T12:57:25.140609+00:00,locality_synthetic,500,0,0,24.15,bhimrad
Surat,Gujarat,Surat,Bhimrad,Commercial,commercial,4830.0,,,-3.08,https://www.squareyards.com/property-rates/bhimrad-surat,2026-06-25T12:57:25.140609+00:00,locality_synthetic,1000,0,0,48.3,bhimrad
Surat,Gujarat,Surat,Bhimrad,Commercial,commercial,4830.0,,,-3.08,https://www.squareyards.com/property-rates/bhimrad-surat,2026-06-25T12:57:25.140609+00:00,locality_synthetic,2000,0,0,96.6,bhimrad
Surat,Gujarat,Surat,Bhimrad,Commercial,commercial,4830.0,,,-3.08,https://www.squareyards.com/property-rates/bhimrad-surat,2026-06-25T12:57:25.140609+00:00,locality_synthetic,3500,0,0,169.05,bhimrad
Surat,Gujarat,Surat,Bhimrad,Warehouse,commercial,3312.0,,,-3.08,https://www.squareyards.com/property-rates/bhimrad-surat,2026-06-25T12:57:25.140609+00:00,locality_synthetic,1500,0,0,49.68,bhimrad
Surat,Gujarat,Surat,Bhimrad,Warehouse,commercial,3312.0,,,-3.08,https://www.squareyards.com/property-rates/bhimrad-surat,2026-06-25T12:57:25.140609+00:00,locality_synthetic,3000,0,0,99.36,bhimrad
Surat,Gujarat,Surat,Bhimrad,Warehouse,commercial,3312.0,,,-3.08,https://www.squareyards.com/property-rates/bhimrad-surat,2026-06-25T12:57:25.140609+00:00,locality_synthetic,5000,0,0,165.6,bhimrad
Surat,Gujarat,Surat,Bhimrad,Warehouse,commercial,3312.0,,,-3.08,https://www.squareyards.com/property-rates/bhimrad-surat,2026-06-25T12:57:25.140609+00:00,locality_synthetic,10000,0,0,331.2,bhimrad
Surat,Gujarat,Surat,Bhimrad,Retail,commercial,4600.0,,,-3.08,https://www.squareyards.com/property-rates/bhimrad-surat,2026-06-25T12:57:25.140609+00:00,locality_synthetic,300,0,0,13.8,bhimrad
Surat,Gujarat,Surat,Bhimrad,Retail,commercial,4600.0,,,-3.08,https://www.squareyards.com/property-rates/bhimrad-surat,2026-06-25T12:57:25.140609+00:00,locality_synthetic,600,0,0,27.6,bhimrad
Surat,Gujarat,Surat,Bhimrad,Retail,commercial,4600.0,,,-3.08,https://www.squareyards.com/property-rates/bhimrad-surat,2026-06-25T12:57:25.140609+00:00,locality_synthetic,1000,0,0,46.0,bhimrad
Surat,Gujarat,Surat,Bhimrad,Retail,commercial,4600.0,,,-3.08,https://www.squareyards.com/property-rates/bhimrad-surat,2026-06-25T12:57:25.140609+00:00,locality_synthetic,1800,0,0,82.8,bhimrad
Surat,Gujarat,Surat,City Light,Apartment,residential,4150.0,,,,https://www.squareyards.com/property-rates/city-light-surat,2026-06-25T12:57:25.140609+00:00,locality_synthetic,550,1,1,22.82,city light
Surat,Gujarat,Surat,City Light,Apartment,residential,4150.0,,,,https://www.squareyards.com/property-rates/city-light-surat,2026-06-25T12:57:25.140609+00:00,locality_synthetic,1050,2,2,43.58,city light
Surat,Gujarat,Surat,City Light,Apartment,residential,4150.0,,,,https://www.squareyards.com/property-rates/city-light-surat,2026-06-25T12:57:25.140609+00:00,locality_synthetic,1450,3,3,60.17,city light
Surat,Gujarat,Surat,City Light,Apartment,residential,4150.0,,,,https://www.squareyards.com/property-rates/city-light-surat,2026-06-25T12:57:25.140609+00:00,locality_synthetic,2000,4,4,83.0,city light
Surat,Gujarat,Surat,City Light,Flat,residential,4150.0,,,,https://www.squareyards.com/property-rates/city-light-surat,2026-06-25T12:57:25.140609+00:00,locality_synthetic,550,1,1,22.82,city light
Surat,Gujarat,Surat,City Light,Flat,residential,4150.0,,,,https://www.squareyards.com/property-rates/city-light-surat,2026-06-25T12:57:25.140609+00:00,locality_synthetic,1050,2,2,43.58,city light
Surat,Gujarat,Surat,City Light,Flat,residential,4150.0,,,,https://www.squareyards.com/property-rates/city-light-surat,2026-06-25T12:57:25.140609+00:00,locality_synthetic,1450,3,3,60.17,city light
Surat,Gujarat,Surat,City Light,Flat,residential,4150.0,,,,https://www.squareyards.com/property-rates/city-light-surat,2026-06-25T12:57:25.140609+00:00,locality_synthetic,2000,4,4,83.0,city light
Surat,Gujarat,Surat,City Light,Studio,residential,3818.0,,,,https://www.squareyards.com/property-rates/city-light-surat,2026-06-25T12:57:25.140609+00:00,locality_synthetic,400,1,1,15.27,city light
Surat,Gujarat,Surat,City Light,Studio,residential,3818.0,,,,https://www.squareyards.com/property-rates/city-light-surat,2026-06-25T12:57:25.140609+00:00,locality_synthetic,500,1,1,19.09,city light
Surat,Gujarat,Surat,City Light,Penthouse,residential,5602.5,,,,https://www.squareyards.com/property-rates/city-light-surat,2026-06-25T12:57:25.140609+00:00,locality_synthetic,1800,3,3,100.84,city light
Surat,Gujarat,Surat,City Light,Penthouse,residential,5602.5,,,,https://www.squareyards.com/property-rates/city-light-surat,2026-06-25T12:57:25.140609+00:00,locality_synthetic,2500,4,4,140.06,city light
Surat,Gujarat,Surat,City Light,Penthouse,residential,5602.5,,,,https://www.squareyards.com/property-rates/city-light-surat,2026-06-25T12:57:25.140609+00:00,locality_synthetic,3200,5,5,179.28,city light
Surat,Gujarat,Surat,City Light,Villa,residential,5600.0,,,,https://www.squareyards.com/property-rates/city-light-surat,2026-06-25T12:57:25.140609+00:00,locality_synthetic,1500,2,2,84.0,city light
Surat,Gujarat,Surat,City Light,Villa,residential,5600.0,,,,https://www.squareyards.com/property-rates/city-light-surat,2026-06-25T12:57:25.140609+00:00,locality_synthetic,2200,3,3,123.2,city light
Surat,Gujarat,Surat,City Light,Villa,residential,5600.0,,,,https://www.squareyards.com/property-rates/city-light-surat,2026-06-25T12:57:25.140609+00:00,locality_synthetic,3000,4,4,168.0,city light
Surat,Gujarat,Surat,City Light,Villa,residential,5600.0,,,,https://www.squareyards.com/property-rates/city-light-surat,2026-06-25T12:57:25.140609+00:00,locality_synthetic,4500,5,5,252.0,city light
Surat,Gujarat,Surat,City Light,Bungalow,residential,6048.0,,,,https://www.squareyards.com/property-rates/city-light-surat,2026-06-25T12:57:25.140609+00:00,locality_synthetic,2500,3,3,151.2,city light
Surat,Gujarat,Surat,City Light,Bungalow,residential,6048.0,,,,https://www.squareyards.com/property-rates/city-light-surat,2026-06-25T12:57:25.140609+00:00,locality_synthetic,3500,4,4,211.68,city light
Surat,Gujarat,Surat,City Light,Bungalow,residential,6048.0,,,,https://www.squareyards.com/property-rates/city-light-surat,2026-06-25T12:57:25.140609+00:00,locality_synthetic,5000,5,5,302.4,city light
Surat,Gujarat,Surat,City Light,Bungalow,residential,6048.0,,,,https://www.squareyards.com/property-rates/city-light-surat,2026-06-25T12:57:25.140609+00:00,locality_synthetic,6500,6,6,393.12,city light
Surat,Gujarat,Surat,City Light,House,residential,5488.0,,,,https://www.squareyards.com/property-rates/city-light-surat,2026-06-25T12:57:25.140609+00:00,locality_synthetic,1200,2,2,65.86,city light
Surat,Gujarat,Surat,City Light,House,residential,5488.0,,,,https://www.squareyards.com/property-rates/city-light-surat,2026-06-25T12:57:25.140609+00:00,locality_synthetic,1800,3,3,98.78,city light
Surat,Gujarat,Surat,City Light,House,residential,5488.0,,,,https://www.squareyards.com/property-rates/city-light-surat,2026-06-25T12:57:25.140609+00:00,locality_synthetic,2400,4,4,131.71,city light
Surat,Gujarat,Surat,City Light,House,residential,5488.0,,,,https://www.squareyards.com/property-rates/city-light-surat,2026-06-25T12:57:25.140609+00:00,locality_synthetic,3200,5,5,175.62,city light
Surat,Gujarat,Surat,City Light,Plot,residential,2282.5,,,,https://www.squareyards.com/property-rates/city-light-surat,2026-06-25T12:57:25.140609+00:00,locality_synthetic,1000,0,0,22.82,city light
Surat,Gujarat,Surat,City Light,Plot,residential,2282.5,,,,https://www.squareyards.com/property-rates/city-light-surat,2026-06-25T12:57:25.140609+00:00,locality_synthetic,1500,0,0,34.24,city light
Surat,Gujarat,Surat,City Light,Plot,residential,2282.5,,,,https://www.squareyards.com/property-rates/city-light-surat,2026-06-25T12:57:25.140609+00:00,locality_synthetic,2400,0,0,54.78,city light
Surat,Gujarat,Surat,City Light,Plot,residential,2282.5,,,,https://www.squareyards.com/property-rates/city-light-surat,2026-06-25T12:57:25.140609+00:00,locality_synthetic,4000,0,0,91.3,city light
Surat,Gujarat,Surat,City Light,Shop,commercial,4150.0,,,,https://www.squareyards.com/property-rates/city-light-surat,2026-06-25T12:57:25.140609+00:00,locality_synthetic,200,0,0,8.3,city light
Surat,Gujarat,Surat,City Light,Shop,commercial,4150.0,,,,https://www.squareyards.com/property-rates/city-light-surat,2026-06-25T12:57:25.140609+00:00,locality_synthetic,400,0,0,16.6,city light
Surat,Gujarat,Surat,City Light,Shop,commercial,4150.0,,,,https://www.squareyards.com/property-rates/city-light-surat,2026-06-25T12:57:25.140609+00:00,locality_synthetic,800,0,0,33.2,city light
Surat,Gujarat,Surat,City Light,Shop,commercial,4150.0,,,,https://www.squareyards.com/property-rates/city-light-surat,2026-06-25T12:57:25.140609+00:00,locality_synthetic,1200,0,0,49.8,city light
Surat,Gujarat,Surat,City Light,Showroom,commercial,4648.0,,,,https://www.squareyards.com/property-rates/city-light-surat,2026-06-25T12:57:25.140609+00:00,locality_synthetic,600,0,0,27.89,city light
Surat,Gujarat,Surat,City Light,Showroom,commercial,4648.0,,,,https://www.squareyards.com/property-rates/city-light-surat,2026-06-25T12:57:25.140609+00:00,locality_synthetic,1200,0,0,55.78,city light
Surat,Gujarat,Surat,City Light,Showroom,commercial,4648.0,,,,https://www.squareyards.com/property-rates/city-light-surat,2026-06-25T12:57:25.140609+00:00,locality_synthetic,2500,0,0,116.2,city light
Surat,Gujarat,Surat,City Light,Showroom,commercial,4648.0,,,,https://www.squareyards.com/property-rates/city-light-surat,2026-06-25T12:57:25.140609+00:00,locality_synthetic,4000,0,0,185.92,city light
Surat,Gujarat,Surat,City Light,Commercial,commercial,4357.5,,,,https://www.squareyards.com/property-rates/city-light-surat,2026-06-25T12:57:25.140609+00:00,locality_synthetic,500,0,0,21.79,city light
Surat,Gujarat,Surat,City Light,Commercial,commercial,4357.5,,,,https://www.squareyards.com/property-rates/city-light-surat,2026-06-25T12:57:25.140609+00:00,locality_synthetic,1000,0,0,43.58,city light
Surat,Gujarat,Surat,City Light,Commercial,commercial,4357.5,,,,https://www.squareyards.com/property-rates/city-light-surat,2026-06-25T12:57:25.140609+00:00,locality_synthetic,2000,0,0,87.15,city light
Surat,Gujarat,Surat,City Light,Commercial,commercial,4357.5,,,,https://www.squareyards.com/property-rates/city-light-surat,2026-06-25T12:57:25.140609+00:00,locality_synthetic,3500,0,0,152.51,city light
Surat,Gujarat,Surat,City Light,Warehouse,commercial,2988.0,,,,https://www.squareyards.com/property-rates/city-light-surat,2026-06-25T12:57:25.140609+00:00,locality_synthetic,1500,0,0,44.82,city light
Surat,Gujarat,Surat,City Light,Warehouse,commercial,2988.0,,,,https://www.squareyards.com/property-rates/city-light-surat,2026-06-25T12:57:25.140609+00:00,locality_synthetic,3000,0,0,89.64,city light
Surat,Gujarat,Surat,City Light,Warehouse,commercial,2988.0,,,,https://www.squareyards.com/property-rates/city-light-surat,2026-06-25T12:57:25.140609+00:00,locality_synthetic,5000,0,0,149.4,city light
Surat,Gujarat,Surat,City Light,Warehouse,commercial,2988.0,,,,https://www.squareyards.com/property-rates/city-light-surat,2026-06-25T12:57:25.140609+00:00,locality_synthetic,10000,0,0,298.8,city light
Surat,Gujarat,Surat,City Light,Retail,commercial,4150.0,,,,https://www.squareyards.com/property-rates/city-light-surat,2026-06-25T12:57:25.140609+00:00,locality_synthetic,300,0,0,12.45,city light
Surat,Gujarat,Surat,City Light,Retail,commercial,4150.0,,,,https://www.squareyards.com/property-rates/city-light-surat,2026-06-25T12:57:25.140609+00:00,locality_synthetic,600,0,0,24.9,city light
Surat,Gujarat,Surat,City Light,Retail,commercial,4150.0,,,,https://www.squareyards.com/property-rates/city-light-surat,2026-06-25T12:57:25.140609+00:00,locality_synthetic,1000,0,0,41.5,city light
Surat,Gujarat,Surat,City Light,Retail,commercial,4150.0,,,,https://www.squareyards.com/property-rates/city-light-surat,2026-06-25T12:57:25.140609+00:00,locality_synthetic,1800,0,0,74.7,city light
Surat,Gujarat,Surat,Dindoli,Apartment,residential,2950.0,,,3.62,https://www.squareyards.com/property-rates/dindoli-surat,2026-06-25T12:57:25.140609+00:00,locality_synthetic,550,1,1,16.23,dindoli
Surat,Gujarat,Surat,Dindoli,Apartment,residential,2950.0,,,3.62,https://www.squareyards.com/property-rates/dindoli-surat,2026-06-25T12:57:25.140609+00:00,locality_synthetic,1050,2,2,30.98,dindoli
Surat,Gujarat,Surat,Dindoli,Apartment,residential,2950.0,,,3.62,https://www.squareyards.com/property-rates/dindoli-surat,2026-06-25T12:57:25.140609+00:00,locality_synthetic,1450,3,3,42.77,dindoli
Surat,Gujarat,Surat,Dindoli,Apartment,residential,2950.0,,,3.62,https://www.squareyards.com/property-rates/dindoli-surat,2026-06-25T12:57:25.140609+00:00,locality_synthetic,2000,4,4,59.0,dindoli
Surat,Gujarat,Surat,Dindoli,Flat,residential,2950.0,,,3.62,https://www.squareyards.com/property-rates/dindoli-surat,2026-06-25T12:57:25.140609+00:00,locality_synthetic,550,1,1,16.23,dindoli
Surat,Gujarat,Surat,Dindoli,Flat,residential,2950.0,,,3.62,https://www.squareyards.com/property-rates/dindoli-surat,2026-06-25T12:57:25.140609+00:00,locality_synthetic,1050,2,2,30.98,dindoli
Surat,Gujarat,Surat,Dindoli,Flat,residential,2950.0,,,3.62,https://www.squareyards.com/property-rates/dindoli-surat,2026-06-25T12:57:25.140609+00:00,locality_synthetic,1450,3,3,42.77,dindoli
Surat,Gujarat,Surat,Dindoli,Flat,residential,2950.0,,,3.62,https://www.squareyards.com/property-rates/dindoli-surat,2026-06-25T12:57:25.140609+00:00,locality_synthetic,2000,4,4,59.0,dindoli
Surat,Gujarat,Surat,Dindoli,Studio,residential,2714.0,,,3.62,https://www.squareyards.com/property-rates/dindoli-surat,2026-06-25T12:57:25.140609+00:00,locality_synthetic,400,1,1,10.86,dindoli
Surat,Gujarat,Surat,Dindoli,Studio,residential,2714.0,,,3.62,https://www.squareyards.com/property-rates/dindoli-surat,2026-06-25T12:57:25.140609+00:00,locality_synthetic,500,1,1,13.57,dindoli
Surat,Gujarat,Surat,Dindoli,Penthouse,residential,3982.5,,,3.62,https://www.squareyards.com/property-rates/dindoli-surat,2026-06-25T12:57:25.140609+00:00,locality_synthetic,1800,3,3,71.69,dindoli
Surat,Gujarat,Surat,Dindoli,Penthouse,residential,3982.5,,,3.62,https://www.squareyards.com/property-rates/dindoli-surat,2026-06-25T12:57:25.140609+00:00,locality_synthetic,2500,4,4,99.56,dindoli
Surat,Gujarat,Surat,Dindoli,Penthouse,residential,3982.5,,,3.62,https://www.squareyards.com/property-rates/dindoli-surat,2026-06-25T12:57:25.140609+00:00,locality_synthetic,3200,5,5,127.44,dindoli
Surat,Gujarat,Surat,Dindoli,Villa,residential,2700.0,,,3.62,https://www.squareyards.com/property-rates/dindoli-surat,2026-06-25T12:57:25.140609+00:00,locality_synthetic,1500,2,2,40.5,dindoli
Surat,Gujarat,Surat,Dindoli,Villa,residential,2700.0,,,3.62,https://www.squareyards.com/property-rates/dindoli-surat,2026-06-25T12:57:25.140609+00:00,locality_synthetic,2200,3,3,59.4,dindoli
Surat,Gujarat,Surat,Dindoli,Villa,residential,2700.0,,,3.62,https://www.squareyards.com/property-rates/dindoli-surat,2026-06-25T12:57:25.140609+00:00,locality_synthetic,3000,4,4,81.0,dindoli
Surat,Gujarat,Surat,Dindoli,Villa,residential,2700.0,,,3.62,https://www.squareyards.com/property-rates/dindoli-surat,2026-06-25T12:57:25.140609+00:00,locality_synthetic,4500,5,5,121.5,dindoli
Surat,Gujarat,Surat,Dindoli,Bungalow,residential,2916.0,,,3.62,https://www.squareyards.com/property-rates/dindoli-surat,2026-06-25T12:57:25.140609+00:00,locality_synthetic,2500,3,3,72.9,dindoli
Surat,Gujarat,Surat,Dindoli,Bungalow,residential,2916.0,,,3.62,https://www.squareyards.com/property-rates/dindoli-surat,2026-06-25T12:57:25.140609+00:00,locality_synthetic,3500,4,4,102.06,dindoli
Surat,Gujarat,Surat,Dindoli,Bungalow,residential,2916.0,,,3.62,https://www.squareyards.com/property-rates/dindoli-surat,2026-06-25T12:57:25.140609+00:00,locality_synthetic,5000,5,5,145.8,dindoli
Surat,Gujarat,Surat,Dindoli,Bungalow,residential,2916.0,,,3.62,https://www.squareyards.com/property-rates/dindoli-surat,2026-06-25T12:57:25.140609+00:00,locality_synthetic,6500,6,6,189.54,dindoli
Surat,Gujarat,Surat,Dindoli,House,residential,2646.0,,,3.62,https://www.squareyards.com/property-rates/dindoli-surat,2026-06-25T12:57:25.140609+00:00,locality_synthetic,1200,2,2,31.75,dindoli
Surat,Gujarat,Surat,Dindoli,House,residential,2646.0,,,3.62,https://www.squareyards.com/property-rates/dindoli-surat,2026-06-25T12:57:25.140609+00:00,locality_synthetic,1800,3,3,47.63,dindoli
Surat,Gujarat,Surat,Dindoli,House,residential,2646.0,,,3.62,https://www.squareyards.com/property-rates/dindoli-surat,2026-06-25T12:57:25.140609+00:00,locality_synthetic,2400,4,4,63.5,dindoli
Surat,Gujarat,Surat,Dindoli,House,residential,2646.0,,,3.62,https://www.squareyards.com/property-rates/dindoli-surat,2026-06-25T12:57:25.140609+00:00,locality_synthetic,3200,5,5,84.67,dindoli
Surat,Gujarat,Surat,Dindoli,Plot,residential,1622.5,,,3.62,https://www.squareyards.com/property-rates/dindoli-surat,2026-06-25T12:57:25.140609+00:00,locality_synthetic,1000,0,0,16.23,dindoli
Surat,Gujarat,Surat,Dindoli,Plot,residential,1622.5,,,3.62,https://www.squareyards.com/property-rates/dindoli-surat,2026-06-25T12:57:25.140609+00:00,locality_synthetic,1500,0,0,24.34,dindoli
Surat,Gujarat,Surat,Dindoli,Plot,residential,1622.5,,,3.62,https://www.squareyards.com/property-rates/dindoli-surat,2026-06-25T12:57:25.140609+00:00,locality_synthetic,2400,0,0,38.94,dindoli
Surat,Gujarat,Surat,Dindoli,Plot,residential,1622.5,,,3.62,https://www.squareyards.com/property-rates/dindoli-surat,2026-06-25T12:57:25.140609+00:00,locality_synthetic,4000,0,0,64.9,dindoli
Surat,Gujarat,Surat,Dindoli,Shop,commercial,2700.0,,,3.62,https://www.squareyards.com/property-rates/dindoli-surat,2026-06-25T12:57:25.140609+00:00,locality_synthetic,200,0,0,5.4,dindoli
Surat,Gujarat,Surat,Dindoli,Shop,commercial,2700.0,,,3.62,https://www.squareyards.com/property-rates/dindoli-surat,2026-06-25T12:57:25.140609+00:00,locality_synthetic,400,0,0,10.8,dindoli
Surat,Gujarat,Surat,Dindoli,Shop,commercial,2700.0,,,3.62,https://www.squareyards.com/property-rates/dindoli-surat,2026-06-25T12:57:25.140609+00:00,locality_synthetic,800,0,0,21.6,dindoli
Surat,Gujarat,Surat,Dindoli,Shop,commercial,2700.0,,,3.62,https://www.squareyards.com/property-rates/dindoli-surat,2026-06-25T12:57:25.140609+00:00,locality_synthetic,1200,0,0,32.4,dindoli
Surat,Gujarat,Surat,Dindoli,Showroom,commercial,3024.0,,,3.62,https://www.squareyards.com/property-rates/dindoli-surat,2026-06-25T12:57:25.140609+00:00,locality_synthetic,600,0,0,18.14,dindoli
Surat,Gujarat,Surat,Dindoli,Showroom,commercial,3024.0,,,3.62,https://www.squareyards.com/property-rates/dindoli-surat,2026-06-25T12:57:25.140609+00:00,locality_synthetic,1200,0,0,36.29,dindoli
Surat,Gujarat,Surat,Dindoli,Showroom,commercial,3024.0,,,3.62,https://www.squareyards.com/property-rates/dindoli-surat,2026-06-25T12:57:25.140609+00:00,locality_synthetic,2500,0,0,75.6,dindoli
Surat,Gujarat,Surat,Dindoli,Showroom,commercial,3024.0,,,3.62,https://www.squareyards.com/property-rates/dindoli-surat,2026-06-25T12:57:25.140609+00:00,locality_synthetic,4000,0,0,120.96,dindoli
Surat,Gujarat,Surat,Dindoli,Office,commercial,2700.0,,,3.62,https://www.squareyards.com/property-rates/dindoli-surat,2026-06-25T12:57:25.140609+00:00,locality_synthetic,500,0,0,13.5,dindoli
Surat,Gujarat,Surat,Dindoli,Office,commercial,2700.0,,,3.62,https://www.squareyards.com/property-rates/dindoli-surat,2026-06-25T12:57:25.140609+00:00,locality_synthetic,1000,0,0,27.0,dindoli
Surat,Gujarat,Surat,Dindoli,Office,commercial,2700.0,,,3.62,https://www.squareyards.com/property-rates/dindoli-surat,2026-06-25T12:57:25.140609+00:00,locality_synthetic,2000,0,0,54.0,dindoli
Surat,Gujarat,Surat,Dindoli,Office,commercial,2700.0,,,3.62,https://www.squareyards.com/property-rates/dindoli-surat,2026-06-25T12:57:25.140609+00:00,locality_synthetic,5000,0,0,135.0,dindoli
Surat,Gujarat,Surat,Dindoli,Commercial,commercial,2835.0,,,3.62,https://www.squareyards.com/property-rates/dindoli-surat,2026-06-25T12:57:25.140609+00:00,locality_synthetic,500,0,0,14.18,dindoli
Surat,Gujarat,Surat,Dindoli,Commercial,commercial,2835.0,,,3.62,https://www.squareyards.com/property-rates/dindoli-surat,2026-06-25T12:57:25.140609+00:00,locality_synthetic,1000,0,0,28.35,dindoli
Surat,Gujarat,Surat,Dindoli,Commercial,commercial,2835.0,,,3.62,https://www.squareyards.com/property-rates/dindoli-surat,2026-06-25T12:57:25.140609+00:00,locality_synthetic,2000,0,0,56.7,dindoli
Surat,Gujarat,Surat,Dindoli,Commercial,commercial,2835.0,,,3.62,https://www.squareyards.com/property-rates/dindoli-surat,2026-06-25T12:57:25.140609+00:00,locality_synthetic,3500,0,0,99.22,dindoli
Surat,Gujarat,Surat,Dindoli,Warehouse,commercial,1944.0,,,3.62,https://www.squareyards.com/property-rates/dindoli-surat,2026-06-25T12:57:25.140609+00:00,locality_synthetic,1500,0,0,29.16,dindoli
Surat,Gujarat,Surat,Dindoli,Warehouse,commercial,1944.0,,,3.62,https://www.squareyards.com/property-rates/dindoli-surat,2026-06-25T12:57:25.140609+00:00,locality_synthetic,3000,0,0,58.32,dindoli
Surat,Gujarat,Surat,Dindoli,Warehouse,commercial,1944.0,,,3.62,https://www.squareyards.com/property-rates/dindoli-surat,2026-06-25T12:57:25.140609+00:00,locality_synthetic,5000,0,0,97.2,dindoli
Surat,Gujarat,Surat,Dindoli,Warehouse,commercial,1944.0,,,3.62,https://www.squareyards.com/property-rates/dindoli-surat,2026-06-25T12:57:25.140609+00:00,locality_synthetic,10000,0,0,194.4,dindoli
Surat,Gujarat,Surat,Dindoli,Retail,commercial,2700.0,,,3.62,https://www.squareyards.com/property-rates/dindoli-surat,2026-06-25T12:57:25.140609+00:00,locality_synthetic,300,0,0,8.1,dindoli
Surat,Gujarat,Surat,Dindoli,Retail,commercial,2700.0,,,3.62,https://www.squareyards.com/property-rates/dindoli-surat,2026-06-25T12:57:25.140609+00:00,locality_synthetic,600,0,0,16.2,dindoli
Surat,Gujarat,Surat,Dindoli,Retail,commercial,2700.0,,,3.62,https://www.squareyards.com/property-rates/dindoli-surat,2026-06-25T12:57:25.140609+00:00,locality_synthetic,1000,0,0,27.0,dindoli
Surat,Gujarat,Surat,Dindoli,Retail,commercial,2700.0,,,3.62,https://www.squareyards.com/property-rates/dindoli-surat,2026-06-25T12:57:25.140609+00:00,locality_synthetic,1800,0,0,48.6,dindoli
Surat,Gujarat,Surat,Dumas,Apartment,residential,4600.0,,,,https://www.squareyards.com/property-rates/dumas-surat,2026-06-25T12:57:25.140609+00:00,locality_synthetic,550,1,1,25.3,dumas
Surat,Gujarat,Surat,Dumas,Apartment,residential,4600.0,,,,https://www.squareyards.com/property-rates/dumas-surat,2026-06-25T12:57:25.140609+00:00,locality_synthetic,1050,2,2,48.3,dumas
Surat,Gujarat,Surat,Dumas,Apartment,residential,4600.0,,,,https://www.squareyards.com/property-rates/dumas-surat,2026-06-25T12:57:25.140609+00:00,locality_synthetic,1450,3,3,66.7,dumas
Surat,Gujarat,Surat,Dumas,Apartment,residential,4600.0,,,,https://www.squareyards.com/property-rates/dumas-surat,2026-06-25T12:57:25.140609+00:00,locality_synthetic,2000,4,4,92.0,dumas
Surat,Gujarat,Surat,Dumas,Flat,residential,4600.0,,,,https://www.squareyards.com/property-rates/dumas-surat,2026-06-25T12:57:25.140609+00:00,locality_synthetic,550,1,1,25.3,dumas
Surat,Gujarat,Surat,Dumas,Flat,residential,4600.0,,,,https://www.squareyards.com/property-rates/dumas-surat,2026-06-25T12:57:25.140609+00:00,locality_synthetic,1050,2,2,48.3,dumas
Surat,Gujarat,Surat,Dumas,Flat,residential,4600.0,,,,https://www.squareyards.com/property-rates/dumas-surat,2026-06-25T12:57:25.140609+00:00,locality_synthetic,1450,3,3,66.7,dumas
Surat,Gujarat,Surat,Dumas,Flat,residential,4600.0,,,,https://www.squareyards.com/property-rates/dumas-surat,2026-06-25T12:57:25.140609+00:00,locality_synthetic,2000,4,4,92.0,dumas
Surat,Gujarat,Surat,Dumas,Studio,residential,4232.0,,,,https://www.squareyards.com/property-rates/dumas-surat,2026-06-25T12:57:25.140609+00:00,locality_synthetic,400,1,1,16.93,dumas
Surat,Gujarat,Surat,Dumas,Studio,residential,4232.0,,,,https://www.squareyards.com/property-rates/dumas-surat,2026-06-25T12:57:25.140609+00:00,locality_synthetic,500,1,1,21.16,dumas
Surat,Gujarat,Surat,Dumas,Penthouse,residential,6210.0,,,,https://www.squareyards.com/property-rates/dumas-surat,2026-06-25T12:57:25.140609+00:00,locality_synthetic,1800,3,3,111.78,dumas
Surat,Gujarat,Surat,Dumas,Penthouse,residential,6210.0,,,,https://www.squareyards.com/property-rates/dumas-surat,2026-06-25T12:57:25.140609+00:00,locality_synthetic,2500,4,4,155.25,dumas
Surat,Gujarat,Surat,Dumas,Penthouse,residential,6210.0,,,,https://www.squareyards.com/property-rates/dumas-surat,2026-06-25T12:57:25.140609+00:00,locality_synthetic,3200,5,5,198.72,dumas
Surat,Gujarat,Surat,Dumas,Villa,residential,4600.0,,,,https://www.squareyards.com/property-rates/dumas-surat,2026-06-25T12:57:25.140609+00:00,locality_synthetic,1500,2,2,69.0,dumas
Surat,Gujarat,Surat,Dumas,Villa,residential,4600.0,,,,https://www.squareyards.com/property-rates/dumas-surat,2026-06-25T12:57:25.140609+00:00,locality_synthetic,2200,3,3,101.2,dumas
Surat,Gujarat,Surat,Dumas,Villa,residential,4600.0,,,,https://www.squareyards.com/property-rates/dumas-surat,2026-06-25T12:57:25.140609+00:00,locality_synthetic,3000,4,4,138.0,dumas
Surat,Gujarat,Surat,Dumas,Villa,residential,4600.0,,,,https://www.squareyards.com/property-rates/dumas-surat,2026-06-25T12:57:25.140609+00:00,locality_synthetic,4500,5,5,207.0,dumas
Surat,Gujarat,Surat,Dumas,Bungalow,residential,4968.0,,,,https://www.squareyards.com/property-rates/dumas-surat,2026-06-25T12:57:25.140609+00:00,locality_synthetic,2500,3,3,124.2,dumas
Surat,Gujarat,Surat,Dumas,Bungalow,residential,4968.0,,,,https://www.squareyards.com/property-rates/dumas-surat,2026-06-25T12:57:25.140609+00:00,locality_synthetic,3500,4,4,173.88,dumas
Surat,Gujarat,Surat,Dumas,Bungalow,residential,4968.0,,,,https://www.squareyards.com/property-rates/dumas-surat,2026-06-25T12:57:25.140609+00:00,locality_synthetic,5000,5,5,248.4,dumas
Surat,Gujarat,Surat,Dumas,Bungalow,residential,4968.0,,,,https://www.squareyards.com/property-rates/dumas-surat,2026-06-25T12:57:25.140609+00:00,locality_synthetic,6500,6,6,322.92,dumas
Surat,Gujarat,Surat,Dumas,House,residential,4508.0,,,,https://www.squareyards.com/property-rates/dumas-surat,2026-06-25T12:57:25.140609+00:00,locality_synthetic,1200,2,2,54.1,dumas
Surat,Gujarat,Surat,Dumas,House,residential,4508.0,,,,https://www.squareyards.com/property-rates/dumas-surat,2026-06-25T12:57:25.140609+00:00,locality_synthetic,1800,3,3,81.14,dumas
Surat,Gujarat,Surat,Dumas,House,residential,4508.0,,,,https://www.squareyards.com/property-rates/dumas-surat,2026-06-25T12:57:25.140609+00:00,locality_synthetic,2400,4,4,108.19,dumas
Surat,Gujarat,Surat,Dumas,House,residential,4508.0,,,,https://www.squareyards.com/property-rates/dumas-surat,2026-06-25T12:57:25.140609+00:00,locality_synthetic,3200,5,5,144.26,dumas
Surat,Gujarat,Surat,Dumas,Plot,residential,2530.0,,,,https://www.squareyards.com/property-rates/dumas-surat,2026-06-25T12:57:25.140609+00:00,locality_synthetic,1000,0,0,25.3,dumas
Surat,Gujarat,Surat,Dumas,Plot,residential,2530.0,,,,https://www.squareyards.com/property-rates/dumas-surat,2026-06-25T12:57:25.140609+00:00,locality_synthetic,1500,0,0,37.95,dumas
Surat,Gujarat,Surat,Dumas,Plot,residential,2530.0,,,,https://www.squareyards.com/property-rates/dumas-surat,2026-06-25T12:57:25.140609+00:00,locality_synthetic,2400,0,0,60.72,dumas
Surat,Gujarat,Surat,Dumas,Plot,residential,2530.0,,,,https://www.squareyards.com/property-rates/dumas-surat,2026-06-25T12:57:25.140609+00:00,locality_synthetic,4000,0,0,101.2,dumas
Surat,Gujarat,Surat,Dumas,Shop,commercial,4600.0,,,,https://www.squareyards.com/property-rates/dumas-surat,2026-06-25T12:57:25.140609+00:00,locality_synthetic,200,0,0,9.2,dumas
Surat,Gujarat,Surat,Dumas,Shop,commercial,4600.0,,,,https://www.squareyards.com/property-rates/dumas-surat,2026-06-25T12:57:25.140609+00:00,locality_synthetic,400,0,0,18.4,dumas
Surat,Gujarat,Surat,Dumas,Shop,commercial,4600.0,,,,https://www.squareyards.com/property-rates/dumas-surat,2026-06-25T12:57:25.140609+00:00,locality_synthetic,800,0,0,36.8,dumas
Surat,Gujarat,Surat,Dumas,Shop,commercial,4600.0,,,,https://www.squareyards.com/property-rates/dumas-surat,2026-06-25T12:57:25.140609+00:00,locality_synthetic,1200,0,0,55.2,dumas
Surat,Gujarat,Surat,Dumas,Showroom,commercial,5152.0,,,,https://www.squareyards.com/property-rates/dumas-surat,2026-06-25T12:57:25.140609+00:00,locality_synthetic,600,0,0,30.91,dumas
Surat,Gujarat,Surat,Dumas,Showroom,commercial,5152.0,,,,https://www.squareyards.com/property-rates/dumas-surat,2026-06-25T12:57:25.140609+00:00,locality_synthetic,1200,0,0,61.82,dumas
Surat,Gujarat,Surat,Dumas,Showroom,commercial,5152.0,,,,https://www.squareyards.com/property-rates/dumas-surat,2026-06-25T12:57:25.140609+00:00,locality_synthetic,2500,0,0,128.8,dumas
Surat,Gujarat,Surat,Dumas,Showroom,commercial,5152.0,,,,https://www.squareyards.com/property-rates/dumas-surat,2026-06-25T12:57:25.140609+00:00,locality_synthetic,4000,0,0,206.08,dumas
Surat,Gujarat,Surat,Dumas,Office,commercial,4600.0,,,,https://www.squareyards.com/property-rates/dumas-surat,2026-06-25T12:57:25.140609+00:00,locality_synthetic,500,0,0,23.0,dumas
Surat,Gujarat,Surat,Dumas,Office,commercial,4600.0,,,,https://www.squareyards.com/property-rates/dumas-surat,2026-06-25T12:57:25.140609+00:00,locality_synthetic,1000,0,0,46.0,dumas
Surat,Gujarat,Surat,Dumas,Office,commercial,4600.0,,,,https://www.squareyards.com/property-rates/dumas-surat,2026-06-25T12:57:25.140609+00:00,locality_synthetic,2000,0,0,92.0,dumas
Surat,Gujarat,Surat,Dumas,Office,commercial,4600.0,,,,https://www.squareyards.com/property-rates/dumas-surat,2026-06-25T12:57:25.140609+00:00,locality_synthetic,5000,0,0,230.0,dumas
Surat,Gujarat,Surat,Dumas,Commercial,commercial,4830.0,,,,https://www.squareyards.com/property-rates/dumas-surat,2026-06-25T12:57:25.140609+00:00,locality_synthetic,500,0,0,24.15,dumas
Surat,Gujarat,Surat,Dumas,Commercial,commercial,4830.0,,,,https://www.squareyards.com/property-rates/dumas-surat,2026-06-25T12:57:25.140609+00:00,locality_synthetic,1000,0,0,48.3,dumas
Surat,Gujarat,Surat,Dumas,Commercial,commercial,4830.0,,,,https://www.squareyards.com/property-rates/dumas-surat,2026-06-25T12:57:25.140609+00:00,locality_synthetic,2000,0,0,96.6,dumas
Surat,Gujarat,Surat,Dumas,Commercial,commercial,4830.0,,,,https://www.squareyards.com/property-rates/dumas-surat,2026-06-25T12:57:25.140609+00:00,locality_synthetic,3500,0,0,169.05,dumas
Surat,Gujarat,Surat,Dumas,Warehouse,commercial,3312.0,,,,https://www.squareyards.com/property-rates/dumas-surat,2026-06-25T12:57:25.140609+00:00,locality_synthetic,1500,0,0,49.68,dumas
Surat,Gujarat,Surat,Dumas,Warehouse,commercial,3312.0,,,,https://www.squareyards.com/property-rates/dumas-surat,2026-06-25T12:57:25.140609+00:00,locality_synthetic,3000,0,0,99.36,dumas
Surat,Gujarat,Surat,Dumas,Warehouse,commercial,3312.0,,,,https://www.squareyards.com/property-rates/dumas-surat,2026-06-25T12:57:25.140609+00:00,locality_synthetic,5000,0,0,165.6,dumas
Surat,Gujarat,Surat,Dumas,Warehouse,commercial,3312.0,,,,https://www.squareyards.com/property-rates/dumas-surat,2026-06-25T12:57:25.140609+00:00,locality_synthetic,10000,0,0,331.2,dumas
Surat,Gujarat,Surat,Dumas,Retail,commercial,4600.0,,,,https://www.squareyards.com/property-rates/dumas-surat,2026-06-25T12:57:25.140609+00:00,locality_synthetic,300,0,0,13.8,dumas
Surat,Gujarat,Surat,Dumas,Retail,commercial,4600.0,,,,https://www.squareyards.com/property-rates/dumas-surat,2026-06-25T12:57:25.140609+00:00,locality_synthetic,600,0,0,27.6,dumas
Surat,Gujarat,Surat,Dumas,Retail,commercial,4600.0,,,,https://www.squareyards.com/property-rates/dumas-surat,2026-06-25T12:57:25.140609+00:00,locality_synthetic,1000,0,0,46.0,dumas
Surat,Gujarat,Surat,Dumas,Retail,commercial,4600.0,,,,https://www.squareyards.com/property-rates/dumas-surat,2026-06-25T12:57:25.140609+00:00,locality_synthetic,1800,0,0,82.8,dumas
Surat,Gujarat,Surat,Dumas Road,Apartment,residential,4750.0,,,,https://www.squareyards.com/property-rates/dumas-road-surat,2026-06-25T12:57:25.140609+00:00,locality_synthetic,550,1,1,26.12,dumas road
Surat,Gujarat,Surat,Dumas Road,Apartment,residential,4750.0,,,,https://www.squareyards.com/property-rates/dumas-road-surat,2026-06-25T12:57:25.140609+00:00,locality_synthetic,1050,2,2,49.88,dumas road
Surat,Gujarat,Surat,Dumas Road,Apartment,residential,4750.0,,,,https://www.squareyards.com/property-rates/dumas-road-surat,2026-06-25T12:57:25.140609+00:00,locality_synthetic,1450,3,3,68.88,dumas road
Surat,Gujarat,Surat,Dumas Road,Apartment,residential,4750.0,,,,https://www.squareyards.com/property-rates/dumas-road-surat,2026-06-25T12:57:25.140609+00:00,locality_synthetic,2000,4,4,95.0,dumas road
Surat,Gujarat,Surat,Dumas Road,Flat,residential,4750.0,,,,https://www.squareyards.com/property-rates/dumas-road-surat,2026-06-25T12:57:25.140609+00:00,locality_synthetic,550,1,1,26.12,dumas road
Surat,Gujarat,Surat,Dumas Road,Flat,residential,4750.0,,,,https://www.squareyards.com/property-rates/dumas-road-surat,2026-06-25T12:57:25.140609+00:00,locality_synthetic,1050,2,2,49.88,dumas road
Surat,Gujarat,Surat,Dumas Road,Flat,residential,4750.0,,,,https://www.squareyards.com/property-rates/dumas-road-surat,2026-06-25T12:57:25.140609+00:00,locality_synthetic,1450,3,3,68.88,dumas road
Surat,Gujarat,Surat,Dumas Road,Flat,residential,4750.0,,,,https://www.squareyards.com/property-rates/dumas-road-surat,2026-06-25T12:57:25.140609+00:00,locality_synthetic,2000,4,4,95.0,dumas road
Surat,Gujarat,Surat,Dumas Road,Studio,residential,4370.0,,,,https://www.squareyards.com/property-rates/dumas-road-surat,2026-06-25T12:57:25.140609+00:00,locality_synthetic,400,1,1,17.48,dumas road
Surat,Gujarat,Surat,Dumas Road,Studio,residential,4370.0,,,,https://www.squareyards.com/property-rates/dumas-road-surat,2026-06-25T12:57:25.140609+00:00,locality_synthetic,500,1,1,21.85,dumas road
Surat,Gujarat,Surat,Dumas Road,Penthouse,residential,6412.5,,,,https://www.squareyards.com/property-rates/dumas-road-surat,2026-06-25T12:57:25.140609+00:00,locality_synthetic,1800,3,3,115.42,dumas road
Surat,Gujarat,Surat,Dumas Road,Penthouse,residential,6412.5,,,,https://www.squareyards.com/property-rates/dumas-road-surat,2026-06-25T12:57:25.140609+00:00,locality_synthetic,2500,4,4,160.31,dumas road
Surat,Gujarat,Surat,Dumas Road,Penthouse,residential,6412.5,,,,https://www.squareyards.com/property-rates/dumas-road-surat,2026-06-25T12:57:25.140609+00:00,locality_synthetic,3200,5,5,205.2,dumas road
Surat,Gujarat,Surat,Dumas Road,Villa,residential,4750.0,,,,https://www.squareyards.com/property-rates/dumas-road-surat,2026-06-25T12:57:25.140609+00:00,locality_synthetic,1500,2,2,71.25,dumas road
Surat,Gujarat,Surat,Dumas Road,Villa,residential,4750.0,,,,https://www.squareyards.com/property-rates/dumas-road-surat,2026-06-25T12:57:25.140609+00:00,locality_synthetic,2200,3,3,104.5,dumas road
Surat,Gujarat,Surat,Dumas Road,Villa,residential,4750.0,,,,https://www.squareyards.com/property-rates/dumas-road-surat,2026-06-25T12:57:25.140609+00:00,locality_synthetic,3000,4,4,142.5,dumas road
Surat,Gujarat,Surat,Dumas Road,Villa,residential,4750.0,,,,https://www.squareyards.com/property-rates/dumas-road-surat,2026-06-25T12:57:25.140609+00:00,locality_synthetic,4500,5,5,213.75,dumas road
Surat,Gujarat,Surat,Dumas Road,Bungalow,residential,5130.0,,,,https://www.squareyards.com/property-rates/dumas-road-surat,2026-06-25T12:57:25.140609+00:00,locality_synthetic,2500,3,3,128.25,dumas road
Surat,Gujarat,Surat,Dumas Road,Bungalow,residential,5130.0,,,,https://www.squareyards.com/property-rates/dumas-road-surat,2026-06-25T12:57:25.140609+00:00,locality_synthetic,3500,4,4,179.55,dumas road
Surat,Gujarat,Surat,Dumas Road,Bungalow,residential,5130.0,,,,https://www.squareyards.com/property-rates/dumas-road-surat,2026-06-25T12:57:25.140609+00:00,locality_synthetic,5000,5,5,256.5,dumas road
Surat,Gujarat,Surat,Dumas Road,Bungalow,residential,5130.0,,,,https://www.squareyards.com/property-rates/dumas-road-surat,2026-06-25T12:57:25.140609+00:00,locality_synthetic,6500,6,6,333.45,dumas road
Surat,Gujarat,Surat,Dumas Road,House,residential,4655.0,,,,https://www.squareyards.com/property-rates/dumas-road-surat,2026-06-25T12:57:25.140609+00:00,locality_synthetic,1200,2,2,55.86,dumas road
Surat,Gujarat,Surat,Dumas Road,House,residential,4655.0,,,,https://www.squareyards.com/property-rates/dumas-road-surat,2026-06-25T12:57:25.140609+00:00,locality_synthetic,1800,3,3,83.79,dumas road
Surat,Gujarat,Surat,Dumas Road,House,residential,4655.0,,,,https://www.squareyards.com/property-rates/dumas-road-surat,2026-06-25T12:57:25.140609+00:00,locality_synthetic,2400,4,4,111.72,dumas road
Surat,Gujarat,Surat,Dumas Road,House,residential,4655.0,,,,https://www.squareyards.com/property-rates/dumas-road-surat,2026-06-25T12:57:25.140609+00:00,locality_synthetic,3200,5,5,148.96,dumas road
Surat,Gujarat,Surat,Dumas Road,Plot,residential,2612.5,,,,https://www.squareyards.com/property-rates/dumas-road-surat,2026-06-25T12:57:25.140609+00:00,locality_synthetic,1000,0,0,26.12,dumas road
Surat,Gujarat,Surat,Dumas Road,Plot,residential,2612.5,,,,https://www.squareyards.com/property-rates/dumas-road-surat,2026-06-25T12:57:25.140609+00:00,locality_synthetic,1500,0,0,39.19,dumas road
Surat,Gujarat,Surat,Dumas Road,Plot,residential,2612.5,,,,https://www.squareyards.com/property-rates/dumas-road-surat,2026-06-25T12:57:25.140609+00:00,locality_synthetic,2400,0,0,62.7,dumas road
Surat,Gujarat,Surat,Dumas Road,Plot,residential,2612.5,,,,https://www.squareyards.com/property-rates/dumas-road-surat,2026-06-25T12:57:25.140609+00:00,locality_synthetic,4000,0,0,104.5,dumas road
Surat,Gujarat,Surat,Dumas Road,Shop,commercial,4750.0,,,,https://www.squareyards.com/property-rates/dumas-road-surat,2026-06-25T12:57:25.140609+00:00,locality_synthetic,200,0,0,9.5,dumas road
Surat,Gujarat,Surat,Dumas Road,Shop,commercial,4750.0,,,,https://www.squareyards.com/property-rates/dumas-road-surat,2026-06-25T12:57:25.140609+00:00,locality_synthetic,400,0,0,19.0,dumas road
Surat,Gujarat,Surat,Dumas Road,Shop,commercial,4750.0,,,,https://www.squareyards.com/property-rates/dumas-road-surat,2026-06-25T12:57:25.140609+00:00,locality_synthetic,800,0,0,38.0,dumas road
Surat,Gujarat,Surat,Dumas Road,Shop,commercial,4750.0,,,,https://www.squareyards.com/property-rates/dumas-road-surat,2026-06-25T12:57:25.140609+00:00,locality_synthetic,1200,0,0,57.0,dumas road
Surat,Gujarat,Surat,Dumas Road,Showroom,commercial,5320.0,,,,https://www.squareyards.com/property-rates/dumas-road-surat,2026-06-25T12:57:25.140609+00:00,locality_synthetic,600,0,0,31.92,dumas road
Surat,Gujarat,Surat,Dumas Road,Showroom,commercial,5320.0,,,,https://www.squareyards.com/property-rates/dumas-road-surat,2026-06-25T12:57:25.140609+00:00,locality_synthetic,1200,0,0,63.84,dumas road
Surat,Gujarat,Surat,Dumas Road,Showroom,commercial,5320.0,,,,https://www.squareyards.com/property-rates/dumas-road-surat,2026-06-25T12:57:25.140609+00:00,locality_synthetic,2500,0,0,133.0,dumas road
Surat,Gujarat,Surat,Dumas Road,Showroom,commercial,5320.0,,,,https://www.squareyards.com/property-rates/dumas-road-surat,2026-06-25T12:57:25.140609+00:00,locality_synthetic,4000,0,0,212.8,dumas road
Surat,Gujarat,Surat,Dumas Road,Office,commercial,4750.0,,,,https://www.squareyards.com/property-rates/dumas-road-surat,2026-06-25T12:57:25.140609+00:00,locality_synthetic,500,0,0,23.75,dumas road
Surat,Gujarat,Surat,Dumas Road,Office,commercial,4750.0,,,,https://www.squareyards.com/property-rates/dumas-road-surat,2026-06-25T12:57:25.140609+00:00,locality_synthetic,1000,0,0,47.5,dumas road
Surat,Gujarat,Surat,Dumas Road,Office,commercial,4750.0,,,,https://www.squareyards.com/property-rates/dumas-road-surat,2026-06-25T12:57:25.140609+00:00,locality_synthetic,2000,0,0,95.0,dumas road
Surat,Gujarat,Surat,Dumas Road,Office,commercial,4750.0,,,,https://www.squareyards.com/property-rates/dumas-road-surat,2026-06-25T12:57:25.140609+00:00,locality_synthetic,5000,0,0,237.5,dumas road
Surat,Gujarat,Surat,Dumas Road,Commercial,commercial,4987.5,,,,https://www.squareyards.com/property-rates/dumas-road-surat,2026-06-25T12:57:25.140609+00:00,locality_synthetic,500,0,0,24.94,dumas road
Surat,Gujarat,Surat,Dumas Road,Commercial,commercial,4987.5,,,,https://www.squareyards.com/property-rates/dumas-road-surat,2026-06-25T12:57:25.140609+00:00,locality_synthetic,1000,0,0,49.88,dumas road
Surat,Gujarat,Surat,Dumas Road,Commercial,commercial,4987.5,,,,https://www.squareyards.com/property-rates/dumas-road-surat,2026-06-25T12:57:25.140609+00:00,locality_synthetic,2000,0,0,99.75,dumas road
Surat,Gujarat,Surat,Dumas Road,Commercial,commercial,4987.5,,,,https://www.squareyards.com/property-rates/dumas-road-surat,2026-06-25T12:57:25.140609+00:00,locality_synthetic,3500,0,0,174.56,dumas road
Surat,Gujarat,Surat,Dumas Road,Warehouse,commercial,3420.0,,,,https://www.squareyards.com/property-rates/dumas-road-surat,2026-06-25T12:57:25.140609+00:00,locality_synthetic,1500,0,0,51.3,dumas road
Surat,Gujarat,Surat,Dumas Road,Warehouse,commercial,3420.0,,,,https://www.squareyards.com/property-rates/dumas-road-surat,2026-06-25T12:57:25.140609+00:00,locality_synthetic,3000,0,0,102.6,dumas road
Surat,Gujarat,Surat,Dumas Road,Warehouse,commercial,3420.0,,,,https://www.squareyards.com/property-rates/dumas-road-surat,2026-06-25T12:57:25.140609+00:00,locality_synthetic,5000,0,0,171.0,dumas road
Surat,Gujarat,Surat,Dumas Road,Warehouse,commercial,3420.0,,,,https://www.squareyards.com/property-rates/dumas-road-surat,2026-06-25T12:57:25.140609+00:00,locality_synthetic,10000,0,0,342.0,dumas road
Surat,Gujarat,Surat,Dumas Road,Retail,commercial,4750.0,,,,https://www.squareyards.com/property-rates/dumas-road-surat,2026-06-25T12:57:25.140609+00:00,locality_synthetic,300,0,0,14.25,dumas road
Surat,Gujarat,Surat,Dumas Road,Retail,commercial,4750.0,,,,https://www.squareyards.com/property-rates/dumas-road-surat,2026-06-25T12:57:25.140609+00:00,locality_synthetic,600,0,0,28.5,dumas road
Surat,Gujarat,Surat,Dumas Road,Retail,commercial,4750.0,,,,https://www.squareyards.com/property-rates/dumas-road-surat,2026-06-25T12:57:25.140609+00:00,locality_synthetic,1000,0,0,47.5,dumas road
Surat,Gujarat,Surat,Dumas Road,Retail,commercial,4750.0,,,,https://www.squareyards.com/property-rates/dumas-road-surat,2026-06-25T12:57:25.140609+00:00,locality_synthetic,1800,0,0,85.5,dumas road
Surat,Gujarat,Surat,Ghod Dod Road,Apartment,residential,5400.0,,,,https://www.squareyards.com/property-rates/ghod-dod-road-surat,2026-06-25T12:57:25.140609+00:00,locality_synthetic,550,1,1,29.7,ghod dod road
Surat,Gujarat,Surat,Ghod Dod Road,Apartment,residential,5400.0,,,,https://www.squareyards.com/property-rates/ghod-dod-road-surat,2026-06-25T12:57:25.140609+00:00,locality_synthetic,1050,2,2,56.7,ghod dod road
Surat,Gujarat,Surat,Ghod Dod Road,Apartment,residential,5400.0,,,,https://www.squareyards.com/property-rates/ghod-dod-road-surat,2026-06-25T12:57:25.140609+00:00,locality_synthetic,1450,3,3,78.3,ghod dod road
Surat,Gujarat,Surat,Ghod Dod Road,Apartment,residential,5400.0,,,,https://www.squareyards.com/property-rates/ghod-dod-road-surat,2026-06-25T12:57:25.140609+00:00,locality_synthetic,2000,4,4,108.0,ghod dod road
Surat,Gujarat,Surat,Ghod Dod Road,Flat,residential,5400.0,,,,https://www.squareyards.com/property-rates/ghod-dod-road-surat,2026-06-25T12:57:25.140609+00:00,locality_synthetic,550,1,1,29.7,ghod dod road
Surat,Gujarat,Surat,Ghod Dod Road,Flat,residential,5400.0,,,,https://www.squareyards.com/property-rates/ghod-dod-road-surat,2026-06-25T12:57:25.140609+00:00,locality_synthetic,1050,2,2,56.7,ghod dod road
Surat,Gujarat,Surat,Ghod Dod Road,Flat,residential,5400.0,,,,https://www.squareyards.com/property-rates/ghod-dod-road-surat,2026-06-25T12:57:25.140609+00:00,locality_synthetic,1450,3,3,78.3,ghod dod road
Surat,Gujarat,Surat,Ghod Dod Road,Flat,residential,5400.0,,,,https://www.squareyards.com/property-rates/ghod-dod-road-surat,2026-06-25T12:57:25.140609+00:00,locality_synthetic,2000,4,4,108.0,ghod dod road
Surat,Gujarat,Surat,Ghod Dod Road,Studio,residential,4968.0,,,,https://www.squareyards.com/property-rates/ghod-dod-road-surat,2026-06-25T12:57:25.140609+00:00,locality_synthetic,400,1,1,19.87,ghod dod road
Surat,Gujarat,Surat,Ghod Dod Road,Studio,residential,4968.0,,,,https://www.squareyards.com/property-rates/ghod-dod-road-surat,2026-06-25T12:57:25.140609+00:00,locality_synthetic,500,1,1,24.84,ghod dod road
Surat,Gujarat,Surat,Ghod Dod Road,Penthouse,residential,7290.0,,,,https://www.squareyards.com/property-rates/ghod-dod-road-surat,2026-06-25T12:57:25.140609+00:00,locality_synthetic,1800,3,3,131.22,ghod dod road
Surat,Gujarat,Surat,Ghod Dod Road,Penthouse,residential,7290.0,,,,https://www.squareyards.com/property-rates/ghod-dod-road-surat,2026-06-25T12:57:25.140609+00:00,locality_synthetic,2500,4,4,182.25,ghod dod road
Surat,Gujarat,Surat,Ghod Dod Road,Penthouse,residential,7290.0,,,,https://www.squareyards.com/property-rates/ghod-dod-road-surat,2026-06-25T12:57:25.140609+00:00,locality_synthetic,3200,5,5,233.28,ghod dod road
Surat,Gujarat,Surat,Ghod Dod Road,Villa,residential,5400.0,,,,https://www.squareyards.com/property-rates/ghod-dod-road-surat,2026-06-25T12:57:25.140609+00:00,locality_synthetic,1500,2,2,81.0,ghod dod road
Surat,Gujarat,Surat,Ghod Dod Road,Villa,residential,5400.0,,,,https://www.squareyards.com/property-rates/ghod-dod-road-surat,2026-06-25T12:57:25.140609+00:00,locality_synthetic,2200,3,3,118.8,ghod dod road
Surat,Gujarat,Surat,Ghod Dod Road,Villa,residential,5400.0,,,,https://www.squareyards.com/property-rates/ghod-dod-road-surat,2026-06-25T12:57:25.140609+00:00,locality_synthetic,3000,4,4,162.0,ghod dod road
Surat,Gujarat,Surat,Ghod Dod Road,Villa,residential,5400.0,,,,https://www.squareyards.com/property-rates/ghod-dod-road-surat,2026-06-25T12:57:25.140609+00:00,locality_synthetic,4500,5,5,243.0,ghod dod road
Surat,Gujarat,Surat,Ghod Dod Road,Bungalow,residential,5832.0,,,,https://www.squareyards.com/property-rates/ghod-dod-road-surat,2026-06-25T12:57:25.140609+00:00,locality_synthetic,2500,3,3,145.8,ghod dod road
Surat,Gujarat,Surat,Ghod Dod Road,Bungalow,residential,5832.0,,,,https://www.squareyards.com/property-rates/ghod-dod-road-surat,2026-06-25T12:57:25.140609+00:00,locality_synthetic,3500,4,4,204.12,ghod dod road
Surat,Gujarat,Surat,Ghod Dod Road,Bungalow,residential,5832.0,,,,https://www.squareyards.com/property-rates/ghod-dod-road-surat,2026-06-25T12:57:25.140609+00:00,locality_synthetic,5000,5,5,291.6,ghod dod road
Surat,Gujarat,Surat,Ghod Dod Road,Bungalow,residential,5832.0,,,,https://www.squareyards.com/property-rates/ghod-dod-road-surat,2026-06-25T12:57:25.140609+00:00,locality_synthetic,6500,6,6,379.08,ghod dod road
Surat,Gujarat,Surat,Ghod Dod Road,House,residential,5292.0,,,,https://www.squareyards.com/property-rates/ghod-dod-road-surat,2026-06-25T12:57:25.140609+00:00,locality_synthetic,1200,2,2,63.5,ghod dod road
Surat,Gujarat,Surat,Ghod Dod Road,House,residential,5292.0,,,,https://www.squareyards.com/property-rates/ghod-dod-road-surat,2026-06-25T12:57:25.140609+00:00,locality_synthetic,1800,3,3,95.26,ghod dod road
Surat,Gujarat,Surat,Ghod Dod Road,House,residential,5292.0,,,,https://www.squareyards.com/property-rates/ghod-dod-road-surat,2026-06-25T12:57:25.140609+00:00,locality_synthetic,2400,4,4,127.01,ghod dod road
Surat,Gujarat,Surat,Ghod Dod Road,House,residential,5292.0,,,,https://www.squareyards.com/property-rates/ghod-dod-road-surat,2026-06-25T12:57:25.140609+00:00,locality_synthetic,3200,5,5,169.34,ghod dod road
Surat,Gujarat,Surat,Ghod Dod Road,Plot,residential,2970.0,,,,https://www.squareyards.com/property-rates/ghod-dod-road-surat,2026-06-25T12:57:25.140609+00:00,locality_synthetic,1000,0,0,29.7,ghod dod road
Surat,Gujarat,Surat,Ghod Dod Road,Plot,residential,2970.0,,,,https://www.squareyards.com/property-rates/ghod-dod-road-surat,2026-06-25T12:57:25.140609+00:00,locality_synthetic,1500,0,0,44.55,ghod dod road
Surat,Gujarat,Surat,Ghod Dod Road,Plot,residential,2970.0,,,,https://www.squareyards.com/property-rates/ghod-dod-road-surat,2026-06-25T12:57:25.140609+00:00,locality_synthetic,2400,0,0,71.28,ghod dod road
Surat,Gujarat,Surat,Ghod Dod Road,Plot,residential,2970.0,,,,https://www.squareyards.com/property-rates/ghod-dod-road-surat,2026-06-25T12:57:25.140609+00:00,locality_synthetic,4000,0,0,118.8,ghod dod road
Surat,Gujarat,Surat,Ghod Dod Road,Shop,commercial,5400.0,,,,https://www.squareyards.com/property-rates/ghod-dod-road-surat,2026-06-25T12:57:25.140609+00:00,locality_synthetic,200,0,0,10.8,ghod dod road
Surat,Gujarat,Surat,Ghod Dod Road,Shop,commercial,5400.0,,,,https://www.squareyards.com/property-rates/ghod-dod-road-surat,2026-06-25T12:57:25.140609+00:00,locality_synthetic,400,0,0,21.6,ghod dod road
Surat,Gujarat,Surat,Ghod Dod Road,Shop,commercial,5400.0,,,,https://www.squareyards.com/property-rates/ghod-dod-road-surat,2026-06-25T12:57:25.140609+00:00,locality_synthetic,800,0,0,43.2,ghod dod road
Surat,Gujarat,Surat,Ghod Dod Road,Shop,commercial,5400.0,,,,https://www.squareyards.com/property-rates/ghod-dod-road-surat,2026-06-25T12:57:25.140609+00:00,locality_synthetic,1200,0,0,64.8,ghod dod road
Surat,Gujarat,Surat,Ghod Dod Road,Showroom,commercial,6048.0,,,,https://www.squareyards.com/property-rates/ghod-dod-road-surat,2026-06-25T12:57:25.140609+00:00,locality_synthetic,600,0,0,36.29,ghod dod road
Surat,Gujarat,Surat,Ghod Dod Road,Showroom,commercial,6048.0,,,,https://www.squareyards.com/property-rates/ghod-dod-road-surat,2026-06-25T12:57:25.140609+00:00,locality_synthetic,1200,0,0,72.58,ghod dod road
Surat,Gujarat,Surat,Ghod Dod Road,Showroom,commercial,6048.0,,,,https://www.squareyards.com/property-rates/ghod-dod-road-surat,2026-06-25T12:57:25.140609+00:00,locality_synthetic,2500,0,0,151.2,ghod dod road
Surat,Gujarat,Surat,Ghod Dod Road,Showroom,commercial,6048.0,,,,https://www.squareyards.com/property-rates/ghod-dod-road-surat,2026-06-25T12:57:25.140609+00:00,locality_synthetic,4000,0,0,241.92,ghod dod road
Surat,Gujarat,Surat,Ghod Dod Road,Commercial,commercial,5670.0,,,,https://www.squareyards.com/property-rates/ghod-dod-road-surat,2026-06-25T12:57:25.140609+00:00,locality_synthetic,500,0,0,28.35,ghod dod road
Surat,Gujarat,Surat,Ghod Dod Road,Commercial,commercial,5670.0,,,,https://www.squareyards.com/property-rates/ghod-dod-road-surat,2026-06-25T12:57:25.140609+00:00,locality_synthetic,1000,0,0,56.7,ghod dod road
Surat,Gujarat,Surat,Ghod Dod Road,Commercial,commercial,5670.0,,,,https://www.squareyards.com/property-rates/ghod-dod-road-surat,2026-06-25T12:57:25.140609+00:00,locality_synthetic,2000,0,0,113.4,ghod dod road
Surat,Gujarat,Surat,Ghod Dod Road,Commercial,commercial,5670.0,,,,https://www.squareyards.com/property-rates/ghod-dod-road-surat,2026-06-25T12:57:25.140609+00:00,locality_synthetic,3500,0,0,198.45,ghod dod road
Surat,Gujarat,Surat,Ghod Dod Road,Warehouse,commercial,3888.0,,,,https://www.squareyards.com/property-rates/ghod-dod-road-surat,2026-06-25T12:57:25.140609+00:00,locality_synthetic,1500,0,0,58.32,ghod dod road
Surat,Gujarat,Surat,Ghod Dod Road,Warehouse,commercial,3888.0,,,,https://www.squareyards.com/property-rates/ghod-dod-road-surat,2026-06-25T12:57:25.140609+00:00,locality_synthetic,3000,0,0,116.64,ghod dod road
Surat,Gujarat,Surat,Ghod Dod Road,Warehouse,commercial,3888.0,,,,https://www.squareyards.com/property-rates/ghod-dod-road-surat,2026-06-25T12:57:25.140609+00:00,locality_synthetic,5000,0,0,194.4,ghod dod road
Surat,Gujarat,Surat,Ghod Dod Road,Warehouse,commercial,3888.0,,,,https://www.squareyards.com/property-rates/ghod-dod-road-surat,2026-06-25T12:57:25.140609+00:00,locality_synthetic,10000,0,0,388.8,ghod dod road
Surat,Gujarat,Surat,Ghod Dod Road,Retail,commercial,5400.0,,,,https://www.squareyards.com/property-rates/ghod-dod-road-surat,2026-06-25T12:57:25.140609+00:00,locality_synthetic,300,0,0,16.2,ghod dod road
Surat,Gujarat,Surat,Ghod Dod Road,Retail,commercial,5400.0,,,,https://www.squareyards.com/property-rates/ghod-dod-road-surat,2026-06-25T12:57:25.140609+00:00,locality_synthetic,600,0,0,32.4,ghod dod road
Surat,Gujarat,Surat,Ghod Dod Road,Retail,commercial,5400.0,,,,https://www.squareyards.com/property-rates/ghod-dod-road-surat,2026-06-25T12:57:25.140609+00:00,locality_synthetic,1000,0,0,54.0,ghod dod road
Surat,Gujarat,Surat,Ghod Dod Road,Retail,commercial,5400.0,,,,https://www.squareyards.com/property-rates/ghod-dod-road-surat,2026-06-25T12:57:25.140609+00:00,locality_synthetic,1800,0,0,97.2,ghod dod road
Surat,Gujarat,Surat,Godadara,Apartment,residential,2312.0,,,,https://www.squareyards.com/property-rates/godadara-surat,2026-06-25T12:57:25.140609+00:00,locality_synthetic,550,1,1,12.72,godadara
Surat,Gujarat,Surat,Godadara,Apartment,residential,2312.0,,,,https://www.squareyards.com/property-rates/godadara-surat,2026-06-25T12:57:25.140609+00:00,locality_synthetic,1050,2,2,24.28,godadara
Surat,Gujarat,Surat,Godadara,Apartment,residential,2312.0,,,,https://www.squareyards.com/property-rates/godadara-surat,2026-06-25T12:57:25.140609+00:00,locality_synthetic,1450,3,3,33.52,godadara
Surat,Gujarat,Surat,Godadara,Apartment,residential,2312.0,,,,https://www.squareyards.com/property-rates/godadara-surat,2026-06-25T12:57:25.140609+00:00,locality_synthetic,2000,4,4,46.24,godadara
Surat,Gujarat,Surat,Godadara,Flat,residential,2312.0,,,,https://www.squareyards.com/property-rates/godadara-surat,2026-06-25T12:57:25.140609+00:00,locality_synthetic,550,1,1,12.72,godadara
Surat,Gujarat,Surat,Godadara,Flat,residential,2312.0,,,,https://www.squareyards.com/property-rates/godadara-surat,2026-06-25T12:57:25.140609+00:00,locality_synthetic,1050,2,2,24.28,godadara
Surat,Gujarat,Surat,Godadara,Flat,residential,2312.0,,,,https://www.squareyards.com/property-rates/godadara-surat,2026-06-25T12:57:25.140609+00:00,locality_synthetic,1450,3,3,33.52,godadara
Surat,Gujarat,Surat,Godadara,Flat,residential,2312.0,,,,https://www.squareyards.com/property-rates/godadara-surat,2026-06-25T12:57:25.140609+00:00,locality_synthetic,2000,4,4,46.24,godadara
Surat,Gujarat,Surat,Godadara,Studio,residential,2127.04,,,,https://www.squareyards.com/property-rates/godadara-surat,2026-06-25T12:57:25.140609+00:00,locality_synthetic,400,1,1,8.51,godadara
Surat,Gujarat,Surat,Godadara,Studio,residential,2127.04,,,,https://www.squareyards.com/property-rates/godadara-surat,2026-06-25T12:57:25.140609+00:00,locality_synthetic,500,1,1,10.64,godadara
Surat,Gujarat,Surat,Godadara,Penthouse,residential,3121.2,,,,https://www.squareyards.com/property-rates/godadara-surat,2026-06-25T12:57:25.140609+00:00,locality_synthetic,1800,3,3,56.18,godadara
Surat,Gujarat,Surat,Godadara,Penthouse,residential,3121.2,,,,https://www.squareyards.com/property-rates/godadara-surat,2026-06-25T12:57:25.140609+00:00,locality_synthetic,2500,4,4,78.03,godadara
Surat,Gujarat,Surat,Godadara,Penthouse,residential,3121.2,,,,https://www.squareyards.com/property-rates/godadara-surat,2026-06-25T12:57:25.140609+00:00,locality_synthetic,3200,5,5,99.88,godadara
Surat,Gujarat,Surat,Godadara,Villa,residential,3515.0,,,,https://www.squareyards.com/property-rates/godadara-surat,2026-06-25T12:57:25.140609+00:00,locality_synthetic,1500,2,2,52.73,godadara
Surat,Gujarat,Surat,Godadara,Villa,residential,3515.0,,,,https://www.squareyards.com/property-rates/godadara-surat,2026-06-25T12:57:25.140609+00:00,locality_synthetic,2200,3,3,77.33,godadara
Surat,Gujarat,Surat,Godadara,Villa,residential,3515.0,,,,https://www.squareyards.com/property-rates/godadara-surat,2026-06-25T12:57:25.140609+00:00,locality_synthetic,3000,4,4,105.45,godadara
Surat,Gujarat,Surat,Godadara,Villa,residential,3515.0,,,,https://www.squareyards.com/property-rates/godadara-surat,2026-06-25T12:57:25.140609+00:00,locality_synthetic,4500,5,5,158.18,godadara
Surat,Gujarat,Surat,Godadara,Bungalow,residential,3796.2,,,,https://www.squareyards.com/property-rates/godadara-surat,2026-06-25T12:57:25.140609+00:00,locality_synthetic,2500,3,3,94.91,godadara
Surat,Gujarat,Surat,Godadara,Bungalow,residential,3796.2,,,,https://www.squareyards.com/property-rates/godadara-surat,2026-06-25T12:57:25.140609+00:00,locality_synthetic,3500,4,4,132.87,godadara
Surat,Gujarat,Surat,Godadara,Bungalow,residential,3796.2,,,,https://www.squareyards.com/property-rates/godadara-surat,2026-06-25T12:57:25.140609+00:00,locality_synthetic,5000,5,5,189.81,godadara
Surat,Gujarat,Surat,Godadara,Bungalow,residential,3796.2,,,,https://www.squareyards.com/property-rates/godadara-surat,2026-06-25T12:57:25.140609+00:00,locality_synthetic,6500,6,6,246.75,godadara
Surat,Gujarat,Surat,Godadara,House,residential,3444.7,,,,https://www.squareyards.com/property-rates/godadara-surat,2026-06-25T12:57:25.140609+00:00,locality_synthetic,1200,2,2,41.34,godadara
Surat,Gujarat,Surat,Godadara,House,residential,3444.7,,,,https://www.squareyards.com/property-rates/godadara-surat,2026-06-25T12:57:25.140609+00:00,locality_synthetic,1800,3,3,62.0,godadara
Surat,Gujarat,Surat,Godadara,House,residential,3444.7,,,,https://www.squareyards.com/property-rates/godadara-surat,2026-06-25T12:57:25.140609+00:00,locality_synthetic,2400,4,4,82.67,godadara
Surat,Gujarat,Surat,Godadara,House,residential,3444.7,,,,https://www.squareyards.com/property-rates/godadara-surat,2026-06-25T12:57:25.140609+00:00,locality_synthetic,3200,5,5,110.23,godadara
Surat,Gujarat,Surat,Godadara,Plot,residential,1271.6,,,,https://www.squareyards.com/property-rates/godadara-surat,2026-06-25T12:57:25.140609+00:00,locality_synthetic,1000,0,0,12.72,godadara
Surat,Gujarat,Surat,Godadara,Plot,residential,1271.6,,,,https://www.squareyards.com/property-rates/godadara-surat,2026-06-25T12:57:25.140609+00:00,locality_synthetic,1500,0,0,19.07,godadara
Surat,Gujarat,Surat,Godadara,Plot,residential,1271.6,,,,https://www.squareyards.com/property-rates/godadara-surat,2026-06-25T12:57:25.140609+00:00,locality_synthetic,2400,0,0,30.52,godadara
Surat,Gujarat,Surat,Godadara,Plot,residential,1271.6,,,,https://www.squareyards.com/property-rates/godadara-surat,2026-06-25T12:57:25.140609+00:00,locality_synthetic,4000,0,0,50.86,godadara
Surat,Gujarat,Surat,Godadara,Shop,commercial,2312.0,,,,https://www.squareyards.com/property-rates/godadara-surat,2026-06-25T12:57:25.140609+00:00,locality_synthetic,200,0,0,4.62,godadara
Surat,Gujarat,Surat,Godadara,Shop,commercial,2312.0,,,,https://www.squareyards.com/property-rates/godadara-surat,2026-06-25T12:57:25.140609+00:00,locality_synthetic,400,0,0,9.25,godadara
Surat,Gujarat,Surat,Godadara,Shop,commercial,2312.0,,,,https://www.squareyards.com/property-rates/godadara-surat,2026-06-25T12:57:25.140609+00:00,locality_synthetic,800,0,0,18.5,godadara
Surat,Gujarat,Surat,Godadara,Shop,commercial,2312.0,,,,https://www.squareyards.com/property-rates/godadara-surat,2026-06-25T12:57:25.140609+00:00,locality_synthetic,1200,0,0,27.74,godadara
Surat,Gujarat,Surat,Godadara,Showroom,commercial,2589.44,,,,https://www.squareyards.com/property-rates/godadara-surat,2026-06-25T12:57:25.140609+00:00,locality_synthetic,600,0,0,15.54,godadara
Surat,Gujarat,Surat,Godadara,Showroom,commercial,2589.44,,,,https://www.squareyards.com/property-rates/godadara-surat,2026-06-25T12:57:25.140609+00:00,locality_synthetic,1200,0,0,31.07,godadara
Surat,Gujarat,Surat,Godadara,Showroom,commercial,2589.44,,,,https://www.squareyards.com/property-rates/godadara-surat,2026-06-25T12:57:25.140609+00:00,locality_synthetic,2500,0,0,64.74,godadara
Surat,Gujarat,Surat,Godadara,Showroom,commercial,2589.44,,,,https://www.squareyards.com/property-rates/godadara-surat,2026-06-25T12:57:25.140609+00:00,locality_synthetic,4000,0,0,103.58,godadara
Surat,Gujarat,Surat,Godadara,Commercial,commercial,2427.6,,,,https://www.squareyards.com/property-rates/godadara-surat,2026-06-25T12:57:25.140609+00:00,locality_synthetic,500,0,0,12.14,godadara
Surat,Gujarat,Surat,Godadara,Commercial,commercial,2427.6,,,,https://www.squareyards.com/property-rates/godadara-surat,2026-06-25T12:57:25.140609+00:00,locality_synthetic,1000,0,0,24.28,godadara
Surat,Gujarat,Surat,Godadara,Commercial,commercial,2427.6,,,,https://www.squareyards.com/property-rates/godadara-surat,2026-06-25T12:57:25.140609+00:00,locality_synthetic,2000,0,0,48.55,godadara
Surat,Gujarat,Surat,Godadara,Commercial,commercial,2427.6,,,,https://www.squareyards.com/property-rates/godadara-surat,2026-06-25T12:57:25.140609+00:00,locality_synthetic,3500,0,0,84.97,godadara
Surat,Gujarat,Surat,Godadara,Warehouse,commercial,1664.64,,,,https://www.squareyards.com/property-rates/godadara-surat,2026-06-25T12:57:25.140609+00:00,locality_synthetic,1500,0,0,24.97,godadara
Surat,Gujarat,Surat,Godadara,Warehouse,commercial,1664.64,,,,https://www.squareyards.com/property-rates/godadara-surat,2026-06-25T12:57:25.140609+00:00,locality_synthetic,3000,0,0,49.94,godadara
Surat,Gujarat,Surat,Godadara,Warehouse,commercial,1664.64,,,,https://www.squareyards.com/property-rates/godadara-surat,2026-06-25T12:57:25.140609+00:00,locality_synthetic,5000,0,0,83.23,godadara
Surat,Gujarat,Surat,Godadara,Warehouse,commercial,1664.64,,,,https://www.squareyards.com/property-rates/godadara-surat,2026-06-25T12:57:25.140609+00:00,locality_synthetic,10000,0,0,166.46,godadara
Surat,Gujarat,Surat,Godadara,Retail,commercial,2312.0,,,,https://www.squareyards.com/property-rates/godadara-surat,2026-06-25T12:57:25.140609+00:00,locality_synthetic,300,0,0,6.94,godadara
Surat,Gujarat,Surat,Godadara,Retail,commercial,2312.0,,,,https://www.squareyards.com/property-rates/godadara-surat,2026-06-25T12:57:25.140609+00:00,locality_synthetic,600,0,0,13.87,godadara
Surat,Gujarat,Surat,Godadara,Retail,commercial,2312.0,,,,https://www.squareyards.com/property-rates/godadara-surat,2026-06-25T12:57:25.140609+00:00,locality_synthetic,1000,0,0,23.12,godadara
Surat,Gujarat,Surat,Godadara,Retail,commercial,2312.0,,,,https://www.squareyards.com/property-rates/godadara-surat,2026-06-25T12:57:25.140609+00:00,locality_synthetic,1800,0,0,41.62,godadara
Surat,Gujarat,Surat,Jahangir Pura,Apartment,residential,3700.0,,,7.49,https://www.squareyards.com/property-rates/jahangir-pura-surat,2026-06-25T12:57:25.140609+00:00,locality_synthetic,550,1,1,20.35,jahangir pura
Surat,Gujarat,Surat,Jahangir Pura,Apartment,residential,3700.0,,,7.49,https://www.squareyards.com/property-rates/jahangir-pura-surat,2026-06-25T12:57:25.140609+00:00,locality_synthetic,1050,2,2,38.85,jahangir pura
Surat,Gujarat,Surat,Jahangir Pura,Apartment,residential,3700.0,,,7.49,https://www.squareyards.com/property-rates/jahangir-pura-surat,2026-06-25T12:57:25.140609+00:00,locality_synthetic,1450,3,3,53.65,jahangir pura
Surat,Gujarat,Surat,Jahangir Pura,Apartment,residential,3700.0,,,7.49,https://www.squareyards.com/property-rates/jahangir-pura-surat,2026-06-25T12:57:25.140609+00:00,locality_synthetic,2000,4,4,74.0,jahangir pura
Surat,Gujarat,Surat,Jahangir Pura,Flat,residential,3700.0,,,7.49,https://www.squareyards.com/property-rates/jahangir-pura-surat,2026-06-25T12:57:25.140609+00:00,locality_synthetic,550,1,1,20.35,jahangir pura
Surat,Gujarat,Surat,Jahangir Pura,Flat,residential,3700.0,,,7.49,https://www.squareyards.com/property-rates/jahangir-pura-surat,2026-06-25T12:57:25.140609+00:00,locality_synthetic,1050,2,2,38.85,jahangir pura
Surat,Gujarat,Surat,Jahangir Pura,Flat,residential,3700.0,,,7.49,https://www.squareyards.com/property-rates/jahangir-pura-surat,2026-06-25T12:57:25.140609+00:00,locality_synthetic,1450,3,3,53.65,jahangir pura
Surat,Gujarat,Surat,Jahangir Pura,Flat,residential,3700.0,,,7.49,https://www.squareyards.com/property-rates/jahangir-pura-surat,2026-06-25T12:57:25.140609+00:00,locality_synthetic,2000,4,4,74.0,jahangir pura
Surat,Gujarat,Surat,Jahangir Pura,Studio,residential,3404.0,,,7.49,https://www.squareyards.com/property-rates/jahangir-pura-surat,2026-06-25T12:57:25.140609+00:00,locality_synthetic,400,1,1,13.62,jahangir pura
Surat,Gujarat,Surat,Jahangir Pura,Studio,residential,3404.0,,,7.49,https://www.squareyards.com/property-rates/jahangir-pura-surat,2026-06-25T12:57:25.140609+00:00,locality_synthetic,500,1,1,17.02,jahangir pura
Surat,Gujarat,Surat,Jahangir Pura,Penthouse,residential,4995.0,,,7.49,https://www.squareyards.com/property-rates/jahangir-pura-surat,2026-06-25T12:57:25.140609+00:00,locality_synthetic,1800,3,3,89.91,jahangir pura
Surat,Gujarat,Surat,Jahangir Pura,Penthouse,residential,4995.0,,,7.49,https://www.squareyards.com/property-rates/jahangir-pura-surat,2026-06-25T12:57:25.140609+00:00,locality_synthetic,2500,4,4,124.88,jahangir pura
Surat,Gujarat,Surat,Jahangir Pura,Penthouse,residential,4995.0,,,7.49,https://www.squareyards.com/property-rates/jahangir-pura-surat,2026-06-25T12:57:25.140609+00:00,locality_synthetic,3200,5,5,159.84,jahangir pura
Surat,Gujarat,Surat,Jahangir Pura,Villa,residential,3700.0,,,7.49,https://www.squareyards.com/property-rates/jahangir-pura-surat,2026-06-25T12:57:25.140609+00:00,locality_synthetic,1500,2,2,55.5,jahangir pura
Surat,Gujarat,Surat,Jahangir Pura,Villa,residential,3700.0,,,7.49,https://www.squareyards.com/property-rates/jahangir-pura-surat,2026-06-25T12:57:25.140609+00:00,locality_synthetic,2200,3,3,81.4,jahangir pura
Surat,Gujarat,Surat,Jahangir Pura,Villa,residential,3700.0,,,7.49,https://www.squareyards.com/property-rates/jahangir-pura-surat,2026-06-25T12:57:25.140609+00:00,locality_synthetic,3000,4,4,111.0,jahangir pura
Surat,Gujarat,Surat,Jahangir Pura,Villa,residential,3700.0,,,7.49,https://www.squareyards.com/property-rates/jahangir-pura-surat,2026-06-25T12:57:25.140609+00:00,locality_synthetic,4500,5,5,166.5,jahangir pura
Surat,Gujarat,Surat,Jahangir Pura,Bungalow,residential,3996.0,,,7.49,https://www.squareyards.com/property-rates/jahangir-pura-surat,2026-06-25T12:57:25.140609+00:00,locality_synthetic,2500,3,3,99.9,jahangir pura
Surat,Gujarat,Surat,Jahangir Pura,Bungalow,residential,3996.0,,,7.49,https://www.squareyards.com/property-rates/jahangir-pura-surat,2026-06-25T12:57:25.140609+00:00,locality_synthetic,3500,4,4,139.86,jahangir pura
Surat,Gujarat,Surat,Jahangir Pura,Bungalow,residential,3996.0,,,7.49,https://www.squareyards.com/property-rates/jahangir-pura-surat,2026-06-25T12:57:25.140609+00:00,locality_synthetic,5000,5,5,199.8,jahangir pura
Surat,Gujarat,Surat,Jahangir Pura,Bungalow,residential,3996.0,,,7.49,https://www.squareyards.com/property-rates/jahangir-pura-surat,2026-06-25T12:57:25.140609+00:00,locality_synthetic,6500,6,6,259.74,jahangir pura
Surat,Gujarat,Surat,Jahangir Pura,House,residential,3626.0,,,7.49,https://www.squareyards.com/property-rates/jahangir-pura-surat,2026-06-25T12:57:25.140609+00:00,locality_synthetic,1200,2,2,43.51,jahangir pura
Surat,Gujarat,Surat,Jahangir Pura,House,residential,3626.0,,,7.49,https://www.squareyards.com/property-rates/jahangir-pura-surat,2026-06-25T12:57:25.140609+00:00,locality_synthetic,1800,3,3,65.27,jahangir pura
Surat,Gujarat,Surat,Jahangir Pura,House,residential,3626.0,,,7.49,https://www.squareyards.com/property-rates/jahangir-pura-surat,2026-06-25T12:57:25.140609+00:00,locality_synthetic,2400,4,4,87.02,jahangir pura
Surat,Gujarat,Surat,Jahangir Pura,House,residential,3626.0,,,7.49,https://www.squareyards.com/property-rates/jahangir-pura-surat,2026-06-25T12:57:25.140609+00:00,locality_synthetic,3200,5,5,116.03,jahangir pura
Surat,Gujarat,Surat,Jahangir Pura,Plot,residential,2035.0,,,7.49,https://www.squareyards.com/property-rates/jahangir-pura-surat,2026-06-25T12:57:25.140609+00:00,locality_synthetic,1000,0,0,20.35,jahangir pura
Surat,Gujarat,Surat,Jahangir Pura,Plot,residential,2035.0,,,7.49,https://www.squareyards.com/property-rates/jahangir-pura-surat,2026-06-25T12:57:25.140609+00:00,locality_synthetic,1500,0,0,30.52,jahangir pura
Surat,Gujarat,Surat,Jahangir Pura,Plot,residential,2035.0,,,7.49,https://www.squareyards.com/property-rates/jahangir-pura-surat,2026-06-25T12:57:25.140609+00:00,locality_synthetic,2400,0,0,48.84,jahangir pura
Surat,Gujarat,Surat,Jahangir Pura,Plot,residential,2035.0,,,7.49,https://www.squareyards.com/property-rates/jahangir-pura-surat,2026-06-25T12:57:25.140609+00:00,locality_synthetic,4000,0,0,81.4,jahangir pura
Surat,Gujarat,Surat,Jahangir Pura,Shop,commercial,3700.0,,,7.49,https://www.squareyards.com/property-rates/jahangir-pura-surat,2026-06-25T12:57:25.140609+00:00,locality_synthetic,200,0,0,7.4,jahangir pura
Surat,Gujarat,Surat,Jahangir Pura,Shop,commercial,3700.0,,,7.49,https://www.squareyards.com/property-rates/jahangir-pura-surat,2026-06-25T12:57:25.140609+00:00,locality_synthetic,400,0,0,14.8,jahangir pura
Surat,Gujarat,Surat,Jahangir Pura,Shop,commercial,3700.0,,,7.49,https://www.squareyards.com/property-rates/jahangir-pura-surat,2026-06-25T12:57:25.140609+00:00,locality_synthetic,800,0,0,29.6,jahangir pura
Surat,Gujarat,Surat,Jahangir Pura,Shop,commercial,3700.0,,,7.49,https://www.squareyards.com/property-rates/jahangir-pura-surat,2026-06-25T12:57:25.140609+00:00,locality_synthetic,1200,0,0,44.4,jahangir pura
Surat,Gujarat,Surat,Jahangir Pura,Showroom,commercial,4144.0,,,7.49,https://www.squareyards.com/property-rates/jahangir-pura-surat,2026-06-25T12:57:25.140609+00:00,locality_synthetic,600,0,0,24.86,jahangir pura
Surat,Gujarat,Surat,Jahangir Pura,Showroom,commercial,4144.0,,,7.49,https://www.squareyards.com/property-rates/jahangir-pura-surat,2026-06-25T12:57:25.140609+00:00,locality_synthetic,1200,0,0,49.73,jahangir pura
Surat,Gujarat,Surat,Jahangir Pura,Showroom,commercial,4144.0,,,7.49,https://www.squareyards.com/property-rates/jahangir-pura-surat,2026-06-25T12:57:25.140609+00:00,locality_synthetic,2500,0,0,103.6,jahangir pura
Surat,Gujarat,Surat,Jahangir Pura,Showroom,commercial,4144.0,,,7.49,https://www.squareyards.com/property-rates/jahangir-pura-surat,2026-06-25T12:57:25.140609+00:00,locality_synthetic,4000,0,0,165.76,jahangir pura
Surat,Gujarat,Surat,Jahangir Pura,Office,commercial,3700.0,,,7.49,https://www.squareyards.com/property-rates/jahangir-pura-surat,2026-06-25T12:57:25.140609+00:00,locality_synthetic,500,0,0,18.5,jahangir pura
Surat,Gujarat,Surat,Jahangir Pura,Office,commercial,3700.0,,,7.49,https://www.squareyards.com/property-rates/jahangir-pura-surat,2026-06-25T12:57:25.140609+00:00,locality_synthetic,1000,0,0,37.0,jahangir pura
Surat,Gujarat,Surat,Jahangir Pura,Office,commercial,3700.0,,,7.49,https://www.squareyards.com/property-rates/jahangir-pura-surat,2026-06-25T12:57:25.140609+00:00,locality_synthetic,2000,0,0,74.0,jahangir pura
Surat,Gujarat,Surat,Jahangir Pura,Office,commercial,3700.0,,,7.49,https://www.squareyards.com/property-rates/jahangir-pura-surat,2026-06-25T12:57:25.140609+00:00,locality_synthetic,5000,0,0,185.0,jahangir pura
Surat,Gujarat,Surat,Jahangir Pura,Commercial,commercial,3885.0,,,7.49,https://www.squareyards.com/property-rates/jahangir-pura-surat,2026-06-25T12:57:25.140609+00:00,locality_synthetic,500,0,0,19.43,jahangir pura
Surat,Gujarat,Surat,Jahangir Pura,Commercial,commercial,3885.0,,,7.49,https://www.squareyards.com/property-rates/jahangir-pura-surat,2026-06-25T12:57:25.140609+00:00,locality_synthetic,1000,0,0,38.85,jahangir pura
Surat,Gujarat,Surat,Jahangir Pura,Commercial,commercial,3885.0,,,7.49,https://www.squareyards.com/property-rates/jahangir-pura-surat,2026-06-25T12:57:25.140609+00:00,locality_synthetic,2000,0,0,77.7,jahangir pura
Surat,Gujarat,Surat,Jahangir Pura,Commercial,commercial,3885.0,,,7.49,https://www.squareyards.com/property-rates/jahangir-pura-surat,2026-06-25T12:57:25.140609+00:00,locality_synthetic,3500,0,0,135.97,jahangir pura
Surat,Gujarat,Surat,Jahangir Pura,Warehouse,commercial,2664.0,,,7.49,https://www.squareyards.com/property-rates/jahangir-pura-surat,2026-06-25T12:57:25.140609+00:00,locality_synthetic,1500,0,0,39.96,jahangir pura
Surat,Gujarat,Surat,Jahangir Pura,Warehouse,commercial,2664.0,,,7.49,https://www.squareyards.com/property-rates/jahangir-pura-surat,2026-06-25T12:57:25.140609+00:00,locality_synthetic,3000,0,0,79.92,jahangir pura
Surat,Gujarat,Surat,Jahangir Pura,Warehouse,commercial,2664.0,,,7.49,https://www.squareyards.com/property-rates/jahangir-pura-surat,2026-06-25T12:57:25.140609+00:00,locality_synthetic,5000,0,0,133.2,jahangir pura
Surat,Gujarat,Surat,Jahangir Pura,Warehouse,commercial,2664.0,,,7.49,https://www.squareyards.com/property-rates/jahangir-pura-surat,2026-06-25T12:57:25.140609+00:00,locality_synthetic,10000,0,0,266.4,jahangir pura
Surat,Gujarat,Surat,Jahangir Pura,Retail,commercial,3700.0,,,7.49,https://www.squareyards.com/property-rates/jahangir-pura-surat,2026-06-25T12:57:25.140609+00:00,locality_synthetic,300,0,0,11.1,jahangir pura
Surat,Gujarat,Surat,Jahangir Pura,Retail,commercial,3700.0,,,7.49,https://www.squareyards.com/property-rates/jahangir-pura-surat,2026-06-25T12:57:25.140609+00:00,locality_synthetic,600,0,0,22.2,jahangir pura
Surat,Gujarat,Surat,Jahangir Pura,Retail,commercial,3700.0,,,7.49,https://www.squareyards.com/property-rates/jahangir-pura-surat,2026-06-25T12:57:25.140609+00:00,locality_synthetic,1000,0,0,37.0,jahangir pura
Surat,Gujarat,Surat,Jahangir Pura,Retail,commercial,3700.0,,,7.49,https://www.squareyards.com/property-rates/jahangir-pura-surat,2026-06-25T12:57:25.140609+00:00,locality_synthetic,1800,0,0,66.6,jahangir pura
Surat,Gujarat,Surat,Jahangirabad,Apartment,residential,3600.0,,,-2.76,https://www.squareyards.com/property-rates/jahangirabad-surat,2026-06-25T12:57:25.140609+00:00,locality_synthetic,550,1,1,19.8,jahangirabad
Surat,Gujarat,Surat,Jahangirabad,Apartment,residential,3600.0,,,-2.76,https://www.squareyards.com/property-rates/jahangirabad-surat,2026-06-25T12:57:25.140609+00:00,locality_synthetic,1050,2,2,37.8,jahangirabad
Surat,Gujarat,Surat,Jahangirabad,Apartment,residential,3600.0,,,-2.76,https://www.squareyards.com/property-rates/jahangirabad-surat,2026-06-25T12:57:25.140609+00:00,locality_synthetic,1450,3,3,52.2,jahangirabad
Surat,Gujarat,Surat,Jahangirabad,Apartment,residential,3600.0,,,-2.76,https://www.squareyards.com/property-rates/jahangirabad-surat,2026-06-25T12:57:25.140609+00:00,locality_synthetic,2000,4,4,72.0,jahangirabad
Surat,Gujarat,Surat,Jahangirabad,Flat,residential,3600.0,,,-2.76,https://www.squareyards.com/property-rates/jahangirabad-surat,2026-06-25T12:57:25.140609+00:00,locality_synthetic,550,1,1,19.8,jahangirabad
Surat,Gujarat,Surat,Jahangirabad,Flat,residential,3600.0,,,-2.76,https://www.squareyards.com/property-rates/jahangirabad-surat,2026-06-25T12:57:25.140609+00:00,locality_synthetic,1050,2,2,37.8,jahangirabad
Surat,Gujarat,Surat,Jahangirabad,Flat,residential,3600.0,,,-2.76,https://www.squareyards.com/property-rates/jahangirabad-surat,2026-06-25T12:57:25.140609+00:00,locality_synthetic,1450,3,3,52.2,jahangirabad
Surat,Gujarat,Surat,Jahangirabad,Flat,residential,3600.0,,,-2.76,https://www.squareyards.com/property-rates/jahangirabad-surat,2026-06-25T12:57:25.140609+00:00,locality_synthetic,2000,4,4,72.0,jahangirabad
Surat,Gujarat,Surat,Jahangirabad,Studio,residential,3312.0,,,-2.76,https://www.squareyards.com/property-rates/jahangirabad-surat,2026-06-25T12:57:25.140609+00:00,locality_synthetic,400,1,1,13.25,jahangirabad
Surat,Gujarat,Surat,Jahangirabad,Studio,residential,3312.0,,,-2.76,https://www.squareyards.com/property-rates/jahangirabad-surat,2026-06-25T12:57:25.140609+00:00,locality_synthetic,500,1,1,16.56,jahangirabad
Surat,Gujarat,Surat,Jahangirabad,Penthouse,residential,4860.0,,,-2.76,https://www.squareyards.com/property-rates/jahangirabad-surat,2026-06-25T12:57:25.140609+00:00,locality_synthetic,1800,3,3,87.48,jahangirabad
Surat,Gujarat,Surat,Jahangirabad,Penthouse,residential,4860.0,,,-2.76,https://www.squareyards.com/property-rates/jahangirabad-surat,2026-06-25T12:57:25.140609+00:00,locality_synthetic,2500,4,4,121.5,jahangirabad
Surat,Gujarat,Surat,Jahangirabad,Penthouse,residential,4860.0,,,-2.76,https://www.squareyards.com/property-rates/jahangirabad-surat,2026-06-25T12:57:25.140609+00:00,locality_synthetic,3200,5,5,155.52,jahangirabad
Surat,Gujarat,Surat,Jahangirabad,Villa,residential,3600.0,,,-2.76,https://www.squareyards.com/property-rates/jahangirabad-surat,2026-06-25T12:57:25.140609+00:00,locality_synthetic,1500,2,2,54.0,jahangirabad
Surat,Gujarat,Surat,Jahangirabad,Villa,residential,3600.0,,,-2.76,https://www.squareyards.com/property-rates/jahangirabad-surat,2026-06-25T12:57:25.140609+00:00,locality_synthetic,2200,3,3,79.2,jahangirabad
Surat,Gujarat,Surat,Jahangirabad,Villa,residential,3600.0,,,-2.76,https://www.squareyards.com/property-rates/jahangirabad-surat,2026-06-25T12:57:25.140609+00:00,locality_synthetic,3000,4,4,108.0,jahangirabad
Surat,Gujarat,Surat,Jahangirabad,Villa,residential,3600.0,,,-2.76,https://www.squareyards.com/property-rates/jahangirabad-surat,2026-06-25T12:57:25.140609+00:00,locality_synthetic,4500,5,5,162.0,jahangirabad
Surat,Gujarat,Surat,Jahangirabad,Bungalow,residential,3888.0,,,-2.76,https://www.squareyards.com/property-rates/jahangirabad-surat,2026-06-25T12:57:25.140609+00:00,locality_synthetic,2500,3,3,97.2,jahangirabad
Surat,Gujarat,Surat,Jahangirabad,Bungalow,residential,3888.0,,,-2.76,https://www.squareyards.com/property-rates/jahangirabad-surat,2026-06-25T12:57:25.140609+00:00,locality_synthetic,3500,4,4,136.08,jahangirabad
Surat,Gujarat,Surat,Jahangirabad,Bungalow,residential,3888.0,,,-2.76,https://www.squareyards.com/property-rates/jahangirabad-surat,2026-06-25T12:57:25.140609+00:00,locality_synthetic,5000,5,5,194.4,jahangirabad
Surat,Gujarat,Surat,Jahangirabad,Bungalow,residential,3888.0,,,-2.76,https://www.squareyards.com/property-rates/jahangirabad-surat,2026-06-25T12:57:25.140609+00:00,locality_synthetic,6500,6,6,252.72,jahangirabad
Surat,Gujarat,Surat,Jahangirabad,House,residential,3528.0,,,-2.76,https://www.squareyards.com/property-rates/jahangirabad-surat,2026-06-25T12:57:25.140609+00:00,locality_synthetic,1200,2,2,42.34,jahangirabad
Surat,Gujarat,Surat,Jahangirabad,House,residential,3528.0,,,-2.76,https://www.squareyards.com/property-rates/jahangirabad-surat,2026-06-25T12:57:25.140609+00:00,locality_synthetic,1800,3,3,63.5,jahangirabad
Surat,Gujarat,Surat,Jahangirabad,House,residential,3528.0,,,-2.76,https://www.squareyards.com/property-rates/jahangirabad-surat,2026-06-25T12:57:25.140609+00:00,locality_synthetic,2400,4,4,84.67,jahangirabad
Surat,Gujarat,Surat,Jahangirabad,House,residential,3528.0,,,-2.76,https://www.squareyards.com/property-rates/jahangirabad-surat,2026-06-25T12:57:25.140609+00:00,locality_synthetic,3200,5,5,112.9,jahangirabad
Surat,Gujarat,Surat,Jahangirabad,Plot,residential,1980.0,,,-2.76,https://www.squareyards.com/property-rates/jahangirabad-surat,2026-06-25T12:57:25.140609+00:00,locality_synthetic,1000,0,0,19.8,jahangirabad
Surat,Gujarat,Surat,Jahangirabad,Plot,residential,1980.0,,,-2.76,https://www.squareyards.com/property-rates/jahangirabad-surat,2026-06-25T12:57:25.140609+00:00,locality_synthetic,1500,0,0,29.7,jahangirabad
Surat,Gujarat,Surat,Jahangirabad,Plot,residential,1980.0,,,-2.76,https://www.squareyards.com/property-rates/jahangirabad-surat,2026-06-25T12:57:25.140609+00:00,locality_synthetic,2400,0,0,47.52,jahangirabad
Surat,Gujarat,Surat,Jahangirabad,Plot,residential,1980.0,,,-2.76,https://www.squareyards.com/property-rates/jahangirabad-surat,2026-06-25T12:57:25.140609+00:00,locality_synthetic,4000,0,0,79.2,jahangirabad
Surat,Gujarat,Surat,Jahangirabad,Shop,commercial,3600.0,,,-2.76,https://www.squareyards.com/property-rates/jahangirabad-surat,2026-06-25T12:57:25.140609+00:00,locality_synthetic,200,0,0,7.2,jahangirabad
Surat,Gujarat,Surat,Jahangirabad,Shop,commercial,3600.0,,,-2.76,https://www.squareyards.com/property-rates/jahangirabad-surat,2026-06-25T12:57:25.140609+00:00,locality_synthetic,400,0,0,14.4,jahangirabad
Surat,Gujarat,Surat,Jahangirabad,Shop,commercial,3600.0,,,-2.76,https://www.squareyards.com/property-rates/jahangirabad-surat,2026-06-25T12:57:25.140609+00:00,locality_synthetic,800,0,0,28.8,jahangirabad
Surat,Gujarat,Surat,Jahangirabad,Shop,commercial,3600.0,,,-2.76,https://www.squareyards.com/property-rates/jahangirabad-surat,2026-06-25T12:57:25.140609+00:00,locality_synthetic,1200,0,0,43.2,jahangirabad
Surat,Gujarat,Surat,Jahangirabad,Showroom,commercial,4032.0,,,-2.76,https://www.squareyards.com/property-rates/jahangirabad-surat,2026-06-25T12:57:25.140609+00:00,locality_synthetic,600,0,0,24.19,jahangirabad
Surat,Gujarat,Surat,Jahangirabad,Showroom,commercial,4032.0,,,-2.76,https://www.squareyards.com/property-rates/jahangirabad-surat,2026-06-25T12:57:25.140609+00:00,locality_synthetic,1200,0,0,48.38,jahangirabad
Surat,Gujarat,Surat,Jahangirabad,Showroom,commercial,4032.0,,,-2.76,https://www.squareyards.com/property-rates/jahangirabad-surat,2026-06-25T12:57:25.140609+00:00,locality_synthetic,2500,0,0,100.8,jahangirabad
Surat,Gujarat,Surat,Jahangirabad,Showroom,commercial,4032.0,,,-2.76,https://www.squareyards.com/property-rates/jahangirabad-surat,2026-06-25T12:57:25.140609+00:00,locality_synthetic,4000,0,0,161.28,jahangirabad
Surat,Gujarat,Surat,Jahangirabad,Office,commercial,3600.0,,,-2.76,https://www.squareyards.com/property-rates/jahangirabad-surat,2026-06-25T12:57:25.140609+00:00,locality_synthetic,500,0,0,18.0,jahangirabad
Surat,Gujarat,Surat,Jahangirabad,Office,commercial,3600.0,,,-2.76,https://www.squareyards.com/property-rates/jahangirabad-surat,2026-06-25T12:57:25.140609+00:00,locality_synthetic,1000,0,0,36.0,jahangirabad
Surat,Gujarat,Surat,Jahangirabad,Office,commercial,3600.0,,,-2.76,https://www.squareyards.com/property-rates/jahangirabad-surat,2026-06-25T12:57:25.140609+00:00,locality_synthetic,2000,0,0,72.0,jahangirabad
Surat,Gujarat,Surat,Jahangirabad,Office,commercial,3600.0,,,-2.76,https://www.squareyards.com/property-rates/jahangirabad-surat,2026-06-25T12:57:25.140609+00:00,locality_synthetic,5000,0,0,180.0,jahangirabad
Surat,Gujarat,Surat,Jahangirabad,Commercial,commercial,3780.0,,,-2.76,https://www.squareyards.com/property-rates/jahangirabad-surat,2026-06-25T12:57:25.140609+00:00,locality_synthetic,500,0,0,18.9,jahangirabad
Surat,Gujarat,Surat,Jahangirabad,Commercial,commercial,3780.0,,,-2.76,https://www.squareyards.com/property-rates/jahangirabad-surat,2026-06-25T12:57:25.140609+00:00,locality_synthetic,1000,0,0,37.8,jahangirabad
Surat,Gujarat,Surat,Jahangirabad,Commercial,commercial,3780.0,,,-2.76,https://www.squareyards.com/property-rates/jahangirabad-surat,2026-06-25T12:57:25.140609+00:00,locality_synthetic,2000,0,0,75.6,jahangirabad
Surat,Gujarat,Surat,Jahangirabad,Commercial,commercial,3780.0,,,-2.76,https://www.squareyards.com/property-rates/jahangirabad-surat,2026-06-25T12:57:25.140609+00:00,locality_synthetic,3500,0,0,132.3,jahangirabad
Surat,Gujarat,Surat,Jahangirabad,Warehouse,commercial,2592.0,,,-2.76,https://www.squareyards.com/property-rates/jahangirabad-surat,2026-06-25T12:57:25.140609+00:00,locality_synthetic,1500,0,0,38.88,jahangirabad
Surat,Gujarat,Surat,Jahangirabad,Warehouse,commercial,2592.0,,,-2.76,https://www.squareyards.com/property-rates/jahangirabad-surat,2026-06-25T12:57:25.140609+00:00,locality_synthetic,3000,0,0,77.76,jahangirabad
Surat,Gujarat,Surat,Jahangirabad,Warehouse,commercial,2592.0,,,-2.76,https://www.squareyards.com/property-rates/jahangirabad-surat,2026-06-25T12:57:25.140609+00:00,locality_synthetic,5000,0,0,129.6,jahangirabad
Surat,Gujarat,Surat,Jahangirabad,Warehouse,commercial,2592.0,,,-2.76,https://www.squareyards.com/property-rates/jahangirabad-surat,2026-06-25T12:57:25.140609+00:00,locality_synthetic,10000,0,0,259.2,jahangirabad
Surat,Gujarat,Surat,Jahangirabad,Retail,commercial,3600.0,,,-2.76,https://www.squareyards.com/property-rates/jahangirabad-surat,2026-06-25T12:57:25.140609+00:00,locality_synthetic,300,0,0,10.8,jahangirabad
Surat,Gujarat,Surat,Jahangirabad,Retail,commercial,3600.0,,,-2.76,https://www.squareyards.com/property-rates/jahangirabad-surat,2026-06-25T12:57:25.140609+00:00,locality_synthetic,600,0,0,21.6,jahangirabad
Surat,Gujarat,Surat,Jahangirabad,Retail,commercial,3600.0,,,-2.76,https://www.squareyards.com/property-rates/jahangirabad-surat,2026-06-25T12:57:25.140609+00:00,locality_synthetic,1000,0,0,36.0,jahangirabad
Surat,Gujarat,Surat,Jahangirabad,Retail,commercial,3600.0,,,-2.76,https://www.squareyards.com/property-rates/jahangirabad-surat,2026-06-25T12:57:25.140609+00:00,locality_synthetic,1800,0,0,64.8,jahangirabad
Surat,Gujarat,Surat,Kamrej,Apartment,residential,1797.0,,,,https://www.squareyards.com/property-rates/kamrej-surat,2026-06-25T12:57:25.140609+00:00,locality_synthetic,550,1,1,9.88,kamrej
Surat,Gujarat,Surat,Kamrej,Apartment,residential,1797.0,,,,https://www.squareyards.com/property-rates/kamrej-surat,2026-06-25T12:57:25.140609+00:00,locality_synthetic,1050,2,2,18.87,kamrej
Surat,Gujarat,Surat,Kamrej,Apartment,residential,1797.0,,,,https://www.squareyards.com/property-rates/kamrej-surat,2026-06-25T12:57:25.140609+00:00,locality_synthetic,1450,3,3,26.06,kamrej
Surat,Gujarat,Surat,Kamrej,Apartment,residential,1797.0,,,,https://www.squareyards.com/property-rates/kamrej-surat,2026-06-25T12:57:25.140609+00:00,locality_synthetic,2000,4,4,35.94,kamrej
Surat,Gujarat,Surat,Kamrej,Flat,residential,1797.0,,,,https://www.squareyards.com/property-rates/kamrej-surat,2026-06-25T12:57:25.140609+00:00,locality_synthetic,550,1,1,9.88,kamrej
Surat,Gujarat,Surat,Kamrej,Flat,residential,1797.0,,,,https://www.squareyards.com/property-rates/kamrej-surat,2026-06-25T12:57:25.140609+00:00,locality_synthetic,1050,2,2,18.87,kamrej
Surat,Gujarat,Surat,Kamrej,Flat,residential,1797.0,,,,https://www.squareyards.com/property-rates/kamrej-surat,2026-06-25T12:57:25.140609+00:00,locality_synthetic,1450,3,3,26.06,kamrej
Surat,Gujarat,Surat,Kamrej,Flat,residential,1797.0,,,,https://www.squareyards.com/property-rates/kamrej-surat,2026-06-25T12:57:25.140609+00:00,locality_synthetic,2000,4,4,35.94,kamrej
Surat,Gujarat,Surat,Kamrej,Studio,residential,1653.24,,,,https://www.squareyards.com/property-rates/kamrej-surat,2026-06-25T12:57:25.140609+00:00,locality_synthetic,400,1,1,6.61,kamrej
Surat,Gujarat,Surat,Kamrej,Studio,residential,1653.24,,,,https://www.squareyards.com/property-rates/kamrej-surat,2026-06-25T12:57:25.140609+00:00,locality_synthetic,500,1,1,8.27,kamrej
Surat,Gujarat,Surat,Kamrej,Penthouse,residential,2425.95,,,,https://www.squareyards.com/property-rates/kamrej-surat,2026-06-25T12:57:25.140609+00:00,locality_synthetic,1800,3,3,43.67,kamrej
Surat,Gujarat,Surat,Kamrej,Penthouse,residential,2425.95,,,,https://www.squareyards.com/property-rates/kamrej-surat,2026-06-25T12:57:25.140609+00:00,locality_synthetic,2500,4,4,60.65,kamrej
Surat,Gujarat,Surat,Kamrej,Penthouse,residential,2425.95,,,,https://www.squareyards.com/property-rates/kamrej-surat,2026-06-25T12:57:25.140609+00:00,locality_synthetic,3200,5,5,77.63,kamrej
Surat,Gujarat,Surat,Kamrej,Villa,residential,1797.0,,,,https://www.squareyards.com/property-rates/kamrej-surat,2026-06-25T12:57:25.140609+00:00,locality_synthetic,1500,2,2,26.95,kamrej
Surat,Gujarat,Surat,Kamrej,Villa,residential,1797.0,,,,https://www.squareyards.com/property-rates/kamrej-surat,2026-06-25T12:57:25.140609+00:00,locality_synthetic,2200,3,3,39.53,kamrej
Surat,Gujarat,Surat,Kamrej,Villa,residential,1797.0,,,,https://www.squareyards.com/property-rates/kamrej-surat,2026-06-25T12:57:25.140609+00:00,locality_synthetic,3000,4,4,53.91,kamrej
Surat,Gujarat,Surat,Kamrej,Villa,residential,1797.0,,,,https://www.squareyards.com/property-rates/kamrej-surat,2026-06-25T12:57:25.140609+00:00,locality_synthetic,4500,5,5,80.86,kamrej
Surat,Gujarat,Surat,Kamrej,Bungalow,residential,1940.76,,,,https://www.squareyards.com/property-rates/kamrej-surat,2026-06-25T12:57:25.140609+00:00,locality_synthetic,2500,3,3,48.52,kamrej
Surat,Gujarat,Surat,Kamrej,Bungalow,residential,1940.76,,,,https://www.squareyards.com/property-rates/kamrej-surat,2026-06-25T12:57:25.140609+00:00,locality_synthetic,3500,4,4,67.93,kamrej
Surat,Gujarat,Surat,Kamrej,Bungalow,residential,1940.76,,,,https://www.squareyards.com/property-rates/kamrej-surat,2026-06-25T12:57:25.140609+00:00,locality_synthetic,5000,5,5,97.04,kamrej
Surat,Gujarat,Surat,Kamrej,Bungalow,residential,1940.76,,,,https://www.squareyards.com/property-rates/kamrej-surat,2026-06-25T12:57:25.140609+00:00,locality_synthetic,6500,6,6,126.15,kamrej
Surat,Gujarat,Surat,Kamrej,House,residential,1761.06,,,,https://www.squareyards.com/property-rates/kamrej-surat,2026-06-25T12:57:25.140609+00:00,locality_synthetic,1200,2,2,21.13,kamrej
Surat,Gujarat,Surat,Kamrej,House,residential,1761.06,,,,https://www.squareyards.com/property-rates/kamrej-surat,2026-06-25T12:57:25.140609+00:00,locality_synthetic,1800,3,3,31.7,kamrej
Surat,Gujarat,Surat,Kamrej,House,residential,1761.06,,,,https://www.squareyards.com/property-rates/kamrej-surat,2026-06-25T12:57:25.140609+00:00,locality_synthetic,2400,4,4,42.27,kamrej
Surat,Gujarat,Surat,Kamrej,House,residential,1761.06,,,,https://www.squareyards.com/property-rates/kamrej-surat,2026-06-25T12:57:25.140609+00:00,locality_synthetic,3200,5,5,56.35,kamrej
Surat,Gujarat,Surat,Kamrej,Plot,residential,988.35,,,,https://www.squareyards.com/property-rates/kamrej-surat,2026-06-25T12:57:25.140609+00:00,locality_synthetic,1000,0,0,9.88,kamrej
Surat,Gujarat,Surat,Kamrej,Plot,residential,988.35,,,,https://www.squareyards.com/property-rates/kamrej-surat,2026-06-25T12:57:25.140609+00:00,locality_synthetic,1500,0,0,14.83,kamrej
Surat,Gujarat,Surat,Kamrej,Plot,residential,988.35,,,,https://www.squareyards.com/property-rates/kamrej-surat,2026-06-25T12:57:25.140609+00:00,locality_synthetic,2400,0,0,23.72,kamrej
Surat,Gujarat,Surat,Kamrej,Plot,residential,988.35,,,,https://www.squareyards.com/property-rates/kamrej-surat,2026-06-25T12:57:25.140609+00:00,locality_synthetic,4000,0,0,39.53,kamrej
Surat,Gujarat,Surat,Kamrej,Shop,commercial,1797.0,,,,https://www.squareyards.com/property-rates/kamrej-surat,2026-06-25T12:57:25.140609+00:00,locality_synthetic,200,0,0,3.59,kamrej
Surat,Gujarat,Surat,Kamrej,Shop,commercial,1797.0,,,,https://www.squareyards.com/property-rates/kamrej-surat,2026-06-25T12:57:25.140609+00:00,locality_synthetic,400,0,0,7.19,kamrej
Surat,Gujarat,Surat,Kamrej,Shop,commercial,1797.0,,,,https://www.squareyards.com/property-rates/kamrej-surat,2026-06-25T12:57:25.140609+00:00,locality_synthetic,800,0,0,14.38,kamrej
Surat,Gujarat,Surat,Kamrej,Shop,commercial,1797.0,,,,https://www.squareyards.com/property-rates/kamrej-surat,2026-06-25T12:57:25.140609+00:00,locality_synthetic,1200,0,0,21.56,kamrej
Surat,Gujarat,Surat,Kamrej,Showroom,commercial,2012.64,,,,https://www.squareyards.com/property-rates/kamrej-surat,2026-06-25T12:57:25.140609+00:00,locality_synthetic,600,0,0,12.08,kamrej
Surat,Gujarat,Surat,Kamrej,Showroom,commercial,2012.64,,,,https://www.squareyards.com/property-rates/kamrej-surat,2026-06-25T12:57:25.140609+00:00,locality_synthetic,1200,0,0,24.15,kamrej
Surat,Gujarat,Surat,Kamrej,Showroom,commercial,2012.64,,,,https://www.squareyards.com/property-rates/kamrej-surat,2026-06-25T12:57:25.140609+00:00,locality_synthetic,2500,0,0,50.32,kamrej
Surat,Gujarat,Surat,Kamrej,Showroom,commercial,2012.64,,,,https://www.squareyards.com/property-rates/kamrej-surat,2026-06-25T12:57:25.140609+00:00,locality_synthetic,4000,0,0,80.51,kamrej
Surat,Gujarat,Surat,Kamrej,Commercial,commercial,1886.85,,,,https://www.squareyards.com/property-rates/kamrej-surat,2026-06-25T12:57:25.140609+00:00,locality_synthetic,500,0,0,9.43,kamrej
Surat,Gujarat,Surat,Kamrej,Commercial,commercial,1886.85,,,,https://www.squareyards.com/property-rates/kamrej-surat,2026-06-25T12:57:25.140609+00:00,locality_synthetic,1000,0,0,18.87,kamrej
Surat,Gujarat,Surat,Kamrej,Commercial,commercial,1886.85,,,,https://www.squareyards.com/property-rates/kamrej-surat,2026-06-25T12:57:25.140609+00:00,locality_synthetic,2000,0,0,37.74,kamrej
Surat,Gujarat,Surat,Kamrej,Commercial,commercial,1886.85,,,,https://www.squareyards.com/property-rates/kamrej-surat,2026-06-25T12:57:25.140609+00:00,locality_synthetic,3500,0,0,66.04,kamrej
Surat,Gujarat,Surat,Kamrej,Warehouse,commercial,1293.84,,,,https://www.squareyards.com/property-rates/kamrej-surat,2026-06-25T12:57:25.140609+00:00,locality_synthetic,1500,0,0,19.41,kamrej
Surat,Gujarat,Surat,Kamrej,Warehouse,commercial,1293.84,,,,https://www.squareyards.com/property-rates/kamrej-surat,2026-06-25T12:57:25.140609+00:00,locality_synthetic,3000,0,0,38.82,kamrej
Surat,Gujarat,Surat,Kamrej,Warehouse,commercial,1293.84,,,,https://www.squareyards.com/property-rates/kamrej-surat,2026-06-25T12:57:25.140609+00:00,locality_synthetic,5000,0,0,64.69,kamrej
Surat,Gujarat,Surat,Kamrej,Warehouse,commercial,1293.84,,,,https://www.squareyards.com/property-rates/kamrej-surat,2026-06-25T12:57:25.140609+00:00,locality_synthetic,10000,0,0,129.38,kamrej
Surat,Gujarat,Surat,Kamrej,Retail,commercial,1797.0,,,,https://www.squareyards.com/property-rates/kamrej-surat,2026-06-25T12:57:25.140609+00:00,locality_synthetic,300,0,0,5.39,kamrej
Surat,Gujarat,Surat,Kamrej,Retail,commercial,1797.0,,,,https://www.squareyards.com/property-rates/kamrej-surat,2026-06-25T12:57:25.140609+00:00,locality_synthetic,600,0,0,10.78,kamrej
Surat,Gujarat,Surat,Kamrej,Retail,commercial,1797.0,,,,https://www.squareyards.com/property-rates/kamrej-surat,2026-06-25T12:57:25.140609+00:00,locality_synthetic,1000,0,0,17.97,kamrej
Surat,Gujarat,Surat,Kamrej,Retail,commercial,1797.0,,,,https://www.squareyards.com/property-rates/kamrej-surat,2026-06-25T12:57:25.140609+00:00,locality_synthetic,1800,0,0,32.35,kamrej
Surat,Gujarat,Surat,Katargam,Apartment,residential,11850.0,,,,https://www.squareyards.com/property-rates/katargam-surat,2026-06-25T12:57:25.140609+00:00,locality_synthetic,550,1,1,65.17,katargam
Surat,Gujarat,Surat,Katargam,Apartment,residential,11850.0,,,,https://www.squareyards.com/property-rates/katargam-surat,2026-06-25T12:57:25.140609+00:00,locality_synthetic,1050,2,2,124.42,katargam
Surat,Gujarat,Surat,Katargam,Apartment,residential,11850.0,,,,https://www.squareyards.com/property-rates/katargam-surat,2026-06-25T12:57:25.140609+00:00,locality_synthetic,1450,3,3,171.82,katargam
Surat,Gujarat,Surat,Katargam,Apartment,residential,11850.0,,,,https://www.squareyards.com/property-rates/katargam-surat,2026-06-25T12:57:25.140609+00:00,locality_synthetic,2000,4,4,237.0,katargam
Surat,Gujarat,Surat,Katargam,Flat,residential,11850.0,,,,https://www.squareyards.com/property-rates/katargam-surat,2026-06-25T12:57:25.140609+00:00,locality_synthetic,550,1,1,65.17,katargam
Surat,Gujarat,Surat,Katargam,Flat,residential,11850.0,,,,https://www.squareyards.com/property-rates/katargam-surat,2026-06-25T12:57:25.140609+00:00,locality_synthetic,1050,2,2,124.42,katargam
Surat,Gujarat,Surat,Katargam,Flat,residential,11850.0,,,,https://www.squareyards.com/property-rates/katargam-surat,2026-06-25T12:57:25.140609+00:00,locality_synthetic,1450,3,3,171.82,katargam
Surat,Gujarat,Surat,Katargam,Flat,residential,11850.0,,,,https://www.squareyards.com/property-rates/katargam-surat,2026-06-25T12:57:25.140609+00:00,locality_synthetic,2000,4,4,237.0,katargam
Surat,Gujarat,Surat,Katargam,Studio,residential,10902.0,,,,https://www.squareyards.com/property-rates/katargam-surat,2026-06-25T12:57:25.140609+00:00,locality_synthetic,400,1,1,43.61,katargam
Surat,Gujarat,Surat,Katargam,Studio,residential,10902.0,,,,https://www.squareyards.com/property-rates/katargam-surat,2026-06-25T12:57:25.140609+00:00,locality_synthetic,500,1,1,54.51,katargam
Surat,Gujarat,Surat,Katargam,Penthouse,residential,15997.5,,,,https://www.squareyards.com/property-rates/katargam-surat,2026-06-25T12:57:25.140609+00:00,locality_synthetic,1800,3,3,287.95,katargam
Surat,Gujarat,Surat,Katargam,Penthouse,residential,15997.5,,,,https://www.squareyards.com/property-rates/katargam-surat,2026-06-25T12:57:25.140609+00:00,locality_synthetic,2500,4,4,399.94,katargam
Surat,Gujarat,Surat,Katargam,Penthouse,residential,15997.5,,,,https://www.squareyards.com/property-rates/katargam-surat,2026-06-25T12:57:25.140609+00:00,locality_synthetic,3200,5,5,511.92,katargam
Surat,Gujarat,Surat,Katargam,Villa,residential,2450.0,,,,https://www.squareyards.com/property-rates/katargam-surat,2026-06-25T12:57:25.140609+00:00,locality_synthetic,1500,2,2,36.75,katargam
Surat,Gujarat,Surat,Katargam,Villa,residential,2450.0,,,,https://www.squareyards.com/property-rates/katargam-surat,2026-06-25T12:57:25.140609+00:00,locality_synthetic,2200,3,3,53.9,katargam
Surat,Gujarat,Surat,Katargam,Villa,residential,2450.0,,,,https://www.squareyards.com/property-rates/katargam-surat,2026-06-25T12:57:25.140609+00:00,locality_synthetic,3000,4,4,73.5,katargam
Surat,Gujarat,Surat,Katargam,Villa,residential,2450.0,,,,https://www.squareyards.com/property-rates/katargam-surat,2026-06-25T12:57:25.140609+00:00,locality_synthetic,4500,5,5,110.25,katargam
Surat,Gujarat,Surat,Katargam,Bungalow,residential,2646.0,,,,https://www.squareyards.com/property-rates/katargam-surat,2026-06-25T12:57:25.140609+00:00,locality_synthetic,2500,3,3,66.15,katargam
Surat,Gujarat,Surat,Katargam,Bungalow,residential,2646.0,,,,https://www.squareyards.com/property-rates/katargam-surat,2026-06-25T12:57:25.140609+00:00,locality_synthetic,3500,4,4,92.61,katargam
Surat,Gujarat,Surat,Katargam,Bungalow,residential,2646.0,,,,https://www.squareyards.com/property-rates/katargam-surat,2026-06-25T12:57:25.140609+00:00,locality_synthetic,5000,5,5,132.3,katargam
Surat,Gujarat,Surat,Katargam,Bungalow,residential,2646.0,,,,https://www.squareyards.com/property-rates/katargam-surat,2026-06-25T12:57:25.140609+00:00,locality_synthetic,6500,6,6,171.99,katargam
Surat,Gujarat,Surat,Katargam,House,residential,2401.0,,,,https://www.squareyards.com/property-rates/katargam-surat,2026-06-25T12:57:25.140609+00:00,locality_synthetic,1200,2,2,28.81,katargam
Surat,Gujarat,Surat,Katargam,House,residential,2401.0,,,,https://www.squareyards.com/property-rates/katargam-surat,2026-06-25T12:57:25.140609+00:00,locality_synthetic,1800,3,3,43.22,katargam
Surat,Gujarat,Surat,Katargam,House,residential,2401.0,,,,https://www.squareyards.com/property-rates/katargam-surat,2026-06-25T12:57:25.140609+00:00,locality_synthetic,2400,4,4,57.62,katargam
Surat,Gujarat,Surat,Katargam,House,residential,2401.0,,,,https://www.squareyards.com/property-rates/katargam-surat,2026-06-25T12:57:25.140609+00:00,locality_synthetic,3200,5,5,76.83,katargam
Surat,Gujarat,Surat,Katargam,Plot,residential,6517.5,,,,https://www.squareyards.com/property-rates/katargam-surat,2026-06-25T12:57:25.140609+00:00,locality_synthetic,1000,0,0,65.17,katargam
Surat,Gujarat,Surat,Katargam,Plot,residential,6517.5,,,,https://www.squareyards.com/property-rates/katargam-surat,2026-06-25T12:57:25.140609+00:00,locality_synthetic,1500,0,0,97.76,katargam
Surat,Gujarat,Surat,Katargam,Plot,residential,6517.5,,,,https://www.squareyards.com/property-rates/katargam-surat,2026-06-25T12:57:25.140609+00:00,locality_synthetic,2400,0,0,156.42,katargam
Surat,Gujarat,Surat,Katargam,Plot,residential,6517.5,,,,https://www.squareyards.com/property-rates/katargam-surat,2026-06-25T12:57:25.140609+00:00,locality_synthetic,4000,0,0,260.7,katargam
Surat,Gujarat,Surat,Katargam,Shop,commercial,11850.0,,,,https://www.squareyards.com/property-rates/katargam-surat,2026-06-25T12:57:25.140609+00:00,locality_synthetic,200,0,0,23.7,katargam
Surat,Gujarat,Surat,Katargam,Shop,commercial,11850.0,,,,https://www.squareyards.com/property-rates/katargam-surat,2026-06-25T12:57:25.140609+00:00,locality_synthetic,400,0,0,47.4,katargam
Surat,Gujarat,Surat,Katargam,Shop,commercial,11850.0,,,,https://www.squareyards.com/property-rates/katargam-surat,2026-06-25T12:57:25.140609+00:00,locality_synthetic,800,0,0,94.8,katargam
Surat,Gujarat,Surat,Katargam,Shop,commercial,11850.0,,,,https://www.squareyards.com/property-rates/katargam-surat,2026-06-25T12:57:25.140609+00:00,locality_synthetic,1200,0,0,142.2,katargam
Surat,Gujarat,Surat,Katargam,Showroom,commercial,13272.0,,,,https://www.squareyards.com/property-rates/katargam-surat,2026-06-25T12:57:25.140609+00:00,locality_synthetic,600,0,0,79.63,katargam
Surat,Gujarat,Surat,Katargam,Showroom,commercial,13272.0,,,,https://www.squareyards.com/property-rates/katargam-surat,2026-06-25T12:57:25.140609+00:00,locality_synthetic,1200,0,0,159.26,katargam
Surat,Gujarat,Surat,Katargam,Showroom,commercial,13272.0,,,,https://www.squareyards.com/property-rates/katargam-surat,2026-06-25T12:57:25.140609+00:00,locality_synthetic,2500,0,0,331.8,katargam
Surat,Gujarat,Surat,Katargam,Showroom,commercial,13272.0,,,,https://www.squareyards.com/property-rates/katargam-surat,2026-06-25T12:57:25.140609+00:00,locality_synthetic,4000,0,0,530.88,katargam
Surat,Gujarat,Surat,Katargam,Commercial,commercial,12442.5,,,,https://www.squareyards.com/property-rates/katargam-surat,2026-06-25T12:57:25.140609+00:00,locality_synthetic,500,0,0,62.21,katargam
Surat,Gujarat,Surat,Katargam,Commercial,commercial,12442.5,,,,https://www.squareyards.com/property-rates/katargam-surat,2026-06-25T12:57:25.140609+00:00,locality_synthetic,1000,0,0,124.42,katargam
Surat,Gujarat,Surat,Katargam,Commercial,commercial,12442.5,,,,https://www.squareyards.com/property-rates/katargam-surat,2026-06-25T12:57:25.140609+00:00,locality_synthetic,2000,0,0,248.85,katargam
Surat,Gujarat,Surat,Katargam,Commercial,commercial,12442.5,,,,https://www.squareyards.com/property-rates/katargam-surat,2026-06-25T12:57:25.140609+00:00,locality_synthetic,3500,0,0,435.49,katargam
Surat,Gujarat,Surat,Katargam,Warehouse,commercial,8532.0,,,,https://www.squareyards.com/property-rates/katargam-surat,2026-06-25T12:57:25.140609+00:00,locality_synthetic,1500,0,0,127.98,katargam
Surat,Gujarat,Surat,Katargam,Warehouse,commercial,8532.0,,,,https://www.squareyards.com/property-rates/katargam-surat,2026-06-25T12:57:25.140609+00:00,locality_synthetic,3000,0,0,255.96,katargam
Surat,Gujarat,Surat,Katargam,Warehouse,commercial,8532.0,,,,https://www.squareyards.com/property-rates/katargam-surat,2026-06-25T12:57:25.140609+00:00,locality_synthetic,5000,0,0,426.6,katargam
Surat,Gujarat,Surat,Katargam,Warehouse,commercial,8532.0,,,,https://www.squareyards.com/property-rates/katargam-surat,2026-06-25T12:57:25.140609+00:00,locality_synthetic,10000,0,0,853.2,katargam
Surat,Gujarat,Surat,Katargam,Retail,commercial,11850.0,,,,https://www.squareyards.com/property-rates/katargam-surat,2026-06-25T12:57:25.140609+00:00,locality_synthetic,300,0,0,35.55,katargam
Surat,Gujarat,Surat,Katargam,Retail,commercial,11850.0,,,,https://www.squareyards.com/property-rates/katargam-surat,2026-06-25T12:57:25.140609+00:00,locality_synthetic,600,0,0,71.1,katargam
Surat,Gujarat,Surat,Katargam,Retail,commercial,11850.0,,,,https://www.squareyards.com/property-rates/katargam-surat,2026-06-25T12:57:25.140609+00:00,locality_synthetic,1000,0,0,118.5,katargam
Surat,Gujarat,Surat,Katargam,Retail,commercial,11850.0,,,,https://www.squareyards.com/property-rates/katargam-surat,2026-06-25T12:57:25.140609+00:00,locality_synthetic,1800,0,0,213.3,katargam
Surat,Gujarat,Surat,Kosamba,Apartment,residential,1750.0,,,,https://www.squareyards.com/property-rates/kosamba-surat,2026-06-25T12:57:25.140609+00:00,locality_synthetic,550,1,1,9.62,kosamba
Surat,Gujarat,Surat,Kosamba,Apartment,residential,1750.0,,,,https://www.squareyards.com/property-rates/kosamba-surat,2026-06-25T12:57:25.140609+00:00,locality_synthetic,1050,2,2,18.38,kosamba
Surat,Gujarat,Surat,Kosamba,Apartment,residential,1750.0,,,,https://www.squareyards.com/property-rates/kosamba-surat,2026-06-25T12:57:25.140609+00:00,locality_synthetic,1450,3,3,25.38,kosamba
Surat,Gujarat,Surat,Kosamba,Apartment,residential,1750.0,,,,https://www.squareyards.com/property-rates/kosamba-surat,2026-06-25T12:57:25.140609+00:00,locality_synthetic,2000,4,4,35.0,kosamba
Surat,Gujarat,Surat,Kosamba,Flat,residential,1750.0,,,,https://www.squareyards.com/property-rates/kosamba-surat,2026-06-25T12:57:25.140609+00:00,locality_synthetic,550,1,1,9.62,kosamba
Surat,Gujarat,Surat,Kosamba,Flat,residential,1750.0,,,,https://www.squareyards.com/property-rates/kosamba-surat,2026-06-25T12:57:25.140609+00:00,locality_synthetic,1050,2,2,18.38,kosamba
Surat,Gujarat,Surat,Kosamba,Flat,residential,1750.0,,,,https://www.squareyards.com/property-rates/kosamba-surat,2026-06-25T12:57:25.140609+00:00,locality_synthetic,1450,3,3,25.38,kosamba
Surat,Gujarat,Surat,Kosamba,Flat,residential,1750.0,,,,https://www.squareyards.com/property-rates/kosamba-surat,2026-06-25T12:57:25.140609+00:00,locality_synthetic,2000,4,4,35.0,kosamba
Surat,Gujarat,Surat,Kosamba,Studio,residential,1610.0,,,,https://www.squareyards.com/property-rates/kosamba-surat,2026-06-25T12:57:25.140609+00:00,locality_synthetic,400,1,1,6.44,kosamba
Surat,Gujarat,Surat,Kosamba,Studio,residential,1610.0,,,,https://www.squareyards.com/property-rates/kosamba-surat,2026-06-25T12:57:25.140609+00:00,locality_synthetic,500,1,1,8.05,kosamba
Surat,Gujarat,Surat,Kosamba,Penthouse,residential,2362.5,,,,https://www.squareyards.com/property-rates/kosamba-surat,2026-06-25T12:57:25.140609+00:00,locality_synthetic,1800,3,3,42.52,kosamba
Surat,Gujarat,Surat,Kosamba,Penthouse,residential,2362.5,,,,https://www.squareyards.com/property-rates/kosamba-surat,2026-06-25T12:57:25.140609+00:00,locality_synthetic,2500,4,4,59.06,kosamba
Surat,Gujarat,Surat,Kosamba,Penthouse,residential,2362.5,,,,https://www.squareyards.com/property-rates/kosamba-surat,2026-06-25T12:57:25.140609+00:00,locality_synthetic,3200,5,5,75.6,kosamba
Surat,Gujarat,Surat,Kosamba,Villa,residential,1750.0,,,,https://www.squareyards.com/property-rates/kosamba-surat,2026-06-25T12:57:25.140609+00:00,locality_synthetic,1500,2,2,26.25,kosamba
Surat,Gujarat,Surat,Kosamba,Villa,residential,1750.0,,,,https://www.squareyards.com/property-rates/kosamba-surat,2026-06-25T12:57:25.140609+00:00,locality_synthetic,2200,3,3,38.5,kosamba
Surat,Gujarat,Surat,Kosamba,Villa,residential,1750.0,,,,https://www.squareyards.com/property-rates/kosamba-surat,2026-06-25T12:57:25.140609+00:00,locality_synthetic,3000,4,4,52.5,kosamba
Surat,Gujarat,Surat,Kosamba,Villa,residential,1750.0,,,,https://www.squareyards.com/property-rates/kosamba-surat,2026-06-25T12:57:25.140609+00:00,locality_synthetic,4500,5,5,78.75,kosamba
Surat,Gujarat,Surat,Kosamba,Bungalow,residential,1890.0,,,,https://www.squareyards.com/property-rates/kosamba-surat,2026-06-25T12:57:25.140609+00:00,locality_synthetic,2500,3,3,47.25,kosamba
Surat,Gujarat,Surat,Kosamba,Bungalow,residential,1890.0,,,,https://www.squareyards.com/property-rates/kosamba-surat,2026-06-25T12:57:25.140609+00:00,locality_synthetic,3500,4,4,66.15,kosamba
Surat,Gujarat,Surat,Kosamba,Bungalow,residential,1890.0,,,,https://www.squareyards.com/property-rates/kosamba-surat,2026-06-25T12:57:25.140609+00:00,locality_synthetic,5000,5,5,94.5,kosamba
Surat,Gujarat,Surat,Kosamba,Bungalow,residential,1890.0,,,,https://www.squareyards.com/property-rates/kosamba-surat,2026-06-25T12:57:25.140609+00:00,locality_synthetic,6500,6,6,122.85,kosamba
Surat,Gujarat,Surat,Kosamba,House,residential,1715.0,,,,https://www.squareyards.com/property-rates/kosamba-surat,2026-06-25T12:57:25.140609+00:00,locality_synthetic,1200,2,2,20.58,kosamba
Surat,Gujarat,Surat,Kosamba,House,residential,1715.0,,,,https://www.squareyards.com/property-rates/kosamba-surat,2026-06-25T12:57:25.140609+00:00,locality_synthetic,1800,3,3,30.87,kosamba
Surat,Gujarat,Surat,Kosamba,House,residential,1715.0,,,,https://www.squareyards.com/property-rates/kosamba-surat,2026-06-25T12:57:25.140609+00:00,locality_synthetic,2400,4,4,41.16,kosamba
Surat,Gujarat,Surat,Kosamba,House,residential,1715.0,,,,https://www.squareyards.com/property-rates/kosamba-surat,2026-06-25T12:57:25.140609+00:00,locality_synthetic,3200,5,5,54.88,kosamba
Surat,Gujarat,Surat,Kosamba,Plot,residential,962.5,,,,https://www.squareyards.com/property-rates/kosamba-surat,2026-06-25T12:57:25.140609+00:00,locality_synthetic,1000,0,0,9.62,kosamba
Surat,Gujarat,Surat,Kosamba,Plot,residential,962.5,,,,https://www.squareyards.com/property-rates/kosamba-surat,2026-06-25T12:57:25.140609+00:00,locality_synthetic,1500,0,0,14.44,kosamba
Surat,Gujarat,Surat,Kosamba,Plot,residential,962.5,,,,https://www.squareyards.com/property-rates/kosamba-surat,2026-06-25T12:57:25.140609+00:00,locality_synthetic,2400,0,0,23.1,kosamba
Surat,Gujarat,Surat,Kosamba,Plot,residential,962.5,,,,https://www.squareyards.com/property-rates/kosamba-surat,2026-06-25T12:57:25.140609+00:00,locality_synthetic,4000,0,0,38.5,kosamba
Surat,Gujarat,Surat,Kosamba,Shop,commercial,1750.0,,,,https://www.squareyards.com/property-rates/kosamba-surat,2026-06-25T12:57:25.140609+00:00,locality_synthetic,200,0,0,3.5,kosamba
Surat,Gujarat,Surat,Kosamba,Shop,commercial,1750.0,,,,https://www.squareyards.com/property-rates/kosamba-surat,2026-06-25T12:57:25.140609+00:00,locality_synthetic,400,0,0,7.0,kosamba
Surat,Gujarat,Surat,Kosamba,Shop,commercial,1750.0,,,,https://www.squareyards.com/property-rates/kosamba-surat,2026-06-25T12:57:25.140609+00:00,locality_synthetic,800,0,0,14.0,kosamba
Surat,Gujarat,Surat,Kosamba,Shop,commercial,1750.0,,,,https://www.squareyards.com/property-rates/kosamba-surat,2026-06-25T12:57:25.140609+00:00,locality_synthetic,1200,0,0,21.0,kosamba
Surat,Gujarat,Surat,Kosamba,Showroom,commercial,1960.0,,,,https://www.squareyards.com/property-rates/kosamba-surat,2026-06-25T12:57:25.140609+00:00,locality_synthetic,600,0,0,11.76,kosamba
Surat,Gujarat,Surat,Kosamba,Showroom,commercial,1960.0,,,,https://www.squareyards.com/property-rates/kosamba-surat,2026-06-25T12:57:25.140609+00:00,locality_synthetic,1200,0,0,23.52,kosamba
Surat,Gujarat,Surat,Kosamba,Showroom,commercial,1960.0,,,,https://www.squareyards.com/property-rates/kosamba-surat,2026-06-25T12:57:25.140609+00:00,locality_synthetic,2500,0,0,49.0,kosamba
Surat,Gujarat,Surat,Kosamba,Showroom,commercial,1960.0,,,,https://www.squareyards.com/property-rates/kosamba-surat,2026-06-25T12:57:25.140609+00:00,locality_synthetic,4000,0,0,78.4,kosamba
Surat,Gujarat,Surat,Kosamba,Office,commercial,1750.0,,,,https://www.squareyards.com/property-rates/kosamba-surat,2026-06-25T12:57:25.140609+00:00,locality_synthetic,500,0,0,8.75,kosamba
Surat,Gujarat,Surat,Kosamba,Office,commercial,1750.0,,,,https://www.squareyards.com/property-rates/kosamba-surat,2026-06-25T12:57:25.140609+00:00,locality_synthetic,1000,0,0,17.5,kosamba
Surat,Gujarat,Surat,Kosamba,Office,commercial,1750.0,,,,https://www.squareyards.com/property-rates/kosamba-surat,2026-06-25T12:57:25.140609+00:00,locality_synthetic,2000,0,0,35.0,kosamba
Surat,Gujarat,Surat,Kosamba,Office,commercial,1750.0,,,,https://www.squareyards.com/property-rates/kosamba-surat,2026-06-25T12:57:25.140609+00:00,locality_synthetic,5000,0,0,87.5,kosamba
Surat,Gujarat,Surat,Kosamba,Commercial,commercial,1837.5,,,,https://www.squareyards.com/property-rates/kosamba-surat,2026-06-25T12:57:25.140609+00:00,locality_synthetic,500,0,0,9.19,kosamba
Surat,Gujarat,Surat,Kosamba,Commercial,commercial,1837.5,,,,https://www.squareyards.com/property-rates/kosamba-surat,2026-06-25T12:57:25.140609+00:00,locality_synthetic,1000,0,0,18.38,kosamba
Surat,Gujarat,Surat,Kosamba,Commercial,commercial,1837.5,,,,https://www.squareyards.com/property-rates/kosamba-surat,2026-06-25T12:57:25.140609+00:00,locality_synthetic,2000,0,0,36.75,kosamba
Surat,Gujarat,Surat,Kosamba,Commercial,commercial,1837.5,,,,https://www.squareyards.com/property-rates/kosamba-surat,2026-06-25T12:57:25.140609+00:00,locality_synthetic,3500,0,0,64.31,kosamba
Surat,Gujarat,Surat,Kosamba,Warehouse,commercial,1260.0,,,,https://www.squareyards.com/property-rates/kosamba-surat,2026-06-25T12:57:25.140609+00:00,locality_synthetic,1500,0,0,18.9,kosamba
Surat,Gujarat,Surat,Kosamba,Warehouse,commercial,1260.0,,,,https://www.squareyards.com/property-rates/kosamba-surat,2026-06-25T12:57:25.140609+00:00,locality_synthetic,3000,0,0,37.8,kosamba
Surat,Gujarat,Surat,Kosamba,Warehouse,commercial,1260.0,,,,https://www.squareyards.com/property-rates/kosamba-surat,2026-06-25T12:57:25.140609+00:00,locality_synthetic,5000,0,0,63.0,kosamba
Surat,Gujarat,Surat,Kosamba,Warehouse,commercial,1260.0,,,,https://www.squareyards.com/property-rates/kosamba-surat,2026-06-25T12:57:25.140609+00:00,locality_synthetic,10000,0,0,126.0,kosamba
Surat,Gujarat,Surat,Kosamba,Retail,commercial,1750.0,,,,https://www.squareyards.com/property-rates/kosamba-surat,2026-06-25T12:57:25.140609+00:00,locality_synthetic,300,0,0,5.25,kosamba
Surat,Gujarat,Surat,Kosamba,Retail,commercial,1750.0,,,,https://www.squareyards.com/property-rates/kosamba-surat,2026-06-25T12:57:25.140609+00:00,locality_synthetic,600,0,0,10.5,kosamba
Surat,Gujarat,Surat,Kosamba,Retail,commercial,1750.0,,,,https://www.squareyards.com/property-rates/kosamba-surat,2026-06-25T12:57:25.140609+00:00,locality_synthetic,1000,0,0,17.5,kosamba
Surat,Gujarat,Surat,Kosamba,Retail,commercial,1750.0,,,,https://www.squareyards.com/property-rates/kosamba-surat,2026-06-25T12:57:25.140609+00:00,locality_synthetic,1800,0,0,31.5,kosamba
Surat,Gujarat,Surat,Kumbhariya,Apartment,residential,2700.0,,,,https://www.squareyards.com/property-rates/kumbhariya-surat,2026-06-25T12:57:25.140609+00:00,locality_synthetic,550,1,1,14.85,kumbhariya
Surat,Gujarat,Surat,Kumbhariya,Apartment,residential,2700.0,,,,https://www.squareyards.com/property-rates/kumbhariya-surat,2026-06-25T12:57:25.140609+00:00,locality_synthetic,1050,2,2,28.35,kumbhariya
Surat,Gujarat,Surat,Kumbhariya,Apartment,residential,2700.0,,,,https://www.squareyards.com/property-rates/kumbhariya-surat,2026-06-25T12:57:25.140609+00:00,locality_synthetic,1450,3,3,39.15,kumbhariya
Surat,Gujarat,Surat,Kumbhariya,Apartment,residential,2700.0,,,,https://www.squareyards.com/property-rates/kumbhariya-surat,2026-06-25T12:57:25.140609+00:00,locality_synthetic,2000,4,4,54.0,kumbhariya
Surat,Gujarat,Surat,Kumbhariya,Flat,residential,2700.0,,,,https://www.squareyards.com/property-rates/kumbhariya-surat,2026-06-25T12:57:25.140609+00:00,locality_synthetic,550,1,1,14.85,kumbhariya
Surat,Gujarat,Surat,Kumbhariya,Flat,residential,2700.0,,,,https://www.squareyards.com/property-rates/kumbhariya-surat,2026-06-25T12:57:25.140609+00:00,locality_synthetic,1050,2,2,28.35,kumbhariya
Surat,Gujarat,Surat,Kumbhariya,Flat,residential,2700.0,,,,https://www.squareyards.com/property-rates/kumbhariya-surat,2026-06-25T12:57:25.140609+00:00,locality_synthetic,1450,3,3,39.15,kumbhariya
Surat,Gujarat,Surat,Kumbhariya,Flat,residential,2700.0,,,,https://www.squareyards.com/property-rates/kumbhariya-surat,2026-06-25T12:57:25.140609+00:00,locality_synthetic,2000,4,4,54.0,kumbhariya
Surat,Gujarat,Surat,Kumbhariya,Studio,residential,2484.0,,,,https://www.squareyards.com/property-rates/kumbhariya-surat,2026-06-25T12:57:25.140609+00:00,locality_synthetic,400,1,1,9.94,kumbhariya
Surat,Gujarat,Surat,Kumbhariya,Studio,residential,2484.0,,,,https://www.squareyards.com/property-rates/kumbhariya-surat,2026-06-25T12:57:25.140609+00:00,locality_synthetic,500,1,1,12.42,kumbhariya
Surat,Gujarat,Surat,Kumbhariya,Penthouse,residential,3645.0,,,,https://www.squareyards.com/property-rates/kumbhariya-surat,2026-06-25T12:57:25.140609+00:00,locality_synthetic,1800,3,3,65.61,kumbhariya
Surat,Gujarat,Surat,Kumbhariya,Penthouse,residential,3645.0,,,,https://www.squareyards.com/property-rates/kumbhariya-surat,2026-06-25T12:57:25.140609+00:00,locality_synthetic,2500,4,4,91.12,kumbhariya
Surat,Gujarat,Surat,Kumbhariya,Penthouse,residential,3645.0,,,,https://www.squareyards.com/property-rates/kumbhariya-surat,2026-06-25T12:57:25.140609+00:00,locality_synthetic,3200,5,5,116.64,kumbhariya
Surat,Gujarat,Surat,Kumbhariya,Villa,residential,5650.0,,,,https://www.squareyards.com/property-rates/kumbhariya-surat,2026-06-25T12:57:25.140609+00:00,locality_synthetic,1500,2,2,84.75,kumbhariya
Surat,Gujarat,Surat,Kumbhariya,Villa,residential,5650.0,,,,https://www.squareyards.com/property-rates/kumbhariya-surat,2026-06-25T12:57:25.140609+00:00,locality_synthetic,2200,3,3,124.3,kumbhariya
Surat,Gujarat,Surat,Kumbhariya,Villa,residential,5650.0,,,,https://www.squareyards.com/property-rates/kumbhariya-surat,2026-06-25T12:57:25.140609+00:00,locality_synthetic,3000,4,4,169.5,kumbhariya
Surat,Gujarat,Surat,Kumbhariya,Villa,residential,5650.0,,,,https://www.squareyards.com/property-rates/kumbhariya-surat,2026-06-25T12:57:25.140609+00:00,locality_synthetic,4500,5,5,254.25,kumbhariya
Surat,Gujarat,Surat,Kumbhariya,Bungalow,residential,6102.0,,,,https://www.squareyards.com/property-rates/kumbhariya-surat,2026-06-25T12:57:25.140609+00:00,locality_synthetic,2500,3,3,152.55,kumbhariya
Surat,Gujarat,Surat,Kumbhariya,Bungalow,residential,6102.0,,,,https://www.squareyards.com/property-rates/kumbhariya-surat,2026-06-25T12:57:25.140609+00:00,locality_synthetic,3500,4,4,213.57,kumbhariya
Surat,Gujarat,Surat,Kumbhariya,Bungalow,residential,6102.0,,,,https://www.squareyards.com/property-rates/kumbhariya-surat,2026-06-25T12:57:25.140609+00:00,locality_synthetic,5000,5,5,305.1,kumbhariya
Surat,Gujarat,Surat,Kumbhariya,Bungalow,residential,6102.0,,,,https://www.squareyards.com/property-rates/kumbhariya-surat,2026-06-25T12:57:25.140609+00:00,locality_synthetic,6500,6,6,396.63,kumbhariya
Surat,Gujarat,Surat,Kumbhariya,House,residential,5537.0,,,,https://www.squareyards.com/property-rates/kumbhariya-surat,2026-06-25T12:57:25.140609+00:00,locality_synthetic,1200,2,2,66.44,kumbhariya
Surat,Gujarat,Surat,Kumbhariya,House,residential,5537.0,,,,https://www.squareyards.com/property-rates/kumbhariya-surat,2026-06-25T12:57:25.140609+00:00,locality_synthetic,1800,3,3,99.67,kumbhariya
Surat,Gujarat,Surat,Kumbhariya,House,residential,5537.0,,,,https://www.squareyards.com/property-rates/kumbhariya-surat,2026-06-25T12:57:25.140609+00:00,locality_synthetic,2400,4,4,132.89,kumbhariya
Surat,Gujarat,Surat,Kumbhariya,House,residential,5537.0,,,,https://www.squareyards.com/property-rates/kumbhariya-surat,2026-06-25T12:57:25.140609+00:00,locality_synthetic,3200,5,5,177.18,kumbhariya
Surat,Gujarat,Surat,Kumbhariya,Plot,residential,1485.0,,,,https://www.squareyards.com/property-rates/kumbhariya-surat,2026-06-25T12:57:25.140609+00:00,locality_synthetic,1000,0,0,14.85,kumbhariya
Surat,Gujarat,Surat,Kumbhariya,Plot,residential,1485.0,,,,https://www.squareyards.com/property-rates/kumbhariya-surat,2026-06-25T12:57:25.140609+00:00,locality_synthetic,1500,0,0,22.27,kumbhariya
Surat,Gujarat,Surat,Kumbhariya,Plot,residential,1485.0,,,,https://www.squareyards.com/property-rates/kumbhariya-surat,2026-06-25T12:57:25.140609+00:00,locality_synthetic,2400,0,0,35.64,kumbhariya
Surat,Gujarat,Surat,Kumbhariya,Plot,residential,1485.0,,,,https://www.squareyards.com/property-rates/kumbhariya-surat,2026-06-25T12:57:25.140609+00:00,locality_synthetic,4000,0,0,59.4,kumbhariya
Surat,Gujarat,Surat,Kumbhariya,Shop,commercial,5650.0,,,,https://www.squareyards.com/property-rates/kumbhariya-surat,2026-06-25T12:57:25.140609+00:00,locality_synthetic,200,0,0,11.3,kumbhariya
Surat,Gujarat,Surat,Kumbhariya,Shop,commercial,5650.0,,,,https://www.squareyards.com/property-rates/kumbhariya-surat,2026-06-25T12:57:25.140609+00:00,locality_synthetic,400,0,0,22.6,kumbhariya
Surat,Gujarat,Surat,Kumbhariya,Shop,commercial,5650.0,,,,https://www.squareyards.com/property-rates/kumbhariya-surat,2026-06-25T12:57:25.140609+00:00,locality_synthetic,800,0,0,45.2,kumbhariya
Surat,Gujarat,Surat,Kumbhariya,Shop,commercial,5650.0,,,,https://www.squareyards.com/property-rates/kumbhariya-surat,2026-06-25T12:57:25.140609+00:00,locality_synthetic,1200,0,0,67.8,kumbhariya
Surat,Gujarat,Surat,Kumbhariya,Showroom,commercial,6328.0,,,,https://www.squareyards.com/property-rates/kumbhariya-surat,2026-06-25T12:57:25.140609+00:00,locality_synthetic,600,0,0,37.97,kumbhariya
Surat,Gujarat,Surat,Kumbhariya,Showroom,commercial,6328.0,,,,https://www.squareyards.com/property-rates/kumbhariya-surat,2026-06-25T12:57:25.140609+00:00,locality_synthetic,1200,0,0,75.94,kumbhariya
Surat,Gujarat,Surat,Kumbhariya,Showroom,commercial,6328.0,,,,https://www.squareyards.com/property-rates/kumbhariya-surat,2026-06-25T12:57:25.140609+00:00,locality_synthetic,2500,0,0,158.2,kumbhariya
Surat,Gujarat,Surat,Kumbhariya,Showroom,commercial,6328.0,,,,https://www.squareyards.com/property-rates/kumbhariya-surat,2026-06-25T12:57:25.140609+00:00,locality_synthetic,4000,0,0,253.12,kumbhariya
Surat,Gujarat,Surat,Kumbhariya,Office,commercial,5650.0,,,,https://www.squareyards.com/property-rates/kumbhariya-surat,2026-06-25T12:57:25.140609+00:00,locality_synthetic,500,0,0,28.25,kumbhariya
Surat,Gujarat,Surat,Kumbhariya,Office,commercial,5650.0,,,,https://www.squareyards.com/property-rates/kumbhariya-surat,2026-06-25T12:57:25.140609+00:00,locality_synthetic,1000,0,0,56.5,kumbhariya
Surat,Gujarat,Surat,Kumbhariya,Office,commercial,5650.0,,,,https://www.squareyards.com/property-rates/kumbhariya-surat,2026-06-25T12:57:25.140609+00:00,locality_synthetic,2000,0,0,113.0,kumbhariya
Surat,Gujarat,Surat,Kumbhariya,Office,commercial,5650.0,,,,https://www.squareyards.com/property-rates/kumbhariya-surat,2026-06-25T12:57:25.140609+00:00,locality_synthetic,5000,0,0,282.5,kumbhariya
Surat,Gujarat,Surat,Kumbhariya,Commercial,commercial,5932.5,,,,https://www.squareyards.com/property-rates/kumbhariya-surat,2026-06-25T12:57:25.140609+00:00,locality_synthetic,500,0,0,29.66,kumbhariya
Surat,Gujarat,Surat,Kumbhariya,Commercial,commercial,5932.5,,,,https://www.squareyards.com/property-rates/kumbhariya-surat,2026-06-25T12:57:25.140609+00:00,locality_synthetic,1000,0,0,59.33,kumbhariya
Surat,Gujarat,Surat,Kumbhariya,Commercial,commercial,5932.5,,,,https://www.squareyards.com/property-rates/kumbhariya-surat,2026-06-25T12:57:25.140609+00:00,locality_synthetic,2000,0,0,118.65,kumbhariya
Surat,Gujarat,Surat,Kumbhariya,Commercial,commercial,5932.5,,,,https://www.squareyards.com/property-rates/kumbhariya-surat,2026-06-25T12:57:25.140609+00:00,locality_synthetic,3500,0,0,207.64,kumbhariya
Surat,Gujarat,Surat,Kumbhariya,Warehouse,commercial,4068.0,,,,https://www.squareyards.com/property-rates/kumbhariya-surat,2026-06-25T12:57:25.140609+00:00,locality_synthetic,1500,0,0,61.02,kumbhariya
Surat,Gujarat,Surat,Kumbhariya,Warehouse,commercial,4068.0,,,,https://www.squareyards.com/property-rates/kumbhariya-surat,2026-06-25T12:57:25.140609+00:00,locality_synthetic,3000,0,0,122.04,kumbhariya
Surat,Gujarat,Surat,Kumbhariya,Warehouse,commercial,4068.0,,,,https://www.squareyards.com/property-rates/kumbhariya-surat,2026-06-25T12:57:25.140609+00:00,locality_synthetic,5000,0,0,203.4,kumbhariya
Surat,Gujarat,Surat,Kumbhariya,Warehouse,commercial,4068.0,,,,https://www.squareyards.com/property-rates/kumbhariya-surat,2026-06-25T12:57:25.140609+00:00,locality_synthetic,10000,0,0,406.8,kumbhariya
Surat,Gujarat,Surat,Kumbhariya,Retail,commercial,5650.0,,,,https://www.squareyards.com/property-rates/kumbhariya-surat,2026-06-25T12:57:25.140609+00:00,locality_synthetic,300,0,0,16.95,kumbhariya
Surat,Gujarat,Surat,Kumbhariya,Retail,commercial,5650.0,,,,https://www.squareyards.com/property-rates/kumbhariya-surat,2026-06-25T12:57:25.140609+00:00,locality_synthetic,600,0,0,33.9,kumbhariya
Surat,Gujarat,Surat,Kumbhariya,Retail,commercial,5650.0,,,,https://www.squareyards.com/property-rates/kumbhariya-surat,2026-06-25T12:57:25.140609+00:00,locality_synthetic,1000,0,0,56.5,kumbhariya
Surat,Gujarat,Surat,Kumbhariya,Retail,commercial,5650.0,,,,https://www.squareyards.com/property-rates/kumbhariya-surat,2026-06-25T12:57:25.140609+00:00,locality_synthetic,1800,0,0,101.7,kumbhariya
Surat,Gujarat,Surat,Mota Varachha,Apartment,residential,4700.0,,,,https://www.squareyards.com/property-rates/mota-varachha-surat,2026-06-25T12:57:25.140609+00:00,locality_synthetic,550,1,1,25.85,mota varachha
Surat,Gujarat,Surat,Mota Varachha,Apartment,residential,4700.0,,,,https://www.squareyards.com/property-rates/mota-varachha-surat,2026-06-25T12:57:25.140609+00:00,locality_synthetic,1050,2,2,49.35,mota varachha
Surat,Gujarat,Surat,Mota Varachha,Apartment,residential,4700.0,,,,https://www.squareyards.com/property-rates/mota-varachha-surat,2026-06-25T12:57:25.140609+00:00,locality_synthetic,1450,3,3,68.15,mota varachha
Surat,Gujarat,Surat,Mota Varachha,Apartment,residential,4700.0,,,,https://www.squareyards.com/property-rates/mota-varachha-surat,2026-06-25T12:57:25.140609+00:00,locality_synthetic,2000,4,4,94.0,mota varachha
Surat,Gujarat,Surat,Mota Varachha,Flat,residential,4700.0,,,,https://www.squareyards.com/property-rates/mota-varachha-surat,2026-06-25T12:57:25.140609+00:00,locality_synthetic,550,1,1,25.85,mota varachha
Surat,Gujarat,Surat,Mota Varachha,Flat,residential,4700.0,,,,https://www.squareyards.com/property-rates/mota-varachha-surat,2026-06-25T12:57:25.140609+00:00,locality_synthetic,1050,2,2,49.35,mota varachha
Surat,Gujarat,Surat,Mota Varachha,Flat,residential,4700.0,,,,https://www.squareyards.com/property-rates/mota-varachha-surat,2026-06-25T12:57:25.140609+00:00,locality_synthetic,1450,3,3,68.15,mota varachha
Surat,Gujarat,Surat,Mota Varachha,Flat,residential,4700.0,,,,https://www.squareyards.com/property-rates/mota-varachha-surat,2026-06-25T12:57:25.140609+00:00,locality_synthetic,2000,4,4,94.0,mota varachha
Surat,Gujarat,Surat,Mota Varachha,Studio,residential,4324.0,,,,https://www.squareyards.com/property-rates/mota-varachha-surat,2026-06-25T12:57:25.140609+00:00,locality_synthetic,400,1,1,17.3,mota varachha
Surat,Gujarat,Surat,Mota Varachha,Studio,residential,4324.0,,,,https://www.squareyards.com/property-rates/mota-varachha-surat,2026-06-25T12:57:25.140609+00:00,locality_synthetic,500,1,1,21.62,mota varachha
Surat,Gujarat,Surat,Mota Varachha,Penthouse,residential,6345.0,,,,https://www.squareyards.com/property-rates/mota-varachha-surat,2026-06-25T12:57:25.140609+00:00,locality_synthetic,1800,3,3,114.21,mota varachha
Surat,Gujarat,Surat,Mota Varachha,Penthouse,residential,6345.0,,,,https://www.squareyards.com/property-rates/mota-varachha-surat,2026-06-25T12:57:25.140609+00:00,locality_synthetic,2500,4,4,158.62,mota varachha
Surat,Gujarat,Surat,Mota Varachha,Penthouse,residential,6345.0,,,,https://www.squareyards.com/property-rates/mota-varachha-surat,2026-06-25T12:57:25.140609+00:00,locality_synthetic,3200,5,5,203.04,mota varachha
Surat,Gujarat,Surat,Mota Varachha,Villa,residential,4100.0,,,,https://www.squareyards.com/property-rates/mota-varachha-surat,2026-06-25T12:57:25.140609+00:00,locality_synthetic,1500,2,2,61.5,mota varachha
Surat,Gujarat,Surat,Mota Varachha,Villa,residential,4100.0,,,,https://www.squareyards.com/property-rates/mota-varachha-surat,2026-06-25T12:57:25.140609+00:00,locality_synthetic,2200,3,3,90.2,mota varachha
Surat,Gujarat,Surat,Mota Varachha,Villa,residential,4100.0,,,,https://www.squareyards.com/property-rates/mota-varachha-surat,2026-06-25T12:57:25.140609+00:00,locality_synthetic,3000,4,4,123.0,mota varachha
Surat,Gujarat,Surat,Mota Varachha,Villa,residential,4100.0,,,,https://www.squareyards.com/property-rates/mota-varachha-surat,2026-06-25T12:57:25.140609+00:00,locality_synthetic,4500,5,5,184.5,mota varachha
Surat,Gujarat,Surat,Mota Varachha,Bungalow,residential,4428.0,,,,https://www.squareyards.com/property-rates/mota-varachha-surat,2026-06-25T12:57:25.140609+00:00,locality_synthetic,2500,3,3,110.7,mota varachha
Surat,Gujarat,Surat,Mota Varachha,Bungalow,residential,4428.0,,,,https://www.squareyards.com/property-rates/mota-varachha-surat,2026-06-25T12:57:25.140609+00:00,locality_synthetic,3500,4,4,154.98,mota varachha
Surat,Gujarat,Surat,Mota Varachha,Bungalow,residential,4428.0,,,,https://www.squareyards.com/property-rates/mota-varachha-surat,2026-06-25T12:57:25.140609+00:00,locality_synthetic,5000,5,5,221.4,mota varachha
Surat,Gujarat,Surat,Mota Varachha,Bungalow,residential,4428.0,,,,https://www.squareyards.com/property-rates/mota-varachha-surat,2026-06-25T12:57:25.140609+00:00,locality_synthetic,6500,6,6,287.82,mota varachha
Surat,Gujarat,Surat,Mota Varachha,House,residential,4018.0,,,,https://www.squareyards.com/property-rates/mota-varachha-surat,2026-06-25T12:57:25.140609+00:00,locality_synthetic,1200,2,2,48.22,mota varachha
Surat,Gujarat,Surat,Mota Varachha,House,residential,4018.0,,,,https://www.squareyards.com/property-rates/mota-varachha-surat,2026-06-25T12:57:25.140609+00:00,locality_synthetic,1800,3,3,72.32,mota varachha
Surat,Gujarat,Surat,Mota Varachha,House,residential,4018.0,,,,https://www.squareyards.com/property-rates/mota-varachha-surat,2026-06-25T12:57:25.140609+00:00,locality_synthetic,2400,4,4,96.43,mota varachha
Surat,Gujarat,Surat,Mota Varachha,House,residential,4018.0,,,,https://www.squareyards.com/property-rates/mota-varachha-surat,2026-06-25T12:57:25.140609+00:00,locality_synthetic,3200,5,5,128.58,mota varachha
Surat,Gujarat,Surat,Mota Varachha,Plot,residential,2585.0,,,,https://www.squareyards.com/property-rates/mota-varachha-surat,2026-06-25T12:57:25.140609+00:00,locality_synthetic,1000,0,0,25.85,mota varachha
Surat,Gujarat,Surat,Mota Varachha,Plot,residential,2585.0,,,,https://www.squareyards.com/property-rates/mota-varachha-surat,2026-06-25T12:57:25.140609+00:00,locality_synthetic,1500,0,0,38.77,mota varachha
Surat,Gujarat,Surat,Mota Varachha,Plot,residential,2585.0,,,,https://www.squareyards.com/property-rates/mota-varachha-surat,2026-06-25T12:57:25.140609+00:00,locality_synthetic,2400,0,0,62.04,mota varachha
Surat,Gujarat,Surat,Mota Varachha,Plot,residential,2585.0,,,,https://www.squareyards.com/property-rates/mota-varachha-surat,2026-06-25T12:57:25.140609+00:00,locality_synthetic,4000,0,0,103.4,mota varachha
Surat,Gujarat,Surat,Mota Varachha,Shop,commercial,4100.0,,,,https://www.squareyards.com/property-rates/mota-varachha-surat,2026-06-25T12:57:25.140609+00:00,locality_synthetic,200,0,0,8.2,mota varachha
Surat,Gujarat,Surat,Mota Varachha,Shop,commercial,4100.0,,,,https://www.squareyards.com/property-rates/mota-varachha-surat,2026-06-25T12:57:25.140609+00:00,locality_synthetic,400,0,0,16.4,mota varachha
Surat,Gujarat,Surat,Mota Varachha,Shop,commercial,4100.0,,,,https://www.squareyards.com/property-rates/mota-varachha-surat,2026-06-25T12:57:25.140609+00:00,locality_synthetic,800,0,0,32.8,mota varachha
Surat,Gujarat,Surat,Mota Varachha,Shop,commercial,4100.0,,,,https://www.squareyards.com/property-rates/mota-varachha-surat,2026-06-25T12:57:25.140609+00:00,locality_synthetic,1200,0,0,49.2,mota varachha
Surat,Gujarat,Surat,Mota Varachha,Showroom,commercial,4592.0,,,,https://www.squareyards.com/property-rates/mota-varachha-surat,2026-06-25T12:57:25.140609+00:00,locality_synthetic,600,0,0,27.55,mota varachha
Surat,Gujarat,Surat,Mota Varachha,Showroom,commercial,4592.0,,,,https://www.squareyards.com/property-rates/mota-varachha-surat,2026-06-25T12:57:25.140609+00:00,locality_synthetic,1200,0,0,55.1,mota varachha
Surat,Gujarat,Surat,Mota Varachha,Showroom,commercial,4592.0,,,,https://www.squareyards.com/property-rates/mota-varachha-surat,2026-06-25T12:57:25.140609+00:00,locality_synthetic,2500,0,0,114.8,mota varachha
Surat,Gujarat,Surat,Mota Varachha,Showroom,commercial,4592.0,,,,https://www.squareyards.com/property-rates/mota-varachha-surat,2026-06-25T12:57:25.140609+00:00,locality_synthetic,4000,0,0,183.68,mota varachha
Surat,Gujarat,Surat,Mota Varachha,Office,commercial,4100.0,,,,https://www.squareyards.com/property-rates/mota-varachha-surat,2026-06-25T12:57:25.140609+00:00,locality_synthetic,500,0,0,20.5,mota varachha
Surat,Gujarat,Surat,Mota Varachha,Office,commercial,4100.0,,,,https://www.squareyards.com/property-rates/mota-varachha-surat,2026-06-25T12:57:25.140609+00:00,locality_synthetic,1000,0,0,41.0,mota varachha
Surat,Gujarat,Surat,Mota Varachha,Office,commercial,4100.0,,,,https://www.squareyards.com/property-rates/mota-varachha-surat,2026-06-25T12:57:25.140609+00:00,locality_synthetic,2000,0,0,82.0,mota varachha
Surat,Gujarat,Surat,Mota Varachha,Office,commercial,4100.0,,,,https://www.squareyards.com/property-rates/mota-varachha-surat,2026-06-25T12:57:25.140609+00:00,locality_synthetic,5000,0,0,205.0,mota varachha
Surat,Gujarat,Surat,Mota Varachha,Commercial,commercial,4305.0,,,,https://www.squareyards.com/property-rates/mota-varachha-surat,2026-06-25T12:57:25.140609+00:00,locality_synthetic,500,0,0,21.52,mota varachha
Surat,Gujarat,Surat,Mota Varachha,Commercial,commercial,4305.0,,,,https://www.squareyards.com/property-rates/mota-varachha-surat,2026-06-25T12:57:25.140609+00:00,locality_synthetic,1000,0,0,43.05,mota varachha
Surat,Gujarat,Surat,Mota Varachha,Commercial,commercial,4305.0,,,,https://www.squareyards.com/property-rates/mota-varachha-surat,2026-06-25T12:57:25.140609+00:00,locality_synthetic,2000,0,0,86.1,mota varachha
Surat,Gujarat,Surat,Mota Varachha,Commercial,commercial,4305.0,,,,https://www.squareyards.com/property-rates/mota-varachha-surat,2026-06-25T12:57:25.140609+00:00,locality_synthetic,3500,0,0,150.68,mota varachha
Surat,Gujarat,Surat,Mota Varachha,Warehouse,commercial,2952.0,,,,https://www.squareyards.com/property-rates/mota-varachha-surat,2026-06-25T12:57:25.140609+00:00,locality_synthetic,1500,0,0,44.28,mota varachha
Surat,Gujarat,Surat,Mota Varachha,Warehouse,commercial,2952.0,,,,https://www.squareyards.com/property-rates/mota-varachha-surat,2026-06-25T12:57:25.140609+00:00,locality_synthetic,3000,0,0,88.56,mota varachha
Surat,Gujarat,Surat,Mota Varachha,Warehouse,commercial,2952.0,,,,https://www.squareyards.com/property-rates/mota-varachha-surat,2026-06-25T12:57:25.140609+00:00,locality_synthetic,5000,0,0,147.6,mota varachha
Surat,Gujarat,Surat,Mota Varachha,Warehouse,commercial,2952.0,,,,https://www.squareyards.com/property-rates/mota-varachha-surat,2026-06-25T12:57:25.140609+00:00,locality_synthetic,10000,0,0,295.2,mota varachha
Surat,Gujarat,Surat,Mota Varachha,Retail,commercial,4100.0,,,,https://www.squareyards.com/property-rates/mota-varachha-surat,2026-06-25T12:57:25.140609+00:00,locality_synthetic,300,0,0,12.3,mota varachha
Surat,Gujarat,Surat,Mota Varachha,Retail,commercial,4100.0,,,,https://www.squareyards.com/property-rates/mota-varachha-surat,2026-06-25T12:57:25.140609+00:00,locality_synthetic,600,0,0,24.6,mota varachha
Surat,Gujarat,Surat,Mota Varachha,Retail,commercial,4100.0,,,,https://www.squareyards.com/property-rates/mota-varachha-surat,2026-06-25T12:57:25.140609+00:00,locality_synthetic,1000,0,0,41.0,mota varachha
Surat,Gujarat,Surat,Mota Varachha,Retail,commercial,4100.0,,,,https://www.squareyards.com/property-rates/mota-varachha-surat,2026-06-25T12:57:25.140609+00:00,locality_synthetic,1800,0,0,73.8,mota varachha
Surat,Gujarat,Surat,Nana Varachha,Apartment,residential,3900.0,,,,https://www.squareyards.com/property-rates/nana-varachha-surat,2026-06-25T12:57:25.140609+00:00,locality_synthetic,550,1,1,21.45,nana varachha
Surat,Gujarat,Surat,Nana Varachha,Apartment,residential,3900.0,,,,https://www.squareyards.com/property-rates/nana-varachha-surat,2026-06-25T12:57:25.140609+00:00,locality_synthetic,1050,2,2,40.95,nana varachha
Surat,Gujarat,Surat,Nana Varachha,Apartment,residential,3900.0,,,,https://www.squareyards.com/property-rates/nana-varachha-surat,2026-06-25T12:57:25.140609+00:00,locality_synthetic,1450,3,3,56.55,nana varachha
Surat,Gujarat,Surat,Nana Varachha,Apartment,residential,3900.0,,,,https://www.squareyards.com/property-rates/nana-varachha-surat,2026-06-25T12:57:25.140609+00:00,locality_synthetic,2000,4,4,78.0,nana varachha
Surat,Gujarat,Surat,Nana Varachha,Flat,residential,3900.0,,,,https://www.squareyards.com/property-rates/nana-varachha-surat,2026-06-25T12:57:25.140609+00:00,locality_synthetic,550,1,1,21.45,nana varachha
Surat,Gujarat,Surat,Nana Varachha,Flat,residential,3900.0,,,,https://www.squareyards.com/property-rates/nana-varachha-surat,2026-06-25T12:57:25.140609+00:00,locality_synthetic,1050,2,2,40.95,nana varachha
Surat,Gujarat,Surat,Nana Varachha,Flat,residential,3900.0,,,,https://www.squareyards.com/property-rates/nana-varachha-surat,2026-06-25T12:57:25.140609+00:00,locality_synthetic,1450,3,3,56.55,nana varachha
Surat,Gujarat,Surat,Nana Varachha,Flat,residential,3900.0,,,,https://www.squareyards.com/property-rates/nana-varachha-surat,2026-06-25T12:57:25.140609+00:00,locality_synthetic,2000,4,4,78.0,nana varachha
Surat,Gujarat,Surat,Nana Varachha,Studio,residential,3588.0,,,,https://www.squareyards.com/property-rates/nana-varachha-surat,2026-06-25T12:57:25.140609+00:00,locality_synthetic,400,1,1,14.35,nana varachha
Surat,Gujarat,Surat,Nana Varachha,Studio,residential,3588.0,,,,https://www.squareyards.com/property-rates/nana-varachha-surat,2026-06-25T12:57:25.140609+00:00,locality_synthetic,500,1,1,17.94,nana varachha
Surat,Gujarat,Surat,Nana Varachha,Penthouse,residential,5265.0,,,,https://www.squareyards.com/property-rates/nana-varachha-surat,2026-06-25T12:57:25.140609+00:00,locality_synthetic,1800,3,3,94.77,nana varachha
Surat,Gujarat,Surat,Nana Varachha,Penthouse,residential,5265.0,,,,https://www.squareyards.com/property-rates/nana-varachha-surat,2026-06-25T12:57:25.140609+00:00,locality_synthetic,2500,4,4,131.62,nana varachha
Surat,Gujarat,Surat,Nana Varachha,Penthouse,residential,5265.0,,,,https://www.squareyards.com/property-rates/nana-varachha-surat,2026-06-25T12:57:25.140609+00:00,locality_synthetic,3200,5,5,168.48,nana varachha
Surat,Gujarat,Surat,Nana Varachha,Villa,residential,3350.0,,,,https://www.squareyards.com/property-rates/nana-varachha-surat,2026-06-25T12:57:25.140609+00:00,locality_synthetic,1500,2,2,50.25,nana varachha
Surat,Gujarat,Surat,Nana Varachha,Villa,residential,3350.0,,,,https://www.squareyards.com/property-rates/nana-varachha-surat,2026-06-25T12:57:25.140609+00:00,locality_synthetic,2200,3,3,73.7,nana varachha
Surat,Gujarat,Surat,Nana Varachha,Villa,residential,3350.0,,,,https://www.squareyards.com/property-rates/nana-varachha-surat,2026-06-25T12:57:25.140609+00:00,locality_synthetic,3000,4,4,100.5,nana varachha
Surat,Gujarat,Surat,Nana Varachha,Villa,residential,3350.0,,,,https://www.squareyards.com/property-rates/nana-varachha-surat,2026-06-25T12:57:25.140609+00:00,locality_synthetic,4500,5,5,150.75,nana varachha
Surat,Gujarat,Surat,Nana Varachha,Bungalow,residential,3618.0,,,,https://www.squareyards.com/property-rates/nana-varachha-surat,2026-06-25T12:57:25.140609+00:00,locality_synthetic,2500,3,3,90.45,nana varachha
Surat,Gujarat,Surat,Nana Varachha,Bungalow,residential,3618.0,,,,https://www.squareyards.com/property-rates/nana-varachha-surat,2026-06-25T12:57:25.140609+00:00,locality_synthetic,3500,4,4,126.63,nana varachha
Surat,Gujarat,Surat,Nana Varachha,Bungalow,residential,3618.0,,,,https://www.squareyards.com/property-rates/nana-varachha-surat,2026-06-25T12:57:25.140609+00:00,locality_synthetic,5000,5,5,180.9,nana varachha
Surat,Gujarat,Surat,Nana Varachha,Bungalow,residential,3618.0,,,,https://www.squareyards.com/property-rates/nana-varachha-surat,2026-06-25T12:57:25.140609+00:00,locality_synthetic,6500,6,6,235.17,nana varachha
Surat,Gujarat,Surat,Nana Varachha,House,residential,3283.0,,,,https://www.squareyards.com/property-rates/nana-varachha-surat,2026-06-25T12:57:25.140609+00:00,locality_synthetic,1200,2,2,39.4,nana varachha
Surat,Gujarat,Surat,Nana Varachha,House,residential,3283.0,,,,https://www.squareyards.com/property-rates/nana-varachha-surat,2026-06-25T12:57:25.140609+00:00,locality_synthetic,1800,3,3,59.09,nana varachha
Surat,Gujarat,Surat,Nana Varachha,House,residential,3283.0,,,,https://www.squareyards.com/property-rates/nana-varachha-surat,2026-06-25T12:57:25.140609+00:00,locality_synthetic,2400,4,4,78.79,nana varachha
Surat,Gujarat,Surat,Nana Varachha,House,residential,3283.0,,,,https://www.squareyards.com/property-rates/nana-varachha-surat,2026-06-25T12:57:25.140609+00:00,locality_synthetic,3200,5,5,105.06,nana varachha
Surat,Gujarat,Surat,Nana Varachha,Plot,residential,2145.0,,,,https://www.squareyards.com/property-rates/nana-varachha-surat,2026-06-25T12:57:25.140609+00:00,locality_synthetic,1000,0,0,21.45,nana varachha
Surat,Gujarat,Surat,Nana Varachha,Plot,residential,2145.0,,,,https://www.squareyards.com/property-rates/nana-varachha-surat,2026-06-25T12:57:25.140609+00:00,locality_synthetic,1500,0,0,32.17,nana varachha
Surat,Gujarat,Surat,Nana Varachha,Plot,residential,2145.0,,,,https://www.squareyards.com/property-rates/nana-varachha-surat,2026-06-25T12:57:25.140609+00:00,locality_synthetic,2400,0,0,51.48,nana varachha
Surat,Gujarat,Surat,Nana Varachha,Plot,residential,2145.0,,,,https://www.squareyards.com/property-rates/nana-varachha-surat,2026-06-25T12:57:25.140609+00:00,locality_synthetic,4000,0,0,85.8,nana varachha
Surat,Gujarat,Surat,Nana Varachha,Shop,commercial,3350.0,,,,https://www.squareyards.com/property-rates/nana-varachha-surat,2026-06-25T12:57:25.140609+00:00,locality_synthetic,200,0,0,6.7,nana varachha
Surat,Gujarat,Surat,Nana Varachha,Shop,commercial,3350.0,,,,https://www.squareyards.com/property-rates/nana-varachha-surat,2026-06-25T12:57:25.140609+00:00,locality_synthetic,400,0,0,13.4,nana varachha
Surat,Gujarat,Surat,Nana Varachha,Shop,commercial,3350.0,,,,https://www.squareyards.com/property-rates/nana-varachha-surat,2026-06-25T12:57:25.140609+00:00,locality_synthetic,800,0,0,26.8,nana varachha
Surat,Gujarat,Surat,Nana Varachha,Shop,commercial,3350.0,,,,https://www.squareyards.com/property-rates/nana-varachha-surat,2026-06-25T12:57:25.140609+00:00,locality_synthetic,1200,0,0,40.2,nana varachha
Surat,Gujarat,Surat,Nana Varachha,Showroom,commercial,3752.0,,,,https://www.squareyards.com/property-rates/nana-varachha-surat,2026-06-25T12:57:25.140609+00:00,locality_synthetic,600,0,0,22.51,nana varachha
Surat,Gujarat,Surat,Nana Varachha,Showroom,commercial,3752.0,,,,https://www.squareyards.com/property-rates/nana-varachha-surat,2026-06-25T12:57:25.140609+00:00,locality_synthetic,1200,0,0,45.02,nana varachha
Surat,Gujarat,Surat,Nana Varachha,Showroom,commercial,3752.0,,,,https://www.squareyards.com/property-rates/nana-varachha-surat,2026-06-25T12:57:25.140609+00:00,locality_synthetic,2500,0,0,93.8,nana varachha
Surat,Gujarat,Surat,Nana Varachha,Showroom,commercial,3752.0,,,,https://www.squareyards.com/property-rates/nana-varachha-surat,2026-06-25T12:57:25.140609+00:00,locality_synthetic,4000,0,0,150.08,nana varachha
Surat,Gujarat,Surat,Nana Varachha,Office,commercial,3350.0,,,,https://www.squareyards.com/property-rates/nana-varachha-surat,2026-06-25T12:57:25.140609+00:00,locality_synthetic,500,0,0,16.75,nana varachha
Surat,Gujarat,Surat,Nana Varachha,Office,commercial,3350.0,,,,https://www.squareyards.com/property-rates/nana-varachha-surat,2026-06-25T12:57:25.140609+00:00,locality_synthetic,1000,0,0,33.5,nana varachha
Surat,Gujarat,Surat,Nana Varachha,Office,commercial,3350.0,,,,https://www.squareyards.com/property-rates/nana-varachha-surat,2026-06-25T12:57:25.140609+00:00,locality_synthetic,2000,0,0,67.0,nana varachha
Surat,Gujarat,Surat,Nana Varachha,Office,commercial,3350.0,,,,https://www.squareyards.com/property-rates/nana-varachha-surat,2026-06-25T12:57:25.140609+00:00,locality_synthetic,5000,0,0,167.5,nana varachha
Surat,Gujarat,Surat,Nana Varachha,Commercial,commercial,3517.5,,,,https://www.squareyards.com/property-rates/nana-varachha-surat,2026-06-25T12:57:25.140609+00:00,locality_synthetic,500,0,0,17.59,nana varachha
Surat,Gujarat,Surat,Nana Varachha,Commercial,commercial,3517.5,,,,https://www.squareyards.com/property-rates/nana-varachha-surat,2026-06-25T12:57:25.140609+00:00,locality_synthetic,1000,0,0,35.17,nana varachha
Surat,Gujarat,Surat,Nana Varachha,Commercial,commercial,3517.5,,,,https://www.squareyards.com/property-rates/nana-varachha-surat,2026-06-25T12:57:25.140609+00:00,locality_synthetic,2000,0,0,70.35,nana varachha
Surat,Gujarat,Surat,Nana Varachha,Commercial,commercial,3517.5,,,,https://www.squareyards.com/property-rates/nana-varachha-surat,2026-06-25T12:57:25.140609+00:00,locality_synthetic,3500,0,0,123.11,nana varachha
Surat,Gujarat,Surat,Nana Varachha,Warehouse,commercial,2412.0,,,,https://www.squareyards.com/property-rates/nana-varachha-surat,2026-06-25T12:57:25.140609+00:00,locality_synthetic,1500,0,0,36.18,nana varachha
Surat,Gujarat,Surat,Nana Varachha,Warehouse,commercial,2412.0,,,,https://www.squareyards.com/property-rates/nana-varachha-surat,2026-06-25T12:57:25.140609+00:00,locality_synthetic,3000,0,0,72.36,nana varachha
Surat,Gujarat,Surat,Nana Varachha,Warehouse,commercial,2412.0,,,,https://www.squareyards.com/property-rates/nana-varachha-surat,2026-06-25T12:57:25.140609+00:00,locality_synthetic,5000,0,0,120.6,nana varachha
Surat,Gujarat,Surat,Nana Varachha,Warehouse,commercial,2412.0,,,,https://www.squareyards.com/property-rates/nana-varachha-surat,2026-06-25T12:57:25.140609+00:00,locality_synthetic,10000,0,0,241.2,nana varachha
Surat,Gujarat,Surat,Nana Varachha,Retail,commercial,3350.0,,,,https://www.squareyards.com/property-rates/nana-varachha-surat,2026-06-25T12:57:25.140609+00:00,locality_synthetic,300,0,0,10.05,nana varachha
Surat,Gujarat,Surat,Nana Varachha,Retail,commercial,3350.0,,,,https://www.squareyards.com/property-rates/nana-varachha-surat,2026-06-25T12:57:25.140609+00:00,locality_synthetic,600,0,0,20.1,nana varachha
Surat,Gujarat,Surat,Nana Varachha,Retail,commercial,3350.0,,,,https://www.squareyards.com/property-rates/nana-varachha-surat,2026-06-25T12:57:25.140609+00:00,locality_synthetic,1000,0,0,33.5,nana varachha
Surat,Gujarat,Surat,Nana Varachha,Retail,commercial,3350.0,,,,https://www.squareyards.com/property-rates/nana-varachha-surat,2026-06-25T12:57:25.140609+00:00,locality_synthetic,1800,0,0,60.3,nana varachha
Surat,Gujarat,Surat,Nanpura,Apartment,residential,2550.0,,,,https://www.squareyards.com/property-rates/nanpura-surat,2026-06-25T12:57:25.140609+00:00,locality_synthetic,550,1,1,14.03,nanpura
Surat,Gujarat,Surat,Nanpura,Apartment,residential,2550.0,,,,https://www.squareyards.com/property-rates/nanpura-surat,2026-06-25T12:57:25.140609+00:00,locality_synthetic,1050,2,2,26.77,nanpura
Surat,Gujarat,Surat,Nanpura,Apartment,residential,2550.0,,,,https://www.squareyards.com/property-rates/nanpura-surat,2026-06-25T12:57:25.140609+00:00,locality_synthetic,1450,3,3,36.98,nanpura
Surat,Gujarat,Surat,Nanpura,Apartment,residential,2550.0,,,,https://www.squareyards.com/property-rates/nanpura-surat,2026-06-25T12:57:25.140609+00:00,locality_synthetic,2000,4,4,51.0,nanpura
Surat,Gujarat,Surat,Nanpura,Flat,residential,2550.0,,,,https://www.squareyards.com/property-rates/nanpura-surat,2026-06-25T12:57:25.140609+00:00,locality_synthetic,550,1,1,14.03,nanpura
Surat,Gujarat,Surat,Nanpura,Flat,residential,2550.0,,,,https://www.squareyards.com/property-rates/nanpura-surat,2026-06-25T12:57:25.140609+00:00,locality_synthetic,1050,2,2,26.77,nanpura
Surat,Gujarat,Surat,Nanpura,Flat,residential,2550.0,,,,https://www.squareyards.com/property-rates/nanpura-surat,2026-06-25T12:57:25.140609+00:00,locality_synthetic,1450,3,3,36.98,nanpura
Surat,Gujarat,Surat,Nanpura,Flat,residential,2550.0,,,,https://www.squareyards.com/property-rates/nanpura-surat,2026-06-25T12:57:25.140609+00:00,locality_synthetic,2000,4,4,51.0,nanpura
Surat,Gujarat,Surat,Nanpura,Studio,residential,2346.0,,,,https://www.squareyards.com/property-rates/nanpura-surat,2026-06-25T12:57:25.140609+00:00,locality_synthetic,400,1,1,9.38,nanpura
Surat,Gujarat,Surat,Nanpura,Studio,residential,2346.0,,,,https://www.squareyards.com/property-rates/nanpura-surat,2026-06-25T12:57:25.140609+00:00,locality_synthetic,500,1,1,11.73,nanpura
Surat,Gujarat,Surat,Nanpura,Penthouse,residential,3442.5,,,,https://www.squareyards.com/property-rates/nanpura-surat,2026-06-25T12:57:25.140609+00:00,locality_synthetic,1800,3,3,61.97,nanpura
Surat,Gujarat,Surat,Nanpura,Penthouse,residential,3442.5,,,,https://www.squareyards.com/property-rates/nanpura-surat,2026-06-25T12:57:25.140609+00:00,locality_synthetic,2500,4,4,86.06,nanpura
Surat,Gujarat,Surat,Nanpura,Penthouse,residential,3442.5,,,,https://www.squareyards.com/property-rates/nanpura-surat,2026-06-25T12:57:25.140609+00:00,locality_synthetic,3200,5,5,110.16,nanpura
Surat,Gujarat,Surat,Nanpura,Villa,residential,2550.0,,,,https://www.squareyards.com/property-rates/nanpura-surat,2026-06-25T12:57:25.140609+00:00,locality_synthetic,1500,2,2,38.25,nanpura
Surat,Gujarat,Surat,Nanpura,Villa,residential,2550.0,,,,https://www.squareyards.com/property-rates/nanpura-surat,2026-06-25T12:57:25.140609+00:00,locality_synthetic,2200,3,3,56.1,nanpura
Surat,Gujarat,Surat,Nanpura,Villa,residential,2550.0,,,,https://www.squareyards.com/property-rates/nanpura-surat,2026-06-25T12:57:25.140609+00:00,locality_synthetic,3000,4,4,76.5,nanpura
Surat,Gujarat,Surat,Nanpura,Villa,residential,2550.0,,,,https://www.squareyards.com/property-rates/nanpura-surat,2026-06-25T12:57:25.140609+00:00,locality_synthetic,4500,5,5,114.75,nanpura
Surat,Gujarat,Surat,Nanpura,Bungalow,residential,2754.0,,,,https://www.squareyards.com/property-rates/nanpura-surat,2026-06-25T12:57:25.140609+00:00,locality_synthetic,2500,3,3,68.85,nanpura
Surat,Gujarat,Surat,Nanpura,Bungalow,residential,2754.0,,,,https://www.squareyards.com/property-rates/nanpura-surat,2026-06-25T12:57:25.140609+00:00,locality_synthetic,3500,4,4,96.39,nanpura
Surat,Gujarat,Surat,Nanpura,Bungalow,residential,2754.0,,,,https://www.squareyards.com/property-rates/nanpura-surat,2026-06-25T12:57:25.140609+00:00,locality_synthetic,5000,5,5,137.7,nanpura
Surat,Gujarat,Surat,Nanpura,Bungalow,residential,2754.0,,,,https://www.squareyards.com/property-rates/nanpura-surat,2026-06-25T12:57:25.140609+00:00,locality_synthetic,6500,6,6,179.01,nanpura
Surat,Gujarat,Surat,Nanpura,House,residential,2499.0,,,,https://www.squareyards.com/property-rates/nanpura-surat,2026-06-25T12:57:25.140609+00:00,locality_synthetic,1200,2,2,29.99,nanpura
Surat,Gujarat,Surat,Nanpura,House,residential,2499.0,,,,https://www.squareyards.com/property-rates/nanpura-surat,2026-06-25T12:57:25.140609+00:00,locality_synthetic,1800,3,3,44.98,nanpura
Surat,Gujarat,Surat,Nanpura,House,residential,2499.0,,,,https://www.squareyards.com/property-rates/nanpura-surat,2026-06-25T12:57:25.140609+00:00,locality_synthetic,2400,4,4,59.98,nanpura
Surat,Gujarat,Surat,Nanpura,House,residential,2499.0,,,,https://www.squareyards.com/property-rates/nanpura-surat,2026-06-25T12:57:25.140609+00:00,locality_synthetic,3200,5,5,79.97,nanpura
Surat,Gujarat,Surat,Nanpura,Plot,residential,1402.5,,,,https://www.squareyards.com/property-rates/nanpura-surat,2026-06-25T12:57:25.140609+00:00,locality_synthetic,1000,0,0,14.03,nanpura
Surat,Gujarat,Surat,Nanpura,Plot,residential,1402.5,,,,https://www.squareyards.com/property-rates/nanpura-surat,2026-06-25T12:57:25.140609+00:00,locality_synthetic,1500,0,0,21.04,nanpura
Surat,Gujarat,Surat,Nanpura,Plot,residential,1402.5,,,,https://www.squareyards.com/property-rates/nanpura-surat,2026-06-25T12:57:25.140609+00:00,locality_synthetic,2400,0,0,33.66,nanpura
Surat,Gujarat,Surat,Nanpura,Plot,residential,1402.5,,,,https://www.squareyards.com/property-rates/nanpura-surat,2026-06-25T12:57:25.140609+00:00,locality_synthetic,4000,0,0,56.1,nanpura
Surat,Gujarat,Surat,Nanpura,Shop,commercial,2550.0,,,,https://www.squareyards.com/property-rates/nanpura-surat,2026-06-25T12:57:25.140609+00:00,locality_synthetic,200,0,0,5.1,nanpura
Surat,Gujarat,Surat,Nanpura,Shop,commercial,2550.0,,,,https://www.squareyards.com/property-rates/nanpura-surat,2026-06-25T12:57:25.140609+00:00,locality_synthetic,400,0,0,10.2,nanpura
Surat,Gujarat,Surat,Nanpura,Shop,commercial,2550.0,,,,https://www.squareyards.com/property-rates/nanpura-surat,2026-06-25T12:57:25.140609+00:00,locality_synthetic,800,0,0,20.4,nanpura
Surat,Gujarat,Surat,Nanpura,Shop,commercial,2550.0,,,,https://www.squareyards.com/property-rates/nanpura-surat,2026-06-25T12:57:25.140609+00:00,locality_synthetic,1200,0,0,30.6,nanpura
Surat,Gujarat,Surat,Nanpura,Showroom,commercial,2856.0,,,,https://www.squareyards.com/property-rates/nanpura-surat,2026-06-25T12:57:25.140609+00:00,locality_synthetic,600,0,0,17.14,nanpura
Surat,Gujarat,Surat,Nanpura,Showroom,commercial,2856.0,,,,https://www.squareyards.com/property-rates/nanpura-surat,2026-06-25T12:57:25.140609+00:00,locality_synthetic,1200,0,0,34.27,nanpura
Surat,Gujarat,Surat,Nanpura,Showroom,commercial,2856.0,,,,https://www.squareyards.com/property-rates/nanpura-surat,2026-06-25T12:57:25.140609+00:00,locality_synthetic,2500,0,0,71.4,nanpura
Surat,Gujarat,Surat,Nanpura,Showroom,commercial,2856.0,,,,https://www.squareyards.com/property-rates/nanpura-surat,2026-06-25T12:57:25.140609+00:00,locality_synthetic,4000,0,0,114.24,nanpura
Surat,Gujarat,Surat,Nanpura,Office,commercial,2550.0,,,,https://www.squareyards.com/property-rates/nanpura-surat,2026-06-25T12:57:25.140609+00:00,locality_synthetic,500,0,0,12.75,nanpura
Surat,Gujarat,Surat,Nanpura,Office,commercial,2550.0,,,,https://www.squareyards.com/property-rates/nanpura-surat,2026-06-25T12:57:25.140609+00:00,locality_synthetic,1000,0,0,25.5,nanpura
Surat,Gujarat,Surat,Nanpura,Office,commercial,2550.0,,,,https://www.squareyards.com/property-rates/nanpura-surat,2026-06-25T12:57:25.140609+00:00,locality_synthetic,2000,0,0,51.0,nanpura
Surat,Gujarat,Surat,Nanpura,Office,commercial,2550.0,,,,https://www.squareyards.com/property-rates/nanpura-surat,2026-06-25T12:57:25.140609+00:00,locality_synthetic,5000,0,0,127.5,nanpura
Surat,Gujarat,Surat,Nanpura,Commercial,commercial,2677.5,,,,https://www.squareyards.com/property-rates/nanpura-surat,2026-06-25T12:57:25.140609+00:00,locality_synthetic,500,0,0,13.39,nanpura
Surat,Gujarat,Surat,Nanpura,Commercial,commercial,2677.5,,,,https://www.squareyards.com/property-rates/nanpura-surat,2026-06-25T12:57:25.140609+00:00,locality_synthetic,1000,0,0,26.77,nanpura
Surat,Gujarat,Surat,Nanpura,Commercial,commercial,2677.5,,,,https://www.squareyards.com/property-rates/nanpura-surat,2026-06-25T12:57:25.140609+00:00,locality_synthetic,2000,0,0,53.55,nanpura
Surat,Gujarat,Surat,Nanpura,Commercial,commercial,2677.5,,,,https://www.squareyards.com/property-rates/nanpura-surat,2026-06-25T12:57:25.140609+00:00,locality_synthetic,3500,0,0,93.71,nanpura
Surat,Gujarat,Surat,Nanpura,Warehouse,commercial,1836.0,,,,https://www.squareyards.com/property-rates/nanpura-surat,2026-06-25T12:57:25.140609+00:00,locality_synthetic,1500,0,0,27.54,nanpura
Surat,Gujarat,Surat,Nanpura,Warehouse,commercial,1836.0,,,,https://www.squareyards.com/property-rates/nanpura-surat,2026-06-25T12:57:25.140609+00:00,locality_synthetic,3000,0,0,55.08,nanpura
Surat,Gujarat,Surat,Nanpura,Warehouse,commercial,1836.0,,,,https://www.squareyards.com/property-rates/nanpura-surat,2026-06-25T12:57:25.140609+00:00,locality_synthetic,5000,0,0,91.8,nanpura
Surat,Gujarat,Surat,Nanpura,Warehouse,commercial,1836.0,,,,https://www.squareyards.com/property-rates/nanpura-surat,2026-06-25T12:57:25.140609+00:00,locality_synthetic,10000,0,0,183.6,nanpura
Surat,Gujarat,Surat,Nanpura,Retail,commercial,2550.0,,,,https://www.squareyards.com/property-rates/nanpura-surat,2026-06-25T12:57:25.140609+00:00,locality_synthetic,300,0,0,7.65,nanpura
Surat,Gujarat,Surat,Nanpura,Retail,commercial,2550.0,,,,https://www.squareyards.com/property-rates/nanpura-surat,2026-06-25T12:57:25.140609+00:00,locality_synthetic,600,0,0,15.3,nanpura
Surat,Gujarat,Surat,Nanpura,Retail,commercial,2550.0,,,,https://www.squareyards.com/property-rates/nanpura-surat,2026-06-25T12:57:25.140609+00:00,locality_synthetic,1000,0,0,25.5,nanpura
Surat,Gujarat,Surat,Nanpura,Retail,commercial,2550.0,,,,https://www.squareyards.com/property-rates/nanpura-surat,2026-06-25T12:57:25.140609+00:00,locality_synthetic,1800,0,0,45.9,nanpura
Surat,Gujarat,Surat,New City Light,Apartment,residential,5050.0,,,,https://www.squareyards.com/property-rates/new-city-light-surat,2026-06-25T12:57:25.140609+00:00,locality_synthetic,550,1,1,27.77,new city light
Surat,Gujarat,Surat,New City Light,Apartment,residential,5050.0,,,,https://www.squareyards.com/property-rates/new-city-light-surat,2026-06-25T12:57:25.140609+00:00,locality_synthetic,1050,2,2,53.02,new city light
Surat,Gujarat,Surat,New City Light,Apartment,residential,5050.0,,,,https://www.squareyards.com/property-rates/new-city-light-surat,2026-06-25T12:57:25.140609+00:00,locality_synthetic,1450,3,3,73.22,new city light
Surat,Gujarat,Surat,New City Light,Apartment,residential,5050.0,,,,https://www.squareyards.com/property-rates/new-city-light-surat,2026-06-25T12:57:25.140609+00:00,locality_synthetic,2000,4,4,101.0,new city light
Surat,Gujarat,Surat,New City Light,Flat,residential,5050.0,,,,https://www.squareyards.com/property-rates/new-city-light-surat,2026-06-25T12:57:25.140609+00:00,locality_synthetic,550,1,1,27.77,new city light
Surat,Gujarat,Surat,New City Light,Flat,residential,5050.0,,,,https://www.squareyards.com/property-rates/new-city-light-surat,2026-06-25T12:57:25.140609+00:00,locality_synthetic,1050,2,2,53.02,new city light
Surat,Gujarat,Surat,New City Light,Flat,residential,5050.0,,,,https://www.squareyards.com/property-rates/new-city-light-surat,2026-06-25T12:57:25.140609+00:00,locality_synthetic,1450,3,3,73.22,new city light
Surat,Gujarat,Surat,New City Light,Flat,residential,5050.0,,,,https://www.squareyards.com/property-rates/new-city-light-surat,2026-06-25T12:57:25.140609+00:00,locality_synthetic,2000,4,4,101.0,new city light
Surat,Gujarat,Surat,New City Light,Studio,residential,4646.0,,,,https://www.squareyards.com/property-rates/new-city-light-surat,2026-06-25T12:57:25.140609+00:00,locality_synthetic,400,1,1,18.58,new city light
Surat,Gujarat,Surat,New City Light,Studio,residential,4646.0,,,,https://www.squareyards.com/property-rates/new-city-light-surat,2026-06-25T12:57:25.140609+00:00,locality_synthetic,500,1,1,23.23,new city light
Surat,Gujarat,Surat,New City Light,Penthouse,residential,6817.5,,,,https://www.squareyards.com/property-rates/new-city-light-surat,2026-06-25T12:57:25.140609+00:00,locality_synthetic,1800,3,3,122.72,new city light
Surat,Gujarat,Surat,New City Light,Penthouse,residential,6817.5,,,,https://www.squareyards.com/property-rates/new-city-light-surat,2026-06-25T12:57:25.140609+00:00,locality_synthetic,2500,4,4,170.44,new city light
Surat,Gujarat,Surat,New City Light,Penthouse,residential,6817.5,,,,https://www.squareyards.com/property-rates/new-city-light-surat,2026-06-25T12:57:25.140609+00:00,locality_synthetic,3200,5,5,218.16,new city light
Surat,Gujarat,Surat,New City Light,Villa,residential,5650.0,,,,https://www.squareyards.com/property-rates/new-city-light-surat,2026-06-25T12:57:25.140609+00:00,locality_synthetic,1500,2,2,84.75,new city light
Surat,Gujarat,Surat,New City Light,Villa,residential,5650.0,,,,https://www.squareyards.com/property-rates/new-city-light-surat,2026-06-25T12:57:25.140609+00:00,locality_synthetic,2200,3,3,124.3,new city light
Surat,Gujarat,Surat,New City Light,Villa,residential,5650.0,,,,https://www.squareyards.com/property-rates/new-city-light-surat,2026-06-25T12:57:25.140609+00:00,locality_synthetic,3000,4,4,169.5,new city light
Surat,Gujarat,Surat,New City Light,Villa,residential,5650.0,,,,https://www.squareyards.com/property-rates/new-city-light-surat,2026-06-25T12:57:25.140609+00:00,locality_synthetic,4500,5,5,254.25,new city light
Surat,Gujarat,Surat,New City Light,Bungalow,residential,6102.0,,,,https://www.squareyards.com/property-rates/new-city-light-surat,2026-06-25T12:57:25.140609+00:00,locality_synthetic,2500,3,3,152.55,new city light
Surat,Gujarat,Surat,New City Light,Bungalow,residential,6102.0,,,,https://www.squareyards.com/property-rates/new-city-light-surat,2026-06-25T12:57:25.140609+00:00,locality_synthetic,3500,4,4,213.57,new city light
Surat,Gujarat,Surat,New City Light,Bungalow,residential,6102.0,,,,https://www.squareyards.com/property-rates/new-city-light-surat,2026-06-25T12:57:25.140609+00:00,locality_synthetic,5000,5,5,305.1,new city light
Surat,Gujarat,Surat,New City Light,Bungalow,residential,6102.0,,,,https://www.squareyards.com/property-rates/new-city-light-surat,2026-06-25T12:57:25.140609+00:00,locality_synthetic,6500,6,6,396.63,new city light
Surat,Gujarat,Surat,New City Light,House,residential,5537.0,,,,https://www.squareyards.com/property-rates/new-city-light-surat,2026-06-25T12:57:25.140609+00:00,locality_synthetic,1200,2,2,66.44,new city light
Surat,Gujarat,Surat,New City Light,House,residential,5537.0,,,,https://www.squareyards.com/property-rates/new-city-light-surat,2026-06-25T12:57:25.140609+00:00,locality_synthetic,1800,3,3,99.67,new city light
Surat,Gujarat,Surat,New City Light,House,residential,5537.0,,,,https://www.squareyards.com/property-rates/new-city-light-surat,2026-06-25T12:57:25.140609+00:00,locality_synthetic,2400,4,4,132.89,new city light
Surat,Gujarat,Surat,New City Light,House,residential,5537.0,,,,https://www.squareyards.com/property-rates/new-city-light-surat,2026-06-25T12:57:25.140609+00:00,locality_synthetic,3200,5,5,177.18,new city light
Surat,Gujarat,Surat,New City Light,Plot,residential,2777.5,,,,https://www.squareyards.com/property-rates/new-city-light-surat,2026-06-25T12:57:25.140609+00:00,locality_synthetic,1000,0,0,27.77,new city light
Surat,Gujarat,Surat,New City Light,Plot,residential,2777.5,,,,https://www.squareyards.com/property-rates/new-city-light-surat,2026-06-25T12:57:25.140609+00:00,locality_synthetic,1500,0,0,41.66,new city light
Surat,Gujarat,Surat,New City Light,Plot,residential,2777.5,,,,https://www.squareyards.com/property-rates/new-city-light-surat,2026-06-25T12:57:25.140609+00:00,locality_synthetic,2400,0,0,66.66,new city light
Surat,Gujarat,Surat,New City Light,Plot,residential,2777.5,,,,https://www.squareyards.com/property-rates/new-city-light-surat,2026-06-25T12:57:25.140609+00:00,locality_synthetic,4000,0,0,111.1,new city light
Surat,Gujarat,Surat,New City Light,Shop,commercial,5650.0,,,,https://www.squareyards.com/property-rates/new-city-light-surat,2026-06-25T12:57:25.140609+00:00,locality_synthetic,200,0,0,11.3,new city light
Surat,Gujarat,Surat,New City Light,Shop,commercial,5650.0,,,,https://www.squareyards.com/property-rates/new-city-light-surat,2026-06-25T12:57:25.140609+00:00,locality_synthetic,400,0,0,22.6,new city light
Surat,Gujarat,Surat,New City Light,Shop,commercial,5650.0,,,,https://www.squareyards.com/property-rates/new-city-light-surat,2026-06-25T12:57:25.140609+00:00,locality_synthetic,800,0,0,45.2,new city light
Surat,Gujarat,Surat,New City Light,Shop,commercial,5650.0,,,,https://www.squareyards.com/property-rates/new-city-light-surat,2026-06-25T12:57:25.140609+00:00,locality_synthetic,1200,0,0,67.8,new city light
Surat,Gujarat,Surat,New City Light,Showroom,commercial,6328.0,,,,https://www.squareyards.com/property-rates/new-city-light-surat,2026-06-25T12:57:25.140609+00:00,locality_synthetic,600,0,0,37.97,new city light
Surat,Gujarat,Surat,New City Light,Showroom,commercial,6328.0,,,,https://www.squareyards.com/property-rates/new-city-light-surat,2026-06-25T12:57:25.140609+00:00,locality_synthetic,1200,0,0,75.94,new city light
Surat,Gujarat,Surat,New City Light,Showroom,commercial,6328.0,,,,https://www.squareyards.com/property-rates/new-city-light-surat,2026-06-25T12:57:25.140609+00:00,locality_synthetic,2500,0,0,158.2,new city light
Surat,Gujarat,Surat,New City Light,Showroom,commercial,6328.0,,,,https://www.squareyards.com/property-rates/new-city-light-surat,2026-06-25T12:57:25.140609+00:00,locality_synthetic,4000,0,0,253.12,new city light
Surat,Gujarat,Surat,New City Light,Office,commercial,5650.0,,,,https://www.squareyards.com/property-rates/new-city-light-surat,2026-06-25T12:57:25.140609+00:00,locality_synthetic,500,0,0,28.25,new city light
Surat,Gujarat,Surat,New City Light,Office,commercial,5650.0,,,,https://www.squareyards.com/property-rates/new-city-light-surat,2026-06-25T12:57:25.140609+00:00,locality_synthetic,1000,0,0,56.5,new city light
Surat,Gujarat,Surat,New City Light,Office,commercial,5650.0,,,,https://www.squareyards.com/property-rates/new-city-light-surat,2026-06-25T12:57:25.140609+00:00,locality_synthetic,2000,0,0,113.0,new city light
Surat,Gujarat,Surat,New City Light,Office,commercial,5650.0,,,,https://www.squareyards.com/property-rates/new-city-light-surat,2026-06-25T12:57:25.140609+00:00,locality_synthetic,5000,0,0,282.5,new city light
Surat,Gujarat,Surat,New City Light,Commercial,commercial,5932.5,,,,https://www.squareyards.com/property-rates/new-city-light-surat,2026-06-25T12:57:25.140609+00:00,locality_synthetic,500,0,0,29.66,new city light
Surat,Gujarat,Surat,New City Light,Commercial,commercial,5932.5,,,,https://www.squareyards.com/property-rates/new-city-light-surat,2026-06-25T12:57:25.140609+00:00,locality_synthetic,1000,0,0,59.33,new city light
Surat,Gujarat,Surat,New City Light,Commercial,commercial,5932.5,,,,https://www.squareyards.com/property-rates/new-city-light-surat,2026-06-25T12:57:25.140609+00:00,locality_synthetic,2000,0,0,118.65,new city light
Surat,Gujarat,Surat,New City Light,Commercial,commercial,5932.5,,,,https://www.squareyards.com/property-rates/new-city-light-surat,2026-06-25T12:57:25.140609+00:00,locality_synthetic,3500,0,0,207.64,new city light
Surat,Gujarat,Surat,New City Light,Warehouse,commercial,4068.0,,,,https://www.squareyards.com/property-rates/new-city-light-surat,2026-06-25T12:57:25.140609+00:00,locality_synthetic,1500,0,0,61.02,new city light
Surat,Gujarat,Surat,New City Light,Warehouse,commercial,4068.0,,,,https://www.squareyards.com/property-rates/new-city-light-surat,2026-06-25T12:57:25.140609+00:00,locality_synthetic,3000,0,0,122.04,new city light
Surat,Gujarat,Surat,New City Light,Warehouse,commercial,4068.0,,,,https://www.squareyards.com/property-rates/new-city-light-surat,2026-06-25T12:57:25.140609+00:00,locality_synthetic,5000,0,0,203.4,new city light
Surat,Gujarat,Surat,New City Light,Warehouse,commercial,4068.0,,,,https://www.squareyards.com/property-rates/new-city-light-surat,2026-06-25T12:57:25.140609+00:00,locality_synthetic,10000,0,0,406.8,new city light
Surat,Gujarat,Surat,New City Light,Retail,commercial,5650.0,,,,https://www.squareyards.com/property-rates/new-city-light-surat,2026-06-25T12:57:25.140609+00:00,locality_synthetic,300,0,0,16.95,new city light
Surat,Gujarat,Surat,New City Light,Retail,commercial,5650.0,,,,https://www.squareyards.com/property-rates/new-city-light-surat,2026-06-25T12:57:25.140609+00:00,locality_synthetic,600,0,0,33.9,new city light
Surat,Gujarat,Surat,New City Light,Retail,commercial,5650.0,,,,https://www.squareyards.com/property-rates/new-city-light-surat,2026-06-25T12:57:25.140609+00:00,locality_synthetic,1000,0,0,56.5,new city light
Surat,Gujarat,Surat,New City Light,Retail,commercial,5650.0,,,,https://www.squareyards.com/property-rates/new-city-light-surat,2026-06-25T12:57:25.140609+00:00,locality_synthetic,1800,0,0,101.7,new city light
Surat,Gujarat,Surat,Pal,Apartment,residential,4450.0,,11.33,5.32,https://www.squareyards.com/property-rates/pal-surat,2026-06-25T12:57:25.140609+00:00,locality_synthetic,550,1,1,24.48,pal
Surat,Gujarat,Surat,Pal,Apartment,residential,4450.0,,11.33,5.32,https://www.squareyards.com/property-rates/pal-surat,2026-06-25T12:57:25.140609+00:00,locality_synthetic,1050,2,2,46.73,pal
Surat,Gujarat,Surat,Pal,Apartment,residential,4450.0,,11.33,5.32,https://www.squareyards.com/property-rates/pal-surat,2026-06-25T12:57:25.140609+00:00,locality_synthetic,1450,3,3,64.53,pal
Surat,Gujarat,Surat,Pal,Apartment,residential,4450.0,,11.33,5.32,https://www.squareyards.com/property-rates/pal-surat,2026-06-25T12:57:25.140609+00:00,locality_synthetic,2000,4,4,89.0,pal
Surat,Gujarat,Surat,Pal,Flat,residential,4450.0,,11.33,5.32,https://www.squareyards.com/property-rates/pal-surat,2026-06-25T12:57:25.140609+00:00,locality_synthetic,550,1,1,24.48,pal
Surat,Gujarat,Surat,Pal,Flat,residential,4450.0,,11.33,5.32,https://www.squareyards.com/property-rates/pal-surat,2026-06-25T12:57:25.140609+00:00,locality_synthetic,1050,2,2,46.73,pal
Surat,Gujarat,Surat,Pal,Flat,residential,4450.0,,11.33,5.32,https://www.squareyards.com/property-rates/pal-surat,2026-06-25T12:57:25.140609+00:00,locality_synthetic,1450,3,3,64.53,pal
Surat,Gujarat,Surat,Pal,Flat,residential,4450.0,,11.33,5.32,https://www.squareyards.com/property-rates/pal-surat,2026-06-25T12:57:25.140609+00:00,locality_synthetic,2000,4,4,89.0,pal
Surat,Gujarat,Surat,Pal,Studio,residential,4094.0,,11.33,5.32,https://www.squareyards.com/property-rates/pal-surat,2026-06-25T12:57:25.140609+00:00,locality_synthetic,400,1,1,16.38,pal
Surat,Gujarat,Surat,Pal,Studio,residential,4094.0,,11.33,5.32,https://www.squareyards.com/property-rates/pal-surat,2026-06-25T12:57:25.140609+00:00,locality_synthetic,500,1,1,20.47,pal
Surat,Gujarat,Surat,Pal,Penthouse,residential,6007.5,,11.33,5.32,https://www.squareyards.com/property-rates/pal-surat,2026-06-25T12:57:25.140609+00:00,locality_synthetic,1800,3,3,108.14,pal
Surat,Gujarat,Surat,Pal,Penthouse,residential,6007.5,,11.33,5.32,https://www.squareyards.com/property-rates/pal-surat,2026-06-25T12:57:25.140609+00:00,locality_synthetic,2500,4,4,150.19,pal
Surat,Gujarat,Surat,Pal,Penthouse,residential,6007.5,,11.33,5.32,https://www.squareyards.com/property-rates/pal-surat,2026-06-25T12:57:25.140609+00:00,locality_synthetic,3200,5,5,192.24,pal
Surat,Gujarat,Surat,Pal,Villa,residential,4450.0,,11.33,5.32,https://www.squareyards.com/property-rates/pal-surat,2026-06-25T12:57:25.140609+00:00,locality_synthetic,1500,2,2,66.75,pal
Surat,Gujarat,Surat,Pal,Villa,residential,4450.0,,11.33,5.32,https://www.squareyards.com/property-rates/pal-surat,2026-06-25T12:57:25.140609+00:00,locality_synthetic,2200,3,3,97.9,pal
Surat,Gujarat,Surat,Pal,Villa,residential,4450.0,,11.33,5.32,https://www.squareyards.com/property-rates/pal-surat,2026-06-25T12:57:25.140609+00:00,locality_synthetic,3000,4,4,133.5,pal
Surat,Gujarat,Surat,Pal,Villa,residential,4450.0,,11.33,5.32,https://www.squareyards.com/property-rates/pal-surat,2026-06-25T12:57:25.140609+00:00,locality_synthetic,4500,5,5,200.25,pal
Surat,Gujarat,Surat,Pal,Bungalow,residential,4806.0,,11.33,5.32,https://www.squareyards.com/property-rates/pal-surat,2026-06-25T12:57:25.140609+00:00,locality_synthetic,2500,3,3,120.15,pal
Surat,Gujarat,Surat,Pal,Bungalow,residential,4806.0,,11.33,5.32,https://www.squareyards.com/property-rates/pal-surat,2026-06-25T12:57:25.140609+00:00,locality_synthetic,3500,4,4,168.21,pal
Surat,Gujarat,Surat,Pal,Bungalow,residential,4806.0,,11.33,5.32,https://www.squareyards.com/property-rates/pal-surat,2026-06-25T12:57:25.140609+00:00,locality_synthetic,5000,5,5,240.3,pal
Surat,Gujarat,Surat,Pal,Bungalow,residential,4806.0,,11.33,5.32,https://www.squareyards.com/property-rates/pal-surat,2026-06-25T12:57:25.140609+00:00,locality_synthetic,6500,6,6,312.39,pal
Surat,Gujarat,Surat,Pal,House,residential,4361.0,,11.33,5.32,https://www.squareyards.com/property-rates/pal-surat,2026-06-25T12:57:25.140609+00:00,locality_synthetic,1200,2,2,52.33,pal
Surat,Gujarat,Surat,Pal,House,residential,4361.0,,11.33,5.32,https://www.squareyards.com/property-rates/pal-surat,2026-06-25T12:57:25.140609+00:00,locality_synthetic,1800,3,3,78.5,pal
Surat,Gujarat,Surat,Pal,House,residential,4361.0,,11.33,5.32,https://www.squareyards.com/property-rates/pal-surat,2026-06-25T12:57:25.140609+00:00,locality_synthetic,2400,4,4,104.66,pal
Surat,Gujarat,Surat,Pal,House,residential,4361.0,,11.33,5.32,https://www.squareyards.com/property-rates/pal-surat,2026-06-25T12:57:25.140609+00:00,locality_synthetic,3200,5,5,139.55,pal
Surat,Gujarat,Surat,Pal,Plot,residential,2447.5,,11.33,5.32,https://www.squareyards.com/property-rates/pal-surat,2026-06-25T12:57:25.140609+00:00,locality_synthetic,1000,0,0,24.48,pal
Surat,Gujarat,Surat,Pal,Plot,residential,2447.5,,11.33,5.32,https://www.squareyards.com/property-rates/pal-surat,2026-06-25T12:57:25.140609+00:00,locality_synthetic,1500,0,0,36.71,pal
Surat,Gujarat,Surat,Pal,Plot,residential,2447.5,,11.33,5.32,https://www.squareyards.com/property-rates/pal-surat,2026-06-25T12:57:25.140609+00:00,locality_synthetic,2400,0,0,58.74,pal
Surat,Gujarat,Surat,Pal,Plot,residential,2447.5,,11.33,5.32,https://www.squareyards.com/property-rates/pal-surat,2026-06-25T12:57:25.140609+00:00,locality_synthetic,4000,0,0,97.9,pal
Surat,Gujarat,Surat,Pal,Shop,commercial,4450.0,,11.33,5.32,https://www.squareyards.com/property-rates/pal-surat,2026-06-25T12:57:25.140609+00:00,locality_synthetic,200,0,0,8.9,pal
Surat,Gujarat,Surat,Pal,Shop,commercial,4450.0,,11.33,5.32,https://www.squareyards.com/property-rates/pal-surat,2026-06-25T12:57:25.140609+00:00,locality_synthetic,400,0,0,17.8,pal
Surat,Gujarat,Surat,Pal,Shop,commercial,4450.0,,11.33,5.32,https://www.squareyards.com/property-rates/pal-surat,2026-06-25T12:57:25.140609+00:00,locality_synthetic,800,0,0,35.6,pal
Surat,Gujarat,Surat,Pal,Shop,commercial,4450.0,,11.33,5.32,https://www.squareyards.com/property-rates/pal-surat,2026-06-25T12:57:25.140609+00:00,locality_synthetic,1200,0,0,53.4,pal
Surat,Gujarat,Surat,Pal,Showroom,commercial,4984.0,,11.33,5.32,https://www.squareyards.com/property-rates/pal-surat,2026-06-25T12:57:25.140609+00:00,locality_synthetic,600,0,0,29.9,pal
Surat,Gujarat,Surat,Pal,Showroom,commercial,4984.0,,11.33,5.32,https://www.squareyards.com/property-rates/pal-surat,2026-06-25T12:57:25.140609+00:00,locality_synthetic,1200,0,0,59.81,pal
Surat,Gujarat,Surat,Pal,Showroom,commercial,4984.0,,11.33,5.32,https://www.squareyards.com/property-rates/pal-surat,2026-06-25T12:57:25.140609+00:00,locality_synthetic,2500,0,0,124.6,pal
Surat,Gujarat,Surat,Pal,Showroom,commercial,4984.0,,11.33,5.32,https://www.squareyards.com/property-rates/pal-surat,2026-06-25T12:57:25.140609+00:00,locality_synthetic,4000,0,0,199.36,pal
Surat,Gujarat,Surat,Pal,Office,commercial,4450.0,,11.33,5.32,https://www.squareyards.com/property-rates/pal-surat,2026-06-25T12:57:25.140609+00:00,locality_synthetic,500,0,0,22.25,pal
Surat,Gujarat,Surat,Pal,Office,commercial,4450.0,,11.33,5.32,https://www.squareyards.com/property-rates/pal-surat,2026-06-25T12:57:25.140609+00:00,locality_synthetic,1000,0,0,44.5,pal
Surat,Gujarat,Surat,Pal,Office,commercial,4450.0,,11.33,5.32,https://www.squareyards.com/property-rates/pal-surat,2026-06-25T12:57:25.140609+00:00,locality_synthetic,2000,0,0,89.0,pal
Surat,Gujarat,Surat,Pal,Office,commercial,4450.0,,11.33,5.32,https://www.squareyards.com/property-rates/pal-surat,2026-06-25T12:57:25.140609+00:00,locality_synthetic,5000,0,0,222.5,pal
Surat,Gujarat,Surat,Pal,Commercial,commercial,4672.5,,11.33,5.32,https://www.squareyards.com/property-rates/pal-surat,2026-06-25T12:57:25.140609+00:00,locality_synthetic,500,0,0,23.36,pal
Surat,Gujarat,Surat,Pal,Commercial,commercial,4672.5,,11.33,5.32,https://www.squareyards.com/property-rates/pal-surat,2026-06-25T12:57:25.140609+00:00,locality_synthetic,1000,0,0,46.73,pal
Surat,Gujarat,Surat,Pal,Commercial,commercial,4672.5,,11.33,5.32,https://www.squareyards.com/property-rates/pal-surat,2026-06-25T12:57:25.140609+00:00,locality_synthetic,2000,0,0,93.45,pal
Surat,Gujarat,Surat,Pal,Commercial,commercial,4672.5,,11.33,5.32,https://www.squareyards.com/property-rates/pal-surat,2026-06-25T12:57:25.140609+00:00,locality_synthetic,3500,0,0,163.54,pal
Surat,Gujarat,Surat,Pal,Warehouse,commercial,3204.0,,11.33,5.32,https://www.squareyards.com/property-rates/pal-surat,2026-06-25T12:57:25.140609+00:00,locality_synthetic,1500,0,0,48.06,pal
Surat,Gujarat,Surat,Pal,Warehouse,commercial,3204.0,,11.33,5.32,https://www.squareyards.com/property-rates/pal-surat,2026-06-25T12:57:25.140609+00:00,locality_synthetic,3000,0,0,96.12,pal
Surat,Gujarat,Surat,Pal,Warehouse,commercial,3204.0,,11.33,5.32,https://www.squareyards.com/property-rates/pal-surat,2026-06-25T12:57:25.140609+00:00,locality_synthetic,5000,0,0,160.2,pal
Surat,Gujarat,Surat,Pal,Warehouse,commercial,3204.0,,11.33,5.32,https://www.squareyards.com/property-rates/pal-surat,2026-06-25T12:57:25.140609+00:00,locality_synthetic,10000,0,0,320.4,pal
Surat,Gujarat,Surat,Pal,Retail,commercial,4450.0,,11.33,5.32,https://www.squareyards.com/property-rates/pal-surat,2026-06-25T12:57:25.140609+00:00,locality_synthetic,300,0,0,13.35,pal
Surat,Gujarat,Surat,Pal,Retail,commercial,4450.0,,11.33,5.32,https://www.squareyards.com/property-rates/pal-surat,2026-06-25T12:57:25.140609+00:00,locality_synthetic,600,0,0,26.7,pal
Surat,Gujarat,Surat,Pal,Retail,commercial,4450.0,,11.33,5.32,https://www.squareyards.com/property-rates/pal-surat,2026-06-25T12:57:25.140609+00:00,locality_synthetic,1000,0,0,44.5,pal
Surat,Gujarat,Surat,Pal,Retail,commercial,4450.0,,11.33,5.32,https://www.squareyards.com/property-rates/pal-surat,2026-06-25T12:57:25.140609+00:00,locality_synthetic,1800,0,0,80.1,pal
Surat,Gujarat,Surat,Palanpur,Apartment,residential,4000.0,,,7.03,https://www.squareyards.com/property-rates/palanpur-surat,2026-06-25T12:57:25.140609+00:00,locality_synthetic,550,1,1,22.0,palanpur
Surat,Gujarat,Surat,Palanpur,Apartment,residential,4000.0,,,7.03,https://www.squareyards.com/property-rates/palanpur-surat,2026-06-25T12:57:25.140609+00:00,locality_synthetic,1050,2,2,42.0,palanpur
Surat,Gujarat,Surat,Palanpur,Apartment,residential,4000.0,,,7.03,https://www.squareyards.com/property-rates/palanpur-surat,2026-06-25T12:57:25.140609+00:00,locality_synthetic,1450,3,3,58.0,palanpur
Surat,Gujarat,Surat,Palanpur,Apartment,residential,4000.0,,,7.03,https://www.squareyards.com/property-rates/palanpur-surat,2026-06-25T12:57:25.140609+00:00,locality_synthetic,2000,4,4,80.0,palanpur
Surat,Gujarat,Surat,Palanpur,Flat,residential,4000.0,,,7.03,https://www.squareyards.com/property-rates/palanpur-surat,2026-06-25T12:57:25.140609+00:00,locality_synthetic,550,1,1,22.0,palanpur
Surat,Gujarat,Surat,Palanpur,Flat,residential,4000.0,,,7.03,https://www.squareyards.com/property-rates/palanpur-surat,2026-06-25T12:57:25.140609+00:00,locality_synthetic,1050,2,2,42.0,palanpur
Surat,Gujarat,Surat,Palanpur,Flat,residential,4000.0,,,7.03,https://www.squareyards.com/property-rates/palanpur-surat,2026-06-25T12:57:25.140609+00:00,locality_synthetic,1450,3,3,58.0,palanpur
Surat,Gujarat,Surat,Palanpur,Flat,residential,4000.0,,,7.03,https://www.squareyards.com/property-rates/palanpur-surat,2026-06-25T12:57:25.140609+00:00,locality_synthetic,2000,4,4,80.0,palanpur
Surat,Gujarat,Surat,Palanpur,Studio,residential,3680.0,,,7.03,https://www.squareyards.com/property-rates/palanpur-surat,2026-06-25T12:57:25.140609+00:00,locality_synthetic,400,1,1,14.72,palanpur
Surat,Gujarat,Surat,Palanpur,Studio,residential,3680.0,,,7.03,https://www.squareyards.com/property-rates/palanpur-surat,2026-06-25T12:57:25.140609+00:00,locality_synthetic,500,1,1,18.4,palanpur
Surat,Gujarat,Surat,Palanpur,Penthouse,residential,5400.0,,,7.03,https://www.squareyards.com/property-rates/palanpur-surat,2026-06-25T12:57:25.140609+00:00,locality_synthetic,1800,3,3,97.2,palanpur
Surat,Gujarat,Surat,Palanpur,Penthouse,residential,5400.0,,,7.03,https://www.squareyards.com/property-rates/palanpur-surat,2026-06-25T12:57:25.140609+00:00,locality_synthetic,2500,4,4,135.0,palanpur
Surat,Gujarat,Surat,Palanpur,Penthouse,residential,5400.0,,,7.03,https://www.squareyards.com/property-rates/palanpur-surat,2026-06-25T12:57:25.140609+00:00,locality_synthetic,3200,5,5,172.8,palanpur
Surat,Gujarat,Surat,Palanpur,Villa,residential,4000.0,,,7.03,https://www.squareyards.com/property-rates/palanpur-surat,2026-06-25T12:57:25.140609+00:00,locality_synthetic,1500,2,2,60.0,palanpur
Surat,Gujarat,Surat,Palanpur,Villa,residential,4000.0,,,7.03,https://www.squareyards.com/property-rates/palanpur-surat,2026-06-25T12:57:25.140609+00:00,locality_synthetic,2200,3,3,88.0,palanpur
Surat,Gujarat,Surat,Palanpur,Villa,residential,4000.0,,,7.03,https://www.squareyards.com/property-rates/palanpur-surat,2026-06-25T12:57:25.140609+00:00,locality_synthetic,3000,4,4,120.0,palanpur
Surat,Gujarat,Surat,Palanpur,Villa,residential,4000.0,,,7.03,https://www.squareyards.com/property-rates/palanpur-surat,2026-06-25T12:57:25.140609+00:00,locality_synthetic,4500,5,5,180.0,palanpur
Surat,Gujarat,Surat,Palanpur,Bungalow,residential,4320.0,,,7.03,https://www.squareyards.com/property-rates/palanpur-surat,2026-06-25T12:57:25.140609+00:00,locality_synthetic,2500,3,3,108.0,palanpur
Surat,Gujarat,Surat,Palanpur,Bungalow,residential,4320.0,,,7.03,https://www.squareyards.com/property-rates/palanpur-surat,2026-06-25T12:57:25.140609+00:00,locality_synthetic,3500,4,4,151.2,palanpur
Surat,Gujarat,Surat,Palanpur,Bungalow,residential,4320.0,,,7.03,https://www.squareyards.com/property-rates/palanpur-surat,2026-06-25T12:57:25.140609+00:00,locality_synthetic,5000,5,5,216.0,palanpur
Surat,Gujarat,Surat,Palanpur,Bungalow,residential,4320.0,,,7.03,https://www.squareyards.com/property-rates/palanpur-surat,2026-06-25T12:57:25.140609+00:00,locality_synthetic,6500,6,6,280.8,palanpur
Surat,Gujarat,Surat,Palanpur,House,residential,3920.0,,,7.03,https://www.squareyards.com/property-rates/palanpur-surat,2026-06-25T12:57:25.140609+00:00,locality_synthetic,1200,2,2,47.04,palanpur
Surat,Gujarat,Surat,Palanpur,House,residential,3920.0,,,7.03,https://www.squareyards.com/property-rates/palanpur-surat,2026-06-25T12:57:25.140609+00:00,locality_synthetic,1800,3,3,70.56,palanpur
Surat,Gujarat,Surat,Palanpur,House,residential,3920.0,,,7.03,https://www.squareyards.com/property-rates/palanpur-surat,2026-06-25T12:57:25.140609+00:00,locality_synthetic,2400,4,4,94.08,palanpur
Surat,Gujarat,Surat,Palanpur,House,residential,3920.0,,,7.03,https://www.squareyards.com/property-rates/palanpur-surat,2026-06-25T12:57:25.140609+00:00,locality_synthetic,3200,5,5,125.44,palanpur
Surat,Gujarat,Surat,Palanpur,Plot,residential,2200.0,,,7.03,https://www.squareyards.com/property-rates/palanpur-surat,2026-06-25T12:57:25.140609+00:00,locality_synthetic,1000,0,0,22.0,palanpur
Surat,Gujarat,Surat,Palanpur,Plot,residential,2200.0,,,7.03,https://www.squareyards.com/property-rates/palanpur-surat,2026-06-25T12:57:25.140609+00:00,locality_synthetic,1500,0,0,33.0,palanpur
Surat,Gujarat,Surat,Palanpur,Plot,residential,2200.0,,,7.03,https://www.squareyards.com/property-rates/palanpur-surat,2026-06-25T12:57:25.140609+00:00,locality_synthetic,2400,0,0,52.8,palanpur
Surat,Gujarat,Surat,Palanpur,Plot,residential,2200.0,,,7.03,https://www.squareyards.com/property-rates/palanpur-surat,2026-06-25T12:57:25.140609+00:00,locality_synthetic,4000,0,0,88.0,palanpur
Surat,Gujarat,Surat,Palanpur,Shop,commercial,4000.0,,,7.03,https://www.squareyards.com/property-rates/palanpur-surat,2026-06-25T12:57:25.140609+00:00,locality_synthetic,200,0,0,8.0,palanpur
Surat,Gujarat,Surat,Palanpur,Shop,commercial,4000.0,,,7.03,https://www.squareyards.com/property-rates/palanpur-surat,2026-06-25T12:57:25.140609+00:00,locality_synthetic,400,0,0,16.0,palanpur
Surat,Gujarat,Surat,Palanpur,Shop,commercial,4000.0,,,7.03,https://www.squareyards.com/property-rates/palanpur-surat,2026-06-25T12:57:25.140609+00:00,locality_synthetic,800,0,0,32.0,palanpur
Surat,Gujarat,Surat,Palanpur,Shop,commercial,4000.0,,,7.03,https://www.squareyards.com/property-rates/palanpur-surat,2026-06-25T12:57:25.140609+00:00,locality_synthetic,1200,0,0,48.0,palanpur
Surat,Gujarat,Surat,Palanpur,Showroom,commercial,4480.0,,,7.03,https://www.squareyards.com/property-rates/palanpur-surat,2026-06-25T12:57:25.140609+00:00,locality_synthetic,600,0,0,26.88,palanpur
Surat,Gujarat,Surat,Palanpur,Showroom,commercial,4480.0,,,7.03,https://www.squareyards.com/property-rates/palanpur-surat,2026-06-25T12:57:25.140609+00:00,locality_synthetic,1200,0,0,53.76,palanpur
Surat,Gujarat,Surat,Palanpur,Showroom,commercial,4480.0,,,7.03,https://www.squareyards.com/property-rates/palanpur-surat,2026-06-25T12:57:25.140609+00:00,locality_synthetic,2500,0,0,112.0,palanpur
Surat,Gujarat,Surat,Palanpur,Showroom,commercial,4480.0,,,7.03,https://www.squareyards.com/property-rates/palanpur-surat,2026-06-25T12:57:25.140609+00:00,locality_synthetic,4000,0,0,179.2,palanpur
Surat,Gujarat,Surat,Palanpur,Commercial,commercial,4200.0,,,7.03,https://www.squareyards.com/property-rates/palanpur-surat,2026-06-25T12:57:25.140609+00:00,locality_synthetic,500,0,0,21.0,palanpur
Surat,Gujarat,Surat,Palanpur,Commercial,commercial,4200.0,,,7.03,https://www.squareyards.com/property-rates/palanpur-surat,2026-06-25T12:57:25.140609+00:00,locality_synthetic,1000,0,0,42.0,palanpur
Surat,Gujarat,Surat,Palanpur,Commercial,commercial,4200.0,,,7.03,https://www.squareyards.com/property-rates/palanpur-surat,2026-06-25T12:57:25.140609+00:00,locality_synthetic,2000,0,0,84.0,palanpur
Surat,Gujarat,Surat,Palanpur,Commercial,commercial,4200.0,,,7.03,https://www.squareyards.com/property-rates/palanpur-surat,2026-06-25T12:57:25.140609+00:00,locality_synthetic,3500,0,0,147.0,palanpur
Surat,Gujarat,Surat,Palanpur,Warehouse,commercial,2880.0,,,7.03,https://www.squareyards.com/property-rates/palanpur-surat,2026-06-25T12:57:25.140609+00:00,locality_synthetic,1500,0,0,43.2,palanpur
Surat,Gujarat,Surat,Palanpur,Warehouse,commercial,2880.0,,,7.03,https://www.squareyards.com/property-rates/palanpur-surat,2026-06-25T12:57:25.140609+00:00,locality_synthetic,3000,0,0,86.4,palanpur
Surat,Gujarat,Surat,Palanpur,Warehouse,commercial,2880.0,,,7.03,https://www.squareyards.com/property-rates/palanpur-surat,2026-06-25T12:57:25.140609+00:00,locality_synthetic,5000,0,0,144.0,palanpur
Surat,Gujarat,Surat,Palanpur,Warehouse,commercial,2880.0,,,7.03,https://www.squareyards.com/property-rates/palanpur-surat,2026-06-25T12:57:25.140609+00:00,locality_synthetic,10000,0,0,288.0,palanpur
Surat,Gujarat,Surat,Palanpur,Retail,commercial,4000.0,,,7.03,https://www.squareyards.com/property-rates/palanpur-surat,2026-06-25T12:57:25.140609+00:00,locality_synthetic,300,0,0,12.0,palanpur
Surat,Gujarat,Surat,Palanpur,Retail,commercial,4000.0,,,7.03,https://www.squareyards.com/property-rates/palanpur-surat,2026-06-25T12:57:25.140609+00:00,locality_synthetic,600,0,0,24.0,palanpur
Surat,Gujarat,Surat,Palanpur,Retail,commercial,4000.0,,,7.03,https://www.squareyards.com/property-rates/palanpur-surat,2026-06-25T12:57:25.140609+00:00,locality_synthetic,1000,0,0,40.0,palanpur
Surat,Gujarat,Surat,Palanpur,Retail,commercial,4000.0,,,7.03,https://www.squareyards.com/property-rates/palanpur-surat,2026-06-25T12:57:25.140609+00:00,locality_synthetic,1800,0,0,72.0,palanpur
Surat,Gujarat,Surat,Palanpur Gam,Apartment,residential,5400.0,,,,https://www.squareyards.com/property-rates/palanpur-gam-surat,2026-06-25T12:57:25.140609+00:00,locality_synthetic,550,1,1,29.7,palanpur gam
Surat,Gujarat,Surat,Palanpur Gam,Apartment,residential,5400.0,,,,https://www.squareyards.com/property-rates/palanpur-gam-surat,2026-06-25T12:57:25.140609+00:00,locality_synthetic,1050,2,2,56.7,palanpur gam
Surat,Gujarat,Surat,Palanpur Gam,Apartment,residential,5400.0,,,,https://www.squareyards.com/property-rates/palanpur-gam-surat,2026-06-25T12:57:25.140609+00:00,locality_synthetic,1450,3,3,78.3,palanpur gam
Surat,Gujarat,Surat,Palanpur Gam,Apartment,residential,5400.0,,,,https://www.squareyards.com/property-rates/palanpur-gam-surat,2026-06-25T12:57:25.140609+00:00,locality_synthetic,2000,4,4,108.0,palanpur gam
Surat,Gujarat,Surat,Palanpur Gam,Flat,residential,5400.0,,,,https://www.squareyards.com/property-rates/palanpur-gam-surat,2026-06-25T12:57:25.140609+00:00,locality_synthetic,550,1,1,29.7,palanpur gam
Surat,Gujarat,Surat,Palanpur Gam,Flat,residential,5400.0,,,,https://www.squareyards.com/property-rates/palanpur-gam-surat,2026-06-25T12:57:25.140609+00:00,locality_synthetic,1050,2,2,56.7,palanpur gam
Surat,Gujarat,Surat,Palanpur Gam,Flat,residential,5400.0,,,,https://www.squareyards.com/property-rates/palanpur-gam-surat,2026-06-25T12:57:25.140609+00:00,locality_synthetic,1450,3,3,78.3,palanpur gam
Surat,Gujarat,Surat,Palanpur Gam,Flat,residential,5400.0,,,,https://www.squareyards.com/property-rates/palanpur-gam-surat,2026-06-25T12:57:25.140609+00:00,locality_synthetic,2000,4,4,108.0,palanpur gam
Surat,Gujarat,Surat,Palanpur Gam,Studio,residential,4968.0,,,,https://www.squareyards.com/property-rates/palanpur-gam-surat,2026-06-25T12:57:25.140609+00:00,locality_synthetic,400,1,1,19.87,palanpur gam
Surat,Gujarat,Surat,Palanpur Gam,Studio,residential,4968.0,,,,https://www.squareyards.com/property-rates/palanpur-gam-surat,2026-06-25T12:57:25.140609+00:00,locality_synthetic,500,1,1,24.84,palanpur gam
Surat,Gujarat,Surat,Palanpur Gam,Penthouse,residential,7290.0,,,,https://www.squareyards.com/property-rates/palanpur-gam-surat,2026-06-25T12:57:25.140609+00:00,locality_synthetic,1800,3,3,131.22,palanpur gam
Surat,Gujarat,Surat,Palanpur Gam,Penthouse,residential,7290.0,,,,https://www.squareyards.com/property-rates/palanpur-gam-surat,2026-06-25T12:57:25.140609+00:00,locality_synthetic,2500,4,4,182.25,palanpur gam
Surat,Gujarat,Surat,Palanpur Gam,Penthouse,residential,7290.0,,,,https://www.squareyards.com/property-rates/palanpur-gam-surat,2026-06-25T12:57:25.140609+00:00,locality_synthetic,3200,5,5,233.28,palanpur gam
Surat,Gujarat,Surat,Palanpur Gam,Villa,residential,3400.0,,,,https://www.squareyards.com/property-rates/palanpur-gam-surat,2026-06-25T12:57:25.140609+00:00,locality_synthetic,1500,2,2,51.0,palanpur gam
Surat,Gujarat,Surat,Palanpur Gam,Villa,residential,3400.0,,,,https://www.squareyards.com/property-rates/palanpur-gam-surat,2026-06-25T12:57:25.140609+00:00,locality_synthetic,2200,3,3,74.8,palanpur gam
Surat,Gujarat,Surat,Palanpur Gam,Villa,residential,3400.0,,,,https://www.squareyards.com/property-rates/palanpur-gam-surat,2026-06-25T12:57:25.140609+00:00,locality_synthetic,3000,4,4,102.0,palanpur gam
Surat,Gujarat,Surat,Palanpur Gam,Villa,residential,3400.0,,,,https://www.squareyards.com/property-rates/palanpur-gam-surat,2026-06-25T12:57:25.140609+00:00,locality_synthetic,4500,5,5,153.0,palanpur gam
Surat,Gujarat,Surat,Palanpur Gam,Bungalow,residential,3672.0,,,,https://www.squareyards.com/property-rates/palanpur-gam-surat,2026-06-25T12:57:25.140609+00:00,locality_synthetic,2500,3,3,91.8,palanpur gam
Surat,Gujarat,Surat,Palanpur Gam,Bungalow,residential,3672.0,,,,https://www.squareyards.com/property-rates/palanpur-gam-surat,2026-06-25T12:57:25.140609+00:00,locality_synthetic,3500,4,4,128.52,palanpur gam
Surat,Gujarat,Surat,Palanpur Gam,Bungalow,residential,3672.0,,,,https://www.squareyards.com/property-rates/palanpur-gam-surat,2026-06-25T12:57:25.140609+00:00,locality_synthetic,5000,5,5,183.6,palanpur gam
Surat,Gujarat,Surat,Palanpur Gam,Bungalow,residential,3672.0,,,,https://www.squareyards.com/property-rates/palanpur-gam-surat,2026-06-25T12:57:25.140609+00:00,locality_synthetic,6500,6,6,238.68,palanpur gam
Surat,Gujarat,Surat,Palanpur Gam,House,residential,3332.0,,,,https://www.squareyards.com/property-rates/palanpur-gam-surat,2026-06-25T12:57:25.140609+00:00,locality_synthetic,1200,2,2,39.98,palanpur gam
Surat,Gujarat,Surat,Palanpur Gam,House,residential,3332.0,,,,https://www.squareyards.com/property-rates/palanpur-gam-surat,2026-06-25T12:57:25.140609+00:00,locality_synthetic,1800,3,3,59.98,palanpur gam
Surat,Gujarat,Surat,Palanpur Gam,House,residential,3332.0,,,,https://www.squareyards.com/property-rates/palanpur-gam-surat,2026-06-25T12:57:25.140609+00:00,locality_synthetic,2400,4,4,79.97,palanpur gam
Surat,Gujarat,Surat,Palanpur Gam,House,residential,3332.0,,,,https://www.squareyards.com/property-rates/palanpur-gam-surat,2026-06-25T12:57:25.140609+00:00,locality_synthetic,3200,5,5,106.62,palanpur gam
Surat,Gujarat,Surat,Palanpur Gam,Plot,residential,2970.0,,,,https://www.squareyards.com/property-rates/palanpur-gam-surat,2026-06-25T12:57:25.140609+00:00,locality_synthetic,1000,0,0,29.7,palanpur gam
Surat,Gujarat,Surat,Palanpur Gam,Plot,residential,2970.0,,,,https://www.squareyards.com/property-rates/palanpur-gam-surat,2026-06-25T12:57:25.140609+00:00,locality_synthetic,1500,0,0,44.55,palanpur gam
Surat,Gujarat,Surat,Palanpur Gam,Plot,residential,2970.0,,,,https://www.squareyards.com/property-rates/palanpur-gam-surat,2026-06-25T12:57:25.140609+00:00,locality_synthetic,2400,0,0,71.28,palanpur gam
Surat,Gujarat,Surat,Palanpur Gam,Plot,residential,2970.0,,,,https://www.squareyards.com/property-rates/palanpur-gam-surat,2026-06-25T12:57:25.140609+00:00,locality_synthetic,4000,0,0,118.8,palanpur gam
Surat,Gujarat,Surat,Palanpur Gam,Shop,commercial,3400.0,,,,https://www.squareyards.com/property-rates/palanpur-gam-surat,2026-06-25T12:57:25.140609+00:00,locality_synthetic,200,0,0,6.8,palanpur gam
Surat,Gujarat,Surat,Palanpur Gam,Shop,commercial,3400.0,,,,https://www.squareyards.com/property-rates/palanpur-gam-surat,2026-06-25T12:57:25.140609+00:00,locality_synthetic,400,0,0,13.6,palanpur gam
Surat,Gujarat,Surat,Palanpur Gam,Shop,commercial,3400.0,,,,https://www.squareyards.com/property-rates/palanpur-gam-surat,2026-06-25T12:57:25.140609+00:00,locality_synthetic,800,0,0,27.2,palanpur gam
Surat,Gujarat,Surat,Palanpur Gam,Shop,commercial,3400.0,,,,https://www.squareyards.com/property-rates/palanpur-gam-surat,2026-06-25T12:57:25.140609+00:00,locality_synthetic,1200,0,0,40.8,palanpur gam
Surat,Gujarat,Surat,Palanpur Gam,Showroom,commercial,3808.0,,,,https://www.squareyards.com/property-rates/palanpur-gam-surat,2026-06-25T12:57:25.140609+00:00,locality_synthetic,600,0,0,22.85,palanpur gam
Surat,Gujarat,Surat,Palanpur Gam,Showroom,commercial,3808.0,,,,https://www.squareyards.com/property-rates/palanpur-gam-surat,2026-06-25T12:57:25.140609+00:00,locality_synthetic,1200,0,0,45.7,palanpur gam
Surat,Gujarat,Surat,Palanpur Gam,Showroom,commercial,3808.0,,,,https://www.squareyards.com/property-rates/palanpur-gam-surat,2026-06-25T12:57:25.140609+00:00,locality_synthetic,2500,0,0,95.2,palanpur gam
Surat,Gujarat,Surat,Palanpur Gam,Showroom,commercial,3808.0,,,,https://www.squareyards.com/property-rates/palanpur-gam-surat,2026-06-25T12:57:25.140609+00:00,locality_synthetic,4000,0,0,152.32,palanpur gam
Surat,Gujarat,Surat,Palanpur Gam,Office,commercial,3400.0,,,,https://www.squareyards.com/property-rates/palanpur-gam-surat,2026-06-25T12:57:25.140609+00:00,locality_synthetic,500,0,0,17.0,palanpur gam
Surat,Gujarat,Surat,Palanpur Gam,Office,commercial,3400.0,,,,https://www.squareyards.com/property-rates/palanpur-gam-surat,2026-06-25T12:57:25.140609+00:00,locality_synthetic,1000,0,0,34.0,palanpur gam
Surat,Gujarat,Surat,Palanpur Gam,Office,commercial,3400.0,,,,https://www.squareyards.com/property-rates/palanpur-gam-surat,2026-06-25T12:57:25.140609+00:00,locality_synthetic,2000,0,0,68.0,palanpur gam
Surat,Gujarat,Surat,Palanpur Gam,Office,commercial,3400.0,,,,https://www.squareyards.com/property-rates/palanpur-gam-surat,2026-06-25T12:57:25.140609+00:00,locality_synthetic,5000,0,0,170.0,palanpur gam
Surat,Gujarat,Surat,Palanpur Gam,Commercial,commercial,3570.0,,,,https://www.squareyards.com/property-rates/palanpur-gam-surat,2026-06-25T12:57:25.140609+00:00,locality_synthetic,500,0,0,17.85,palanpur gam
Surat,Gujarat,Surat,Palanpur Gam,Commercial,commercial,3570.0,,,,https://www.squareyards.com/property-rates/palanpur-gam-surat,2026-06-25T12:57:25.140609+00:00,locality_synthetic,1000,0,0,35.7,palanpur gam
Surat,Gujarat,Surat,Palanpur Gam,Commercial,commercial,3570.0,,,,https://www.squareyards.com/property-rates/palanpur-gam-surat,2026-06-25T12:57:25.140609+00:00,locality_synthetic,2000,0,0,71.4,palanpur gam
Surat,Gujarat,Surat,Palanpur Gam,Commercial,commercial,3570.0,,,,https://www.squareyards.com/property-rates/palanpur-gam-surat,2026-06-25T12:57:25.140609+00:00,locality_synthetic,3500,0,0,124.95,palanpur gam
Surat,Gujarat,Surat,Palanpur Gam,Warehouse,commercial,2448.0,,,,https://www.squareyards.com/property-rates/palanpur-gam-surat,2026-06-25T12:57:25.140609+00:00,locality_synthetic,1500,0,0,36.72,palanpur gam
Surat,Gujarat,Surat,Palanpur Gam,Warehouse,commercial,2448.0,,,,https://www.squareyards.com/property-rates/palanpur-gam-surat,2026-06-25T12:57:25.140609+00:00,locality_synthetic,3000,0,0,73.44,palanpur gam
Surat,Gujarat,Surat,Palanpur Gam,Warehouse,commercial,2448.0,,,,https://www.squareyards.com/property-rates/palanpur-gam-surat,2026-06-25T12:57:25.140609+00:00,locality_synthetic,5000,0,0,122.4,palanpur gam
Surat,Gujarat,Surat,Palanpur Gam,Warehouse,commercial,2448.0,,,,https://www.squareyards.com/property-rates/palanpur-gam-surat,2026-06-25T12:57:25.140609+00:00,locality_synthetic,10000,0,0,244.8,palanpur gam
Surat,Gujarat,Surat,Palanpur Gam,Retail,commercial,3400.0,,,,https://www.squareyards.com/property-rates/palanpur-gam-surat,2026-06-25T12:57:25.140609+00:00,locality_synthetic,300,0,0,10.2,palanpur gam
Surat,Gujarat,Surat,Palanpur Gam,Retail,commercial,3400.0,,,,https://www.squareyards.com/property-rates/palanpur-gam-surat,2026-06-25T12:57:25.140609+00:00,locality_synthetic,600,0,0,20.4,palanpur gam
Surat,Gujarat,Surat,Palanpur Gam,Retail,commercial,3400.0,,,,https://www.squareyards.com/property-rates/palanpur-gam-surat,2026-06-25T12:57:25.140609+00:00,locality_synthetic,1000,0,0,34.0,palanpur gam
Surat,Gujarat,Surat,Palanpur Gam,Retail,commercial,3400.0,,,,https://www.squareyards.com/property-rates/palanpur-gam-surat,2026-06-25T12:57:25.140609+00:00,locality_synthetic,1800,0,0,61.2,palanpur gam
Surat,Gujarat,Surat,Parvat Patiya,Apartment,residential,6600.0,,,,https://www.squareyards.com/property-rates/parvat-patiya-surat,2026-06-25T12:57:25.140609+00:00,locality_synthetic,550,1,1,36.3,parvat patiya
Surat,Gujarat,Surat,Parvat Patiya,Apartment,residential,6600.0,,,,https://www.squareyards.com/property-rates/parvat-patiya-surat,2026-06-25T12:57:25.140609+00:00,locality_synthetic,1050,2,2,69.3,parvat patiya
Surat,Gujarat,Surat,Parvat Patiya,Apartment,residential,6600.0,,,,https://www.squareyards.com/property-rates/parvat-patiya-surat,2026-06-25T12:57:25.140609+00:00,locality_synthetic,1450,3,3,95.7,parvat patiya
Surat,Gujarat,Surat,Parvat Patiya,Apartment,residential,6600.0,,,,https://www.squareyards.com/property-rates/parvat-patiya-surat,2026-06-25T12:57:25.140609+00:00,locality_synthetic,2000,4,4,132.0,parvat patiya
Surat,Gujarat,Surat,Parvat Patiya,Flat,residential,6600.0,,,,https://www.squareyards.com/property-rates/parvat-patiya-surat,2026-06-25T12:57:25.140609+00:00,locality_synthetic,550,1,1,36.3,parvat patiya
Surat,Gujarat,Surat,Parvat Patiya,Flat,residential,6600.0,,,,https://www.squareyards.com/property-rates/parvat-patiya-surat,2026-06-25T12:57:25.140609+00:00,locality_synthetic,1050,2,2,69.3,parvat patiya
Surat,Gujarat,Surat,Parvat Patiya,Flat,residential,6600.0,,,,https://www.squareyards.com/property-rates/parvat-patiya-surat,2026-06-25T12:57:25.140609+00:00,locality_synthetic,1450,3,3,95.7,parvat patiya
Surat,Gujarat,Surat,Parvat Patiya,Flat,residential,6600.0,,,,https://www.squareyards.com/property-rates/parvat-patiya-surat,2026-06-25T12:57:25.140609+00:00,locality_synthetic,2000,4,4,132.0,parvat patiya
Surat,Gujarat,Surat,Parvat Patiya,Studio,residential,6072.0,,,,https://www.squareyards.com/property-rates/parvat-patiya-surat,2026-06-25T12:57:25.140609+00:00,locality_synthetic,400,1,1,24.29,parvat patiya
Surat,Gujarat,Surat,Parvat Patiya,Studio,residential,6072.0,,,,https://www.squareyards.com/property-rates/parvat-patiya-surat,2026-06-25T12:57:25.140609+00:00,locality_synthetic,500,1,1,30.36,parvat patiya
Surat,Gujarat,Surat,Parvat Patiya,Penthouse,residential,8910.0,,,,https://www.squareyards.com/property-rates/parvat-patiya-surat,2026-06-25T12:57:25.140609+00:00,locality_synthetic,1800,3,3,160.38,parvat patiya
Surat,Gujarat,Surat,Parvat Patiya,Penthouse,residential,8910.0,,,,https://www.squareyards.com/property-rates/parvat-patiya-surat,2026-06-25T12:57:25.140609+00:00,locality_synthetic,2500,4,4,222.75,parvat patiya
Surat,Gujarat,Surat,Parvat Patiya,Penthouse,residential,8910.0,,,,https://www.squareyards.com/property-rates/parvat-patiya-surat,2026-06-25T12:57:25.140609+00:00,locality_synthetic,3200,5,5,285.12,parvat patiya
Surat,Gujarat,Surat,Parvat Patiya,Villa,residential,11100.0,,,,https://www.squareyards.com/property-rates/parvat-patiya-surat,2026-06-25T12:57:25.140609+00:00,locality_synthetic,1500,2,2,166.5,parvat patiya
Surat,Gujarat,Surat,Parvat Patiya,Villa,residential,11100.0,,,,https://www.squareyards.com/property-rates/parvat-patiya-surat,2026-06-25T12:57:25.140609+00:00,locality_synthetic,2200,3,3,244.2,parvat patiya
Surat,Gujarat,Surat,Parvat Patiya,Villa,residential,11100.0,,,,https://www.squareyards.com/property-rates/parvat-patiya-surat,2026-06-25T12:57:25.140609+00:00,locality_synthetic,3000,4,4,333.0,parvat patiya
Surat,Gujarat,Surat,Parvat Patiya,Villa,residential,11100.0,,,,https://www.squareyards.com/property-rates/parvat-patiya-surat,2026-06-25T12:57:25.140609+00:00,locality_synthetic,4500,5,5,499.5,parvat patiya
Surat,Gujarat,Surat,Parvat Patiya,Bungalow,residential,11988.0,,,,https://www.squareyards.com/property-rates/parvat-patiya-surat,2026-06-25T12:57:25.140609+00:00,locality_synthetic,2500,3,3,299.7,parvat patiya
Surat,Gujarat,Surat,Parvat Patiya,Bungalow,residential,11988.0,,,,https://www.squareyards.com/property-rates/parvat-patiya-surat,2026-06-25T12:57:25.140609+00:00,locality_synthetic,3500,4,4,419.58,parvat patiya
Surat,Gujarat,Surat,Parvat Patiya,Bungalow,residential,11988.0,,,,https://www.squareyards.com/property-rates/parvat-patiya-surat,2026-06-25T12:57:25.140609+00:00,locality_synthetic,5000,5,5,599.4,parvat patiya
Surat,Gujarat,Surat,Parvat Patiya,Bungalow,residential,11988.0,,,,https://www.squareyards.com/property-rates/parvat-patiya-surat,2026-06-25T12:57:25.140609+00:00,locality_synthetic,6500,6,6,779.22,parvat patiya
Surat,Gujarat,Surat,Parvat Patiya,House,residential,10878.0,,,,https://www.squareyards.com/property-rates/parvat-patiya-surat,2026-06-25T12:57:25.140609+00:00,locality_synthetic,1200,2,2,130.54,parvat patiya
Surat,Gujarat,Surat,Parvat Patiya,House,residential,10878.0,,,,https://www.squareyards.com/property-rates/parvat-patiya-surat,2026-06-25T12:57:25.140609+00:00,locality_synthetic,1800,3,3,195.8,parvat patiya
Surat,Gujarat,Surat,Parvat Patiya,House,residential,10878.0,,,,https://www.squareyards.com/property-rates/parvat-patiya-surat,2026-06-25T12:57:25.140609+00:00,locality_synthetic,2400,4,4,261.07,parvat patiya
Surat,Gujarat,Surat,Parvat Patiya,House,residential,10878.0,,,,https://www.squareyards.com/property-rates/parvat-patiya-surat,2026-06-25T12:57:25.140609+00:00,locality_synthetic,3200,5,5,348.1,parvat patiya
Surat,Gujarat,Surat,Parvat Patiya,Plot,residential,3630.0,,,,https://www.squareyards.com/property-rates/parvat-patiya-surat,2026-06-25T12:57:25.140609+00:00,locality_synthetic,1000,0,0,36.3,parvat patiya
Surat,Gujarat,Surat,Parvat Patiya,Plot,residential,3630.0,,,,https://www.squareyards.com/property-rates/parvat-patiya-surat,2026-06-25T12:57:25.140609+00:00,locality_synthetic,1500,0,0,54.45,parvat patiya
Surat,Gujarat,Surat,Parvat Patiya,Plot,residential,3630.0,,,,https://www.squareyards.com/property-rates/parvat-patiya-surat,2026-06-25T12:57:25.140609+00:00,locality_synthetic,2400,0,0,87.12,parvat patiya
Surat,Gujarat,Surat,Parvat Patiya,Plot,residential,3630.0,,,,https://www.squareyards.com/property-rates/parvat-patiya-surat,2026-06-25T12:57:25.140609+00:00,locality_synthetic,4000,0,0,145.2,parvat patiya
Surat,Gujarat,Surat,Parvat Patiya,Shop,commercial,6600.0,,,,https://www.squareyards.com/property-rates/parvat-patiya-surat,2026-06-25T12:57:25.140609+00:00,locality_synthetic,200,0,0,13.2,parvat patiya
Surat,Gujarat,Surat,Parvat Patiya,Shop,commercial,6600.0,,,,https://www.squareyards.com/property-rates/parvat-patiya-surat,2026-06-25T12:57:25.140609+00:00,locality_synthetic,400,0,0,26.4,parvat patiya
Surat,Gujarat,Surat,Parvat Patiya,Shop,commercial,6600.0,,,,https://www.squareyards.com/property-rates/parvat-patiya-surat,2026-06-25T12:57:25.140609+00:00,locality_synthetic,800,0,0,52.8,parvat patiya
Surat,Gujarat,Surat,Parvat Patiya,Shop,commercial,6600.0,,,,https://www.squareyards.com/property-rates/parvat-patiya-surat,2026-06-25T12:57:25.140609+00:00,locality_synthetic,1200,0,0,79.2,parvat patiya
Surat,Gujarat,Surat,Parvat Patiya,Showroom,commercial,7392.0,,,,https://www.squareyards.com/property-rates/parvat-patiya-surat,2026-06-25T12:57:25.140609+00:00,locality_synthetic,600,0,0,44.35,parvat patiya
Surat,Gujarat,Surat,Parvat Patiya,Showroom,commercial,7392.0,,,,https://www.squareyards.com/property-rates/parvat-patiya-surat,2026-06-25T12:57:25.140609+00:00,locality_synthetic,1200,0,0,88.7,parvat patiya
Surat,Gujarat,Surat,Parvat Patiya,Showroom,commercial,7392.0,,,,https://www.squareyards.com/property-rates/parvat-patiya-surat,2026-06-25T12:57:25.140609+00:00,locality_synthetic,2500,0,0,184.8,parvat patiya
Surat,Gujarat,Surat,Parvat Patiya,Showroom,commercial,7392.0,,,,https://www.squareyards.com/property-rates/parvat-patiya-surat,2026-06-25T12:57:25.140609+00:00,locality_synthetic,4000,0,0,295.68,parvat patiya
Surat,Gujarat,Surat,Parvat Patiya,Office,commercial,6600.0,,,,https://www.squareyards.com/property-rates/parvat-patiya-surat,2026-06-25T12:57:25.140609+00:00,locality_synthetic,500,0,0,33.0,parvat patiya
Surat,Gujarat,Surat,Parvat Patiya,Office,commercial,6600.0,,,,https://www.squareyards.com/property-rates/parvat-patiya-surat,2026-06-25T12:57:25.140609+00:00,locality_synthetic,1000,0,0,66.0,parvat patiya
Surat,Gujarat,Surat,Parvat Patiya,Office,commercial,6600.0,,,,https://www.squareyards.com/property-rates/parvat-patiya-surat,2026-06-25T12:57:25.140609+00:00,locality_synthetic,2000,0,0,132.0,parvat patiya
Surat,Gujarat,Surat,Parvat Patiya,Office,commercial,6600.0,,,,https://www.squareyards.com/property-rates/parvat-patiya-surat,2026-06-25T12:57:25.140609+00:00,locality_synthetic,5000,0,0,330.0,parvat patiya
Surat,Gujarat,Surat,Parvat Patiya,Commercial,commercial,6930.0,,,,https://www.squareyards.com/property-rates/parvat-patiya-surat,2026-06-25T12:57:25.140609+00:00,locality_synthetic,500,0,0,34.65,parvat patiya
Surat,Gujarat,Surat,Parvat Patiya,Commercial,commercial,6930.0,,,,https://www.squareyards.com/property-rates/parvat-patiya-surat,2026-06-25T12:57:25.140609+00:00,locality_synthetic,1000,0,0,69.3,parvat patiya
Surat,Gujarat,Surat,Parvat Patiya,Commercial,commercial,6930.0,,,,https://www.squareyards.com/property-rates/parvat-patiya-surat,2026-06-25T12:57:25.140609+00:00,locality_synthetic,2000,0,0,138.6,parvat patiya
Surat,Gujarat,Surat,Parvat Patiya,Commercial,commercial,6930.0,,,,https://www.squareyards.com/property-rates/parvat-patiya-surat,2026-06-25T12:57:25.140609+00:00,locality_synthetic,3500,0,0,242.55,parvat patiya
Surat,Gujarat,Surat,Parvat Patiya,Warehouse,commercial,4752.0,,,,https://www.squareyards.com/property-rates/parvat-patiya-surat,2026-06-25T12:57:25.140609+00:00,locality_synthetic,1500,0,0,71.28,parvat patiya
Surat,Gujarat,Surat,Parvat Patiya,Warehouse,commercial,4752.0,,,,https://www.squareyards.com/property-rates/parvat-patiya-surat,2026-06-25T12:57:25.140609+00:00,locality_synthetic,3000,0,0,142.56,parvat patiya
Surat,Gujarat,Surat,Parvat Patiya,Warehouse,commercial,4752.0,,,,https://www.squareyards.com/property-rates/parvat-patiya-surat,2026-06-25T12:57:25.140609+00:00,locality_synthetic,5000,0,0,237.6,parvat patiya
Surat,Gujarat,Surat,Parvat Patiya,Warehouse,commercial,4752.0,,,,https://www.squareyards.com/property-rates/parvat-patiya-surat,2026-06-25T12:57:25.140609+00:00,locality_synthetic,10000,0,0,475.2,parvat patiya
Surat,Gujarat,Surat,Parvat Patiya,Retail,commercial,6600.0,,,,https://www.squareyards.com/property-rates/parvat-patiya-surat,2026-06-25T12:57:25.140609+00:00,locality_synthetic,300,0,0,19.8,parvat patiya
Surat,Gujarat,Surat,Parvat Patiya,Retail,commercial,6600.0,,,,https://www.squareyards.com/property-rates/parvat-patiya-surat,2026-06-25T12:57:25.140609+00:00,locality_synthetic,600,0,0,39.6,parvat patiya
Surat,Gujarat,Surat,Parvat Patiya,Retail,commercial,6600.0,,,,https://www.squareyards.com/property-rates/parvat-patiya-surat,2026-06-25T12:57:25.140609+00:00,locality_synthetic,1000,0,0,66.0,parvat patiya
Surat,Gujarat,Surat,Parvat Patiya,Retail,commercial,6600.0,,,,https://www.squareyards.com/property-rates/parvat-patiya-surat,2026-06-25T12:57:25.140609+00:00,locality_synthetic,1800,0,0,118.8,parvat patiya
Surat,Gujarat,Surat,Piplod,Apartment,residential,19200.0,,12.0,,https://www.squareyards.com/property-rates/piplod-surat,2026-06-25T12:57:25.140609+00:00,locality_synthetic,550,1,1,105.6,piplod
Surat,Gujarat,Surat,Piplod,Apartment,residential,19200.0,,12.0,,https://www.squareyards.com/property-rates/piplod-surat,2026-06-25T12:57:25.140609+00:00,locality_synthetic,1050,2,2,201.6,piplod
Surat,Gujarat,Surat,Piplod,Apartment,residential,19200.0,,12.0,,https://www.squareyards.com/property-rates/piplod-surat,2026-06-25T12:57:25.140609+00:00,locality_synthetic,1450,3,3,278.4,piplod
Surat,Gujarat,Surat,Piplod,Apartment,residential,19200.0,,12.0,,https://www.squareyards.com/property-rates/piplod-surat,2026-06-25T12:57:25.140609+00:00,locality_synthetic,2000,4,4,384.0,piplod
Surat,Gujarat,Surat,Piplod,Flat,residential,19200.0,,12.0,,https://www.squareyards.com/property-rates/piplod-surat,2026-06-25T12:57:25.140609+00:00,locality_synthetic,550,1,1,105.6,piplod
Surat,Gujarat,Surat,Piplod,Flat,residential,19200.0,,12.0,,https://www.squareyards.com/property-rates/piplod-surat,2026-06-25T12:57:25.140609+00:00,locality_synthetic,1050,2,2,201.6,piplod
Surat,Gujarat,Surat,Piplod,Flat,residential,19200.0,,12.0,,https://www.squareyards.com/property-rates/piplod-surat,2026-06-25T12:57:25.140609+00:00,locality_synthetic,1450,3,3,278.4,piplod
Surat,Gujarat,Surat,Piplod,Flat,residential,19200.0,,12.0,,https://www.squareyards.com/property-rates/piplod-surat,2026-06-25T12:57:25.140609+00:00,locality_synthetic,2000,4,4,384.0,piplod
Surat,Gujarat,Surat,Piplod,Studio,residential,17664.0,,12.0,,https://www.squareyards.com/property-rates/piplod-surat,2026-06-25T12:57:25.140609+00:00,locality_synthetic,400,1,1,70.66,piplod
Surat,Gujarat,Surat,Piplod,Studio,residential,17664.0,,12.0,,https://www.squareyards.com/property-rates/piplod-surat,2026-06-25T12:57:25.140609+00:00,locality_synthetic,500,1,1,88.32,piplod
Surat,Gujarat,Surat,Piplod,Penthouse,residential,25920.0,,12.0,,https://www.squareyards.com/property-rates/piplod-surat,2026-06-25T12:57:25.140609+00:00,locality_synthetic,1800,3,3,466.56,piplod
Surat,Gujarat,Surat,Piplod,Penthouse,residential,25920.0,,12.0,,https://www.squareyards.com/property-rates/piplod-surat,2026-06-25T12:57:25.140609+00:00,locality_synthetic,2500,4,4,648.0,piplod
Surat,Gujarat,Surat,Piplod,Penthouse,residential,25920.0,,12.0,,https://www.squareyards.com/property-rates/piplod-surat,2026-06-25T12:57:25.140609+00:00,locality_synthetic,3200,5,5,829.44,piplod
Surat,Gujarat,Surat,Piplod,Villa,residential,6000.0,,12.0,,https://www.squareyards.com/property-rates/piplod-surat,2026-06-25T12:57:25.140609+00:00,locality_synthetic,1500,2,2,90.0,piplod
Surat,Gujarat,Surat,Piplod,Villa,residential,6000.0,,12.0,,https://www.squareyards.com/property-rates/piplod-surat,2026-06-25T12:57:25.140609+00:00,locality_synthetic,2200,3,3,132.0,piplod
Surat,Gujarat,Surat,Piplod,Villa,residential,6000.0,,12.0,,https://www.squareyards.com/property-rates/piplod-surat,2026-06-25T12:57:25.140609+00:00,locality_synthetic,3000,4,4,180.0,piplod
Surat,Gujarat,Surat,Piplod,Villa,residential,6000.0,,12.0,,https://www.squareyards.com/property-rates/piplod-surat,2026-06-25T12:57:25.140609+00:00,locality_synthetic,4500,5,5,270.0,piplod
Surat,Gujarat,Surat,Piplod,Bungalow,residential,6480.0,,12.0,,https://www.squareyards.com/property-rates/piplod-surat,2026-06-25T12:57:25.140609+00:00,locality_synthetic,2500,3,3,162.0,piplod
Surat,Gujarat,Surat,Piplod,Bungalow,residential,6480.0,,12.0,,https://www.squareyards.com/property-rates/piplod-surat,2026-06-25T12:57:25.140609+00:00,locality_synthetic,3500,4,4,226.8,piplod
Surat,Gujarat,Surat,Piplod,Bungalow,residential,6480.0,,12.0,,https://www.squareyards.com/property-rates/piplod-surat,2026-06-25T12:57:25.140609+00:00,locality_synthetic,5000,5,5,324.0,piplod
Surat,Gujarat,Surat,Piplod,Bungalow,residential,6480.0,,12.0,,https://www.squareyards.com/property-rates/piplod-surat,2026-06-25T12:57:25.140609+00:00,locality_synthetic,6500,6,6,421.2,piplod
Surat,Gujarat,Surat,Piplod,House,residential,5880.0,,12.0,,https://www.squareyards.com/property-rates/piplod-surat,2026-06-25T12:57:25.140609+00:00,locality_synthetic,1200,2,2,70.56,piplod
Surat,Gujarat,Surat,Piplod,House,residential,5880.0,,12.0,,https://www.squareyards.com/property-rates/piplod-surat,2026-06-25T12:57:25.140609+00:00,locality_synthetic,1800,3,3,105.84,piplod
Surat,Gujarat,Surat,Piplod,House,residential,5880.0,,12.0,,https://www.squareyards.com/property-rates/piplod-surat,2026-06-25T12:57:25.140609+00:00,locality_synthetic,2400,4,4,141.12,piplod
Surat,Gujarat,Surat,Piplod,House,residential,5880.0,,12.0,,https://www.squareyards.com/property-rates/piplod-surat,2026-06-25T12:57:25.140609+00:00,locality_synthetic,3200,5,5,188.16,piplod
Surat,Gujarat,Surat,Piplod,Plot,residential,10560.0,,12.0,,https://www.squareyards.com/property-rates/piplod-surat,2026-06-25T12:57:25.140609+00:00,locality_synthetic,1000,0,0,105.6,piplod
Surat,Gujarat,Surat,Piplod,Plot,residential,10560.0,,12.0,,https://www.squareyards.com/property-rates/piplod-surat,2026-06-25T12:57:25.140609+00:00,locality_synthetic,1500,0,0,158.4,piplod
Surat,Gujarat,Surat,Piplod,Plot,residential,10560.0,,12.0,,https://www.squareyards.com/property-rates/piplod-surat,2026-06-25T12:57:25.140609+00:00,locality_synthetic,2400,0,0,253.44,piplod
Surat,Gujarat,Surat,Piplod,Plot,residential,10560.0,,12.0,,https://www.squareyards.com/property-rates/piplod-surat,2026-06-25T12:57:25.140609+00:00,locality_synthetic,4000,0,0,422.4,piplod
Surat,Gujarat,Surat,Piplod,Shop,commercial,19200.0,,12.0,,https://www.squareyards.com/property-rates/piplod-surat,2026-06-25T12:57:25.140609+00:00,locality_synthetic,200,0,0,38.4,piplod
Surat,Gujarat,Surat,Piplod,Shop,commercial,19200.0,,12.0,,https://www.squareyards.com/property-rates/piplod-surat,2026-06-25T12:57:25.140609+00:00,locality_synthetic,400,0,0,76.8,piplod
Surat,Gujarat,Surat,Piplod,Shop,commercial,19200.0,,12.0,,https://www.squareyards.com/property-rates/piplod-surat,2026-06-25T12:57:25.140609+00:00,locality_synthetic,800,0,0,153.6,piplod
Surat,Gujarat,Surat,Piplod,Shop,commercial,19200.0,,12.0,,https://www.squareyards.com/property-rates/piplod-surat,2026-06-25T12:57:25.140609+00:00,locality_synthetic,1200,0,0,230.4,piplod
Surat,Gujarat,Surat,Piplod,Showroom,commercial,21504.0,,12.0,,https://www.squareyards.com/property-rates/piplod-surat,2026-06-25T12:57:25.140609+00:00,locality_synthetic,600,0,0,129.02,piplod
Surat,Gujarat,Surat,Piplod,Showroom,commercial,21504.0,,12.0,,https://www.squareyards.com/property-rates/piplod-surat,2026-06-25T12:57:25.140609+00:00,locality_synthetic,1200,0,0,258.05,piplod
Surat,Gujarat,Surat,Piplod,Showroom,commercial,21504.0,,12.0,,https://www.squareyards.com/property-rates/piplod-surat,2026-06-25T12:57:25.140609+00:00,locality_synthetic,2500,0,0,537.6,piplod
Surat,Gujarat,Surat,Piplod,Showroom,commercial,21504.0,,12.0,,https://www.squareyards.com/property-rates/piplod-surat,2026-06-25T12:57:25.140609+00:00,locality_synthetic,4000,0,0,860.16,piplod
Surat,Gujarat,Surat,Piplod,Commercial,commercial,20160.0,,12.0,,https://www.squareyards.com/property-rates/piplod-surat,2026-06-25T12:57:25.140609+00:00,locality_synthetic,500,0,0,100.8,piplod
Surat,Gujarat,Surat,Piplod,Commercial,commercial,20160.0,,12.0,,https://www.squareyards.com/property-rates/piplod-surat,2026-06-25T12:57:25.140609+00:00,locality_synthetic,1000,0,0,201.6,piplod
Surat,Gujarat,Surat,Piplod,Commercial,commercial,20160.0,,12.0,,https://www.squareyards.com/property-rates/piplod-surat,2026-06-25T12:57:25.140609+00:00,locality_synthetic,2000,0,0,403.2,piplod
Surat,Gujarat,Surat,Piplod,Commercial,commercial,20160.0,,12.0,,https://www.squareyards.com/property-rates/piplod-surat,2026-06-25T12:57:25.140609+00:00,locality_synthetic,3500,0,0,705.6,piplod
Surat,Gujarat,Surat,Piplod,Warehouse,commercial,13824.0,,12.0,,https://www.squareyards.com/property-rates/piplod-surat,2026-06-25T12:57:25.140609+00:00,locality_synthetic,1500,0,0,207.36,piplod
Surat,Gujarat,Surat,Piplod,Warehouse,commercial,13824.0,,12.0,,https://www.squareyards.com/property-rates/piplod-surat,2026-06-25T12:57:25.140609+00:00,locality_synthetic,3000,0,0,414.72,piplod
Surat,Gujarat,Surat,Piplod,Warehouse,commercial,13824.0,,12.0,,https://www.squareyards.com/property-rates/piplod-surat,2026-06-25T12:57:25.140609+00:00,locality_synthetic,5000,0,0,691.2,piplod
Surat,Gujarat,Surat,Piplod,Warehouse,commercial,13824.0,,12.0,,https://www.squareyards.com/property-rates/piplod-surat,2026-06-25T12:57:25.140609+00:00,locality_synthetic,10000,0,0,1382.4,piplod
Surat,Gujarat,Surat,Piplod,Retail,commercial,19200.0,,12.0,,https://www.squareyards.com/property-rates/piplod-surat,2026-06-25T12:57:25.140609+00:00,locality_synthetic,300,0,0,57.6,piplod
Surat,Gujarat,Surat,Piplod,Retail,commercial,19200.0,,12.0,,https://www.squareyards.com/property-rates/piplod-surat,2026-06-25T12:57:25.140609+00:00,locality_synthetic,600,0,0,115.2,piplod
Surat,Gujarat,Surat,Piplod,Retail,commercial,19200.0,,12.0,,https://www.squareyards.com/property-rates/piplod-surat,2026-06-25T12:57:25.140609+00:00,locality_synthetic,1000,0,0,192.0,piplod
Surat,Gujarat,Surat,Piplod,Retail,commercial,19200.0,,12.0,,https://www.squareyards.com/property-rates/piplod-surat,2026-06-25T12:57:25.140609+00:00,locality_synthetic,1800,0,0,345.6,piplod
Surat,Gujarat,Surat,Rander,Apartment,residential,3300.0,,,,https://www.squareyards.com/property-rates/rander-surat,2026-06-25T12:57:25.140609+00:00,locality_synthetic,550,1,1,18.15,rander
Surat,Gujarat,Surat,Rander,Apartment,residential,3300.0,,,,https://www.squareyards.com/property-rates/rander-surat,2026-06-25T12:57:25.140609+00:00,locality_synthetic,1050,2,2,34.65,rander
Surat,Gujarat,Surat,Rander,Apartment,residential,3300.0,,,,https://www.squareyards.com/property-rates/rander-surat,2026-06-25T12:57:25.140609+00:00,locality_synthetic,1450,3,3,47.85,rander
Surat,Gujarat,Surat,Rander,Apartment,residential,3300.0,,,,https://www.squareyards.com/property-rates/rander-surat,2026-06-25T12:57:25.140609+00:00,locality_synthetic,2000,4,4,66.0,rander
Surat,Gujarat,Surat,Rander,Flat,residential,3300.0,,,,https://www.squareyards.com/property-rates/rander-surat,2026-06-25T12:57:25.140609+00:00,locality_synthetic,550,1,1,18.15,rander
Surat,Gujarat,Surat,Rander,Flat,residential,3300.0,,,,https://www.squareyards.com/property-rates/rander-surat,2026-06-25T12:57:25.140609+00:00,locality_synthetic,1050,2,2,34.65,rander
Surat,Gujarat,Surat,Rander,Flat,residential,3300.0,,,,https://www.squareyards.com/property-rates/rander-surat,2026-06-25T12:57:25.140609+00:00,locality_synthetic,1450,3,3,47.85,rander
Surat,Gujarat,Surat,Rander,Flat,residential,3300.0,,,,https://www.squareyards.com/property-rates/rander-surat,2026-06-25T12:57:25.140609+00:00,locality_synthetic,2000,4,4,66.0,rander
Surat,Gujarat,Surat,Rander,Studio,residential,3036.0,,,,https://www.squareyards.com/property-rates/rander-surat,2026-06-25T12:57:25.140609+00:00,locality_synthetic,400,1,1,12.14,rander
Surat,Gujarat,Surat,Rander,Studio,residential,3036.0,,,,https://www.squareyards.com/property-rates/rander-surat,2026-06-25T12:57:25.140609+00:00,locality_synthetic,500,1,1,15.18,rander
Surat,Gujarat,Surat,Rander,Penthouse,residential,4455.0,,,,https://www.squareyards.com/property-rates/rander-surat,2026-06-25T12:57:25.140609+00:00,locality_synthetic,1800,3,3,80.19,rander
Surat,Gujarat,Surat,Rander,Penthouse,residential,4455.0,,,,https://www.squareyards.com/property-rates/rander-surat,2026-06-25T12:57:25.140609+00:00,locality_synthetic,2500,4,4,111.38,rander
Surat,Gujarat,Surat,Rander,Penthouse,residential,4455.0,,,,https://www.squareyards.com/property-rates/rander-surat,2026-06-25T12:57:25.140609+00:00,locality_synthetic,3200,5,5,142.56,rander
Surat,Gujarat,Surat,Rander,Villa,residential,3950.0,,,,https://www.squareyards.com/property-rates/rander-surat,2026-06-25T12:57:25.140609+00:00,locality_synthetic,1500,2,2,59.25,rander
Surat,Gujarat,Surat,Rander,Villa,residential,3950.0,,,,https://www.squareyards.com/property-rates/rander-surat,2026-06-25T12:57:25.140609+00:00,locality_synthetic,2200,3,3,86.9,rander
Surat,Gujarat,Surat,Rander,Villa,residential,3950.0,,,,https://www.squareyards.com/property-rates/rander-surat,2026-06-25T12:57:25.140609+00:00,locality_synthetic,3000,4,4,118.5,rander
Surat,Gujarat,Surat,Rander,Villa,residential,3950.0,,,,https://www.squareyards.com/property-rates/rander-surat,2026-06-25T12:57:25.140609+00:00,locality_synthetic,4500,5,5,177.75,rander
Surat,Gujarat,Surat,Rander,Bungalow,residential,4266.0,,,,https://www.squareyards.com/property-rates/rander-surat,2026-06-25T12:57:25.140609+00:00,locality_synthetic,2500,3,3,106.65,rander
Surat,Gujarat,Surat,Rander,Bungalow,residential,4266.0,,,,https://www.squareyards.com/property-rates/rander-surat,2026-06-25T12:57:25.140609+00:00,locality_synthetic,3500,4,4,149.31,rander
Surat,Gujarat,Surat,Rander,Bungalow,residential,4266.0,,,,https://www.squareyards.com/property-rates/rander-surat,2026-06-25T12:57:25.140609+00:00,locality_synthetic,5000,5,5,213.3,rander
Surat,Gujarat,Surat,Rander,Bungalow,residential,4266.0,,,,https://www.squareyards.com/property-rates/rander-surat,2026-06-25T12:57:25.140609+00:00,locality_synthetic,6500,6,6,277.29,rander
Surat,Gujarat,Surat,Rander,House,residential,3871.0,,,,https://www.squareyards.com/property-rates/rander-surat,2026-06-25T12:57:25.140609+00:00,locality_synthetic,1200,2,2,46.45,rander
Surat,Gujarat,Surat,Rander,House,residential,3871.0,,,,https://www.squareyards.com/property-rates/rander-surat,2026-06-25T12:57:25.140609+00:00,locality_synthetic,1800,3,3,69.68,rander
Surat,Gujarat,Surat,Rander,House,residential,3871.0,,,,https://www.squareyards.com/property-rates/rander-surat,2026-06-25T12:57:25.140609+00:00,locality_synthetic,2400,4,4,92.9,rander
Surat,Gujarat,Surat,Rander,House,residential,3871.0,,,,https://www.squareyards.com/property-rates/rander-surat,2026-06-25T12:57:25.140609+00:00,locality_synthetic,3200,5,5,123.87,rander
Surat,Gujarat,Surat,Rander,Plot,residential,1815.0,,,,https://www.squareyards.com/property-rates/rander-surat,2026-06-25T12:57:25.140609+00:00,locality_synthetic,1000,0,0,18.15,rander
Surat,Gujarat,Surat,Rander,Plot,residential,1815.0,,,,https://www.squareyards.com/property-rates/rander-surat,2026-06-25T12:57:25.140609+00:00,locality_synthetic,1500,0,0,27.23,rander
Surat,Gujarat,Surat,Rander,Plot,residential,1815.0,,,,https://www.squareyards.com/property-rates/rander-surat,2026-06-25T12:57:25.140609+00:00,locality_synthetic,2400,0,0,43.56,rander
Surat,Gujarat,Surat,Rander,Plot,residential,1815.0,,,,https://www.squareyards.com/property-rates/rander-surat,2026-06-25T12:57:25.140609+00:00,locality_synthetic,4000,0,0,72.6,rander
Surat,Gujarat,Surat,Rander,Shop,commercial,3950.0,,,,https://www.squareyards.com/property-rates/rander-surat,2026-06-25T12:57:25.140609+00:00,locality_synthetic,200,0,0,7.9,rander
Surat,Gujarat,Surat,Rander,Shop,commercial,3950.0,,,,https://www.squareyards.com/property-rates/rander-surat,2026-06-25T12:57:25.140609+00:00,locality_synthetic,400,0,0,15.8,rander
Surat,Gujarat,Surat,Rander,Shop,commercial,3950.0,,,,https://www.squareyards.com/property-rates/rander-surat,2026-06-25T12:57:25.140609+00:00,locality_synthetic,800,0,0,31.6,rander
Surat,Gujarat,Surat,Rander,Shop,commercial,3950.0,,,,https://www.squareyards.com/property-rates/rander-surat,2026-06-25T12:57:25.140609+00:00,locality_synthetic,1200,0,0,47.4,rander
Surat,Gujarat,Surat,Rander,Showroom,commercial,4424.0,,,,https://www.squareyards.com/property-rates/rander-surat,2026-06-25T12:57:25.140609+00:00,locality_synthetic,600,0,0,26.54,rander
Surat,Gujarat,Surat,Rander,Showroom,commercial,4424.0,,,,https://www.squareyards.com/property-rates/rander-surat,2026-06-25T12:57:25.140609+00:00,locality_synthetic,1200,0,0,53.09,rander
Surat,Gujarat,Surat,Rander,Showroom,commercial,4424.0,,,,https://www.squareyards.com/property-rates/rander-surat,2026-06-25T12:57:25.140609+00:00,locality_synthetic,2500,0,0,110.6,rander
Surat,Gujarat,Surat,Rander,Showroom,commercial,4424.0,,,,https://www.squareyards.com/property-rates/rander-surat,2026-06-25T12:57:25.140609+00:00,locality_synthetic,4000,0,0,176.96,rander
Surat,Gujarat,Surat,Rander,Office,commercial,3950.0,,,,https://www.squareyards.com/property-rates/rander-surat,2026-06-25T12:57:25.140609+00:00,locality_synthetic,500,0,0,19.75,rander
Surat,Gujarat,Surat,Rander,Office,commercial,3950.0,,,,https://www.squareyards.com/property-rates/rander-surat,2026-06-25T12:57:25.140609+00:00,locality_synthetic,1000,0,0,39.5,rander
Surat,Gujarat,Surat,Rander,Office,commercial,3950.0,,,,https://www.squareyards.com/property-rates/rander-surat,2026-06-25T12:57:25.140609+00:00,locality_synthetic,2000,0,0,79.0,rander
Surat,Gujarat,Surat,Rander,Office,commercial,3950.0,,,,https://www.squareyards.com/property-rates/rander-surat,2026-06-25T12:57:25.140609+00:00,locality_synthetic,5000,0,0,197.5,rander
Surat,Gujarat,Surat,Rander,Commercial,commercial,4147.5,,,,https://www.squareyards.com/property-rates/rander-surat,2026-06-25T12:57:25.140609+00:00,locality_synthetic,500,0,0,20.74,rander
Surat,Gujarat,Surat,Rander,Commercial,commercial,4147.5,,,,https://www.squareyards.com/property-rates/rander-surat,2026-06-25T12:57:25.140609+00:00,locality_synthetic,1000,0,0,41.48,rander
Surat,Gujarat,Surat,Rander,Commercial,commercial,4147.5,,,,https://www.squareyards.com/property-rates/rander-surat,2026-06-25T12:57:25.140609+00:00,locality_synthetic,2000,0,0,82.95,rander
Surat,Gujarat,Surat,Rander,Commercial,commercial,4147.5,,,,https://www.squareyards.com/property-rates/rander-surat,2026-06-25T12:57:25.140609+00:00,locality_synthetic,3500,0,0,145.16,rander
Surat,Gujarat,Surat,Rander,Warehouse,commercial,2844.0,,,,https://www.squareyards.com/property-rates/rander-surat,2026-06-25T12:57:25.140609+00:00,locality_synthetic,1500,0,0,42.66,rander
Surat,Gujarat,Surat,Rander,Warehouse,commercial,2844.0,,,,https://www.squareyards.com/property-rates/rander-surat,2026-06-25T12:57:25.140609+00:00,locality_synthetic,3000,0,0,85.32,rander
Surat,Gujarat,Surat,Rander,Warehouse,commercial,2844.0,,,,https://www.squareyards.com/property-rates/rander-surat,2026-06-25T12:57:25.140609+00:00,locality_synthetic,5000,0,0,142.2,rander
Surat,Gujarat,Surat,Rander,Warehouse,commercial,2844.0,,,,https://www.squareyards.com/property-rates/rander-surat,2026-06-25T12:57:25.140609+00:00,locality_synthetic,10000,0,0,284.4,rander
Surat,Gujarat,Surat,Rander,Retail,commercial,3950.0,,,,https://www.squareyards.com/property-rates/rander-surat,2026-06-25T12:57:25.140609+00:00,locality_synthetic,300,0,0,11.85,rander
Surat,Gujarat,Surat,Rander,Retail,commercial,3950.0,,,,https://www.squareyards.com/property-rates/rander-surat,2026-06-25T12:57:25.140609+00:00,locality_synthetic,600,0,0,23.7,rander
Surat,Gujarat,Surat,Rander,Retail,commercial,3950.0,,,,https://www.squareyards.com/property-rates/rander-surat,2026-06-25T12:57:25.140609+00:00,locality_synthetic,1000,0,0,39.5,rander
Surat,Gujarat,Surat,Rander,Retail,commercial,3950.0,,,,https://www.squareyards.com/property-rates/rander-surat,2026-06-25T12:57:25.140609+00:00,locality_synthetic,1800,0,0,71.1,rander
Surat,Gujarat,Surat,Rundh Magdalla,Apartment,residential,5900.0,,,,https://www.squareyards.com/property-rates/rundh-magdalla-surat,2026-06-25T12:57:25.140609+00:00,locality_synthetic,550,1,1,32.45,rundh magdalla
Surat,Gujarat,Surat,Rundh Magdalla,Apartment,residential,5900.0,,,,https://www.squareyards.com/property-rates/rundh-magdalla-surat,2026-06-25T12:57:25.140609+00:00,locality_synthetic,1050,2,2,61.95,rundh magdalla
Surat,Gujarat,Surat,Rundh Magdalla,Apartment,residential,5900.0,,,,https://www.squareyards.com/property-rates/rundh-magdalla-surat,2026-06-25T12:57:25.140609+00:00,locality_synthetic,1450,3,3,85.55,rundh magdalla
Surat,Gujarat,Surat,Rundh Magdalla,Apartment,residential,5900.0,,,,https://www.squareyards.com/property-rates/rundh-magdalla-surat,2026-06-25T12:57:25.140609+00:00,locality_synthetic,2000,4,4,118.0,rundh magdalla
Surat,Gujarat,Surat,Rundh Magdalla,Flat,residential,5900.0,,,,https://www.squareyards.com/property-rates/rundh-magdalla-surat,2026-06-25T12:57:25.140609+00:00,locality_synthetic,550,1,1,32.45,rundh magdalla
Surat,Gujarat,Surat,Rundh Magdalla,Flat,residential,5900.0,,,,https://www.squareyards.com/property-rates/rundh-magdalla-surat,2026-06-25T12:57:25.140609+00:00,locality_synthetic,1050,2,2,61.95,rundh magdalla
Surat,Gujarat,Surat,Rundh Magdalla,Flat,residential,5900.0,,,,https://www.squareyards.com/property-rates/rundh-magdalla-surat,2026-06-25T12:57:25.140609+00:00,locality_synthetic,1450,3,3,85.55,rundh magdalla
Surat,Gujarat,Surat,Rundh Magdalla,Flat,residential,5900.0,,,,https://www.squareyards.com/property-rates/rundh-magdalla-surat,2026-06-25T12:57:25.140609+00:00,locality_synthetic,2000,4,4,118.0,rundh magdalla
Surat,Gujarat,Surat,Rundh Magdalla,Studio,residential,5428.0,,,,https://www.squareyards.com/property-rates/rundh-magdalla-surat,2026-06-25T12:57:25.140609+00:00,locality_synthetic,400,1,1,21.71,rundh magdalla
Surat,Gujarat,Surat,Rundh Magdalla,Studio,residential,5428.0,,,,https://www.squareyards.com/property-rates/rundh-magdalla-surat,2026-06-25T12:57:25.140609+00:00,locality_synthetic,500,1,1,27.14,rundh magdalla
Surat,Gujarat,Surat,Rundh Magdalla,Penthouse,residential,7965.0,,,,https://www.squareyards.com/property-rates/rundh-magdalla-surat,2026-06-25T12:57:25.140609+00:00,locality_synthetic,1800,3,3,143.37,rundh magdalla
Surat,Gujarat,Surat,Rundh Magdalla,Penthouse,residential,7965.0,,,,https://www.squareyards.com/property-rates/rundh-magdalla-surat,2026-06-25T12:57:25.140609+00:00,locality_synthetic,2500,4,4,199.12,rundh magdalla
Surat,Gujarat,Surat,Rundh Magdalla,Penthouse,residential,7965.0,,,,https://www.squareyards.com/property-rates/rundh-magdalla-surat,2026-06-25T12:57:25.140609+00:00,locality_synthetic,3200,5,5,254.88,rundh magdalla
Surat,Gujarat,Surat,Rundh Magdalla,Villa,residential,5900.0,,,,https://www.squareyards.com/property-rates/rundh-magdalla-surat,2026-06-25T12:57:25.140609+00:00,locality_synthetic,1500,2,2,88.5,rundh magdalla
Surat,Gujarat,Surat,Rundh Magdalla,Villa,residential,5900.0,,,,https://www.squareyards.com/property-rates/rundh-magdalla-surat,2026-06-25T12:57:25.140609+00:00,locality_synthetic,2200,3,3,129.8,rundh magdalla
Surat,Gujarat,Surat,Rundh Magdalla,Villa,residential,5900.0,,,,https://www.squareyards.com/property-rates/rundh-magdalla-surat,2026-06-25T12:57:25.140609+00:00,locality_synthetic,3000,4,4,177.0,rundh magdalla
Surat,Gujarat,Surat,Rundh Magdalla,Villa,residential,5900.0,,,,https://www.squareyards.com/property-rates/rundh-magdalla-surat,2026-06-25T12:57:25.140609+00:00,locality_synthetic,4500,5,5,265.5,rundh magdalla
Surat,Gujarat,Surat,Rundh Magdalla,Bungalow,residential,6372.0,,,,https://www.squareyards.com/property-rates/rundh-magdalla-surat,2026-06-25T12:57:25.140609+00:00,locality_synthetic,2500,3,3,159.3,rundh magdalla
Surat,Gujarat,Surat,Rundh Magdalla,Bungalow,residential,6372.0,,,,https://www.squareyards.com/property-rates/rundh-magdalla-surat,2026-06-25T12:57:25.140609+00:00,locality_synthetic,3500,4,4,223.02,rundh magdalla
Surat,Gujarat,Surat,Rundh Magdalla,Bungalow,residential,6372.0,,,,https://www.squareyards.com/property-rates/rundh-magdalla-surat,2026-06-25T12:57:25.140609+00:00,locality_synthetic,5000,5,5,318.6,rundh magdalla
Surat,Gujarat,Surat,Rundh Magdalla,Bungalow,residential,6372.0,,,,https://www.squareyards.com/property-rates/rundh-magdalla-surat,2026-06-25T12:57:25.140609+00:00,locality_synthetic,6500,6,6,414.18,rundh magdalla
Surat,Gujarat,Surat,Rundh Magdalla,House,residential,5782.0,,,,https://www.squareyards.com/property-rates/rundh-magdalla-surat,2026-06-25T12:57:25.140609+00:00,locality_synthetic,1200,2,2,69.38,rundh magdalla
Surat,Gujarat,Surat,Rundh Magdalla,House,residential,5782.0,,,,https://www.squareyards.com/property-rates/rundh-magdalla-surat,2026-06-25T12:57:25.140609+00:00,locality_synthetic,1800,3,3,104.08,rundh magdalla
Surat,Gujarat,Surat,Rundh Magdalla,House,residential,5782.0,,,,https://www.squareyards.com/property-rates/rundh-magdalla-surat,2026-06-25T12:57:25.140609+00:00,locality_synthetic,2400,4,4,138.77,rundh magdalla
Surat,Gujarat,Surat,Rundh Magdalla,House,residential,5782.0,,,,https://www.squareyards.com/property-rates/rundh-magdalla-surat,2026-06-25T12:57:25.140609+00:00,locality_synthetic,3200,5,5,185.02,rundh magdalla
Surat,Gujarat,Surat,Rundh Magdalla,Plot,residential,3245.0,,,,https://www.squareyards.com/property-rates/rundh-magdalla-surat,2026-06-25T12:57:25.140609+00:00,locality_synthetic,1000,0,0,32.45,rundh magdalla
Surat,Gujarat,Surat,Rundh Magdalla,Plot,residential,3245.0,,,,https://www.squareyards.com/property-rates/rundh-magdalla-surat,2026-06-25T12:57:25.140609+00:00,locality_synthetic,1500,0,0,48.67,rundh magdalla
Surat,Gujarat,Surat,Rundh Magdalla,Plot,residential,3245.0,,,,https://www.squareyards.com/property-rates/rundh-magdalla-surat,2026-06-25T12:57:25.140609+00:00,locality_synthetic,2400,0,0,77.88,rundh magdalla
Surat,Gujarat,Surat,Rundh Magdalla,Plot,residential,3245.0,,,,https://www.squareyards.com/property-rates/rundh-magdalla-surat,2026-06-25T12:57:25.140609+00:00,locality_synthetic,4000,0,0,129.8,rundh magdalla
Surat,Gujarat,Surat,Rundh Magdalla,Shop,commercial,5900.0,,,,https://www.squareyards.com/property-rates/rundh-magdalla-surat,2026-06-25T12:57:25.140609+00:00,locality_synthetic,200,0,0,11.8,rundh magdalla
Surat,Gujarat,Surat,Rundh Magdalla,Shop,commercial,5900.0,,,,https://www.squareyards.com/property-rates/rundh-magdalla-surat,2026-06-25T12:57:25.140609+00:00,locality_synthetic,400,0,0,23.6,rundh magdalla
Surat,Gujarat,Surat,Rundh Magdalla,Shop,commercial,5900.0,,,,https://www.squareyards.com/property-rates/rundh-magdalla-surat,2026-06-25T12:57:25.140609+00:00,locality_synthetic,800,0,0,47.2,rundh magdalla
Surat,Gujarat,Surat,Rundh Magdalla,Shop,commercial,5900.0,,,,https://www.squareyards.com/property-rates/rundh-magdalla-surat,2026-06-25T12:57:25.140609+00:00,locality_synthetic,1200,0,0,70.8,rundh magdalla
Surat,Gujarat,Surat,Rundh Magdalla,Showroom,commercial,6608.0,,,,https://www.squareyards.com/property-rates/rundh-magdalla-surat,2026-06-25T12:57:25.140609+00:00,locality_synthetic,600,0,0,39.65,rundh magdalla
Surat,Gujarat,Surat,Rundh Magdalla,Showroom,commercial,6608.0,,,,https://www.squareyards.com/property-rates/rundh-magdalla-surat,2026-06-25T12:57:25.140609+00:00,locality_synthetic,1200,0,0,79.3,rundh magdalla
Surat,Gujarat,Surat,Rundh Magdalla,Showroom,commercial,6608.0,,,,https://www.squareyards.com/property-rates/rundh-magdalla-surat,2026-06-25T12:57:25.140609+00:00,locality_synthetic,2500,0,0,165.2,rundh magdalla
Surat,Gujarat,Surat,Rundh Magdalla,Showroom,commercial,6608.0,,,,https://www.squareyards.com/property-rates/rundh-magdalla-surat,2026-06-25T12:57:25.140609+00:00,locality_synthetic,4000,0,0,264.32,rundh magdalla
Surat,Gujarat,Surat,Rundh Magdalla,Office,commercial,5900.0,,,,https://www.squareyards.com/property-rates/rundh-magdalla-surat,2026-06-25T12:57:25.140609+00:00,locality_synthetic,500,0,0,29.5,rundh magdalla
Surat,Gujarat,Surat,Rundh Magdalla,Office,commercial,5900.0,,,,https://www.squareyards.com/property-rates/rundh-magdalla-surat,2026-06-25T12:57:25.140609+00:00,locality_synthetic,1000,0,0,59.0,rundh magdalla
Surat,Gujarat,Surat,Rundh Magdalla,Office,commercial,5900.0,,,,https://www.squareyards.com/property-rates/rundh-magdalla-surat,2026-06-25T12:57:25.140609+00:00,locality_synthetic,2000,0,0,118.0,rundh magdalla
Surat,Gujarat,Surat,Rundh Magdalla,Office,commercial,5900.0,,,,https://www.squareyards.com/property-rates/rundh-magdalla-surat,2026-06-25T12:57:25.140609+00:00,locality_synthetic,5000,0,0,295.0,rundh magdalla
Surat,Gujarat,Surat,Rundh Magdalla,Commercial,commercial,6195.0,,,,https://www.squareyards.com/property-rates/rundh-magdalla-surat,2026-06-25T12:57:25.140609+00:00,locality_synthetic,500,0,0,30.98,rundh magdalla
Surat,Gujarat,Surat,Rundh Magdalla,Commercial,commercial,6195.0,,,,https://www.squareyards.com/property-rates/rundh-magdalla-surat,2026-06-25T12:57:25.140609+00:00,locality_synthetic,1000,0,0,61.95,rundh magdalla
Surat,Gujarat,Surat,Rundh Magdalla,Commercial,commercial,6195.0,,,,https://www.squareyards.com/property-rates/rundh-magdalla-surat,2026-06-25T12:57:25.140609+00:00,locality_synthetic,2000,0,0,123.9,rundh magdalla
Surat,Gujarat,Surat,Rundh Magdalla,Commercial,commercial,6195.0,,,,https://www.squareyards.com/property-rates/rundh-magdalla-surat,2026-06-25T12:57:25.140609+00:00,locality_synthetic,3500,0,0,216.82,rundh magdalla
Surat,Gujarat,Surat,Rundh Magdalla,Warehouse,commercial,4248.0,,,,https://www.squareyards.com/property-rates/rundh-magdalla-surat,2026-06-25T12:57:25.140609+00:00,locality_synthetic,1500,0,0,63.72,rundh magdalla
Surat,Gujarat,Surat,Rundh Magdalla,Warehouse,commercial,4248.0,,,,https://www.squareyards.com/property-rates/rundh-magdalla-surat,2026-06-25T12:57:25.140609+00:00,locality_synthetic,3000,0,0,127.44,rundh magdalla
Surat,Gujarat,Surat,Rundh Magdalla,Warehouse,commercial,4248.0,,,,https://www.squareyards.com/property-rates/rundh-magdalla-surat,2026-06-25T12:57:25.140609+00:00,locality_synthetic,5000,0,0,212.4,rundh magdalla
Surat,Gujarat,Surat,Rundh Magdalla,Warehouse,commercial,4248.0,,,,https://www.squareyards.com/property-rates/rundh-magdalla-surat,2026-06-25T12:57:25.140609+00:00,locality_synthetic,10000,0,0,424.8,rundh magdalla
Surat,Gujarat,Surat,Rundh Magdalla,Retail,commercial,5900.0,,,,https://www.squareyards.com/property-rates/rundh-magdalla-surat,2026-06-25T12:57:25.140609+00:00,locality_synthetic,300,0,0,17.7,rundh magdalla
Surat,Gujarat,Surat,Rundh Magdalla,Retail,commercial,5900.0,,,,https://www.squareyards.com/property-rates/rundh-magdalla-surat,2026-06-25T12:57:25.140609+00:00,locality_synthetic,600,0,0,35.4,rundh magdalla
Surat,Gujarat,Surat,Rundh Magdalla,Retail,commercial,5900.0,,,,https://www.squareyards.com/property-rates/rundh-magdalla-surat,2026-06-25T12:57:25.140609+00:00,locality_synthetic,1000,0,0,59.0,rundh magdalla
Surat,Gujarat,Surat,Rundh Magdalla,Retail,commercial,5900.0,,,,https://www.squareyards.com/property-rates/rundh-magdalla-surat,2026-06-25T12:57:25.140609+00:00,locality_synthetic,1800,0,0,106.2,rundh magdalla
Surat,Gujarat,Surat,Sachin,Apartment,residential,2000.0,,,,https://www.squareyards.com/property-rates/sachin-surat,2026-06-25T12:57:25.140609+00:00,locality_synthetic,550,1,1,11.0,sachin
Surat,Gujarat,Surat,Sachin,Apartment,residential,2000.0,,,,https://www.squareyards.com/property-rates/sachin-surat,2026-06-25T12:57:25.140609+00:00,locality_synthetic,1050,2,2,21.0,sachin
Surat,Gujarat,Surat,Sachin,Apartment,residential,2000.0,,,,https://www.squareyards.com/property-rates/sachin-surat,2026-06-25T12:57:25.140609+00:00,locality_synthetic,1450,3,3,29.0,sachin
Surat,Gujarat,Surat,Sachin,Apartment,residential,2000.0,,,,https://www.squareyards.com/property-rates/sachin-surat,2026-06-25T12:57:25.140609+00:00,locality_synthetic,2000,4,4,40.0,sachin
Surat,Gujarat,Surat,Sachin,Flat,residential,2000.0,,,,https://www.squareyards.com/property-rates/sachin-surat,2026-06-25T12:57:25.140609+00:00,locality_synthetic,550,1,1,11.0,sachin
Surat,Gujarat,Surat,Sachin,Flat,residential,2000.0,,,,https://www.squareyards.com/property-rates/sachin-surat,2026-06-25T12:57:25.140609+00:00,locality_synthetic,1050,2,2,21.0,sachin
Surat,Gujarat,Surat,Sachin,Flat,residential,2000.0,,,,https://www.squareyards.com/property-rates/sachin-surat,2026-06-25T12:57:25.140609+00:00,locality_synthetic,1450,3,3,29.0,sachin
Surat,Gujarat,Surat,Sachin,Flat,residential,2000.0,,,,https://www.squareyards.com/property-rates/sachin-surat,2026-06-25T12:57:25.140609+00:00,locality_synthetic,2000,4,4,40.0,sachin
Surat,Gujarat,Surat,Sachin,Studio,residential,1840.0,,,,https://www.squareyards.com/property-rates/sachin-surat,2026-06-25T12:57:25.140609+00:00,locality_synthetic,400,1,1,7.36,sachin
Surat,Gujarat,Surat,Sachin,Studio,residential,1840.0,,,,https://www.squareyards.com/property-rates/sachin-surat,2026-06-25T12:57:25.140609+00:00,locality_synthetic,500,1,1,9.2,sachin
Surat,Gujarat,Surat,Sachin,Penthouse,residential,2700.0,,,,https://www.squareyards.com/property-rates/sachin-surat,2026-06-25T12:57:25.140609+00:00,locality_synthetic,1800,3,3,48.6,sachin
Surat,Gujarat,Surat,Sachin,Penthouse,residential,2700.0,,,,https://www.squareyards.com/property-rates/sachin-surat,2026-06-25T12:57:25.140609+00:00,locality_synthetic,2500,4,4,67.5,sachin
Surat,Gujarat,Surat,Sachin,Penthouse,residential,2700.0,,,,https://www.squareyards.com/property-rates/sachin-surat,2026-06-25T12:57:25.140609+00:00,locality_synthetic,3200,5,5,86.4,sachin
Surat,Gujarat,Surat,Sachin,Villa,residential,2000.0,,,,https://www.squareyards.com/property-rates/sachin-surat,2026-06-25T12:57:25.140609+00:00,locality_synthetic,1500,2,2,30.0,sachin
Surat,Gujarat,Surat,Sachin,Villa,residential,2000.0,,,,https://www.squareyards.com/property-rates/sachin-surat,2026-06-25T12:57:25.140609+00:00,locality_synthetic,2200,3,3,44.0,sachin
Surat,Gujarat,Surat,Sachin,Villa,residential,2000.0,,,,https://www.squareyards.com/property-rates/sachin-surat,2026-06-25T12:57:25.140609+00:00,locality_synthetic,3000,4,4,60.0,sachin
Surat,Gujarat,Surat,Sachin,Villa,residential,2000.0,,,,https://www.squareyards.com/property-rates/sachin-surat,2026-06-25T12:57:25.140609+00:00,locality_synthetic,4500,5,5,90.0,sachin
Surat,Gujarat,Surat,Sachin,Bungalow,residential,2160.0,,,,https://www.squareyards.com/property-rates/sachin-surat,2026-06-25T12:57:25.140609+00:00,locality_synthetic,2500,3,3,54.0,sachin
Surat,Gujarat,Surat,Sachin,Bungalow,residential,2160.0,,,,https://www.squareyards.com/property-rates/sachin-surat,2026-06-25T12:57:25.140609+00:00,locality_synthetic,3500,4,4,75.6,sachin
Surat,Gujarat,Surat,Sachin,Bungalow,residential,2160.0,,,,https://www.squareyards.com/property-rates/sachin-surat,2026-06-25T12:57:25.140609+00:00,locality_synthetic,5000,5,5,108.0,sachin
Surat,Gujarat,Surat,Sachin,Bungalow,residential,2160.0,,,,https://www.squareyards.com/property-rates/sachin-surat,2026-06-25T12:57:25.140609+00:00,locality_synthetic,6500,6,6,140.4,sachin
Surat,Gujarat,Surat,Sachin,House,residential,1960.0,,,,https://www.squareyards.com/property-rates/sachin-surat,2026-06-25T12:57:25.140609+00:00,locality_synthetic,1200,2,2,23.52,sachin
Surat,Gujarat,Surat,Sachin,House,residential,1960.0,,,,https://www.squareyards.com/property-rates/sachin-surat,2026-06-25T12:57:25.140609+00:00,locality_synthetic,1800,3,3,35.28,sachin
Surat,Gujarat,Surat,Sachin,House,residential,1960.0,,,,https://www.squareyards.com/property-rates/sachin-surat,2026-06-25T12:57:25.140609+00:00,locality_synthetic,2400,4,4,47.04,sachin
Surat,Gujarat,Surat,Sachin,House,residential,1960.0,,,,https://www.squareyards.com/property-rates/sachin-surat,2026-06-25T12:57:25.140609+00:00,locality_synthetic,3200,5,5,62.72,sachin
Surat,Gujarat,Surat,Sachin,Plot,residential,1100.0,,,,https://www.squareyards.com/property-rates/sachin-surat,2026-06-25T12:57:25.140609+00:00,locality_synthetic,1000,0,0,11.0,sachin
Surat,Gujarat,Surat,Sachin,Plot,residential,1100.0,,,,https://www.squareyards.com/property-rates/sachin-surat,2026-06-25T12:57:25.140609+00:00,locality_synthetic,1500,0,0,16.5,sachin
Surat,Gujarat,Surat,Sachin,Plot,residential,1100.0,,,,https://www.squareyards.com/property-rates/sachin-surat,2026-06-25T12:57:25.140609+00:00,locality_synthetic,2400,0,0,26.4,sachin
Surat,Gujarat,Surat,Sachin,Plot,residential,1100.0,,,,https://www.squareyards.com/property-rates/sachin-surat,2026-06-25T12:57:25.140609+00:00,locality_synthetic,4000,0,0,44.0,sachin
Surat,Gujarat,Surat,Sachin,Shop,commercial,2000.0,,,,https://www.squareyards.com/property-rates/sachin-surat,2026-06-25T12:57:25.140609+00:00,locality_synthetic,200,0,0,4.0,sachin
Surat,Gujarat,Surat,Sachin,Shop,commercial,2000.0,,,,https://www.squareyards.com/property-rates/sachin-surat,2026-06-25T12:57:25.140609+00:00,locality_synthetic,400,0,0,8.0,sachin
Surat,Gujarat,Surat,Sachin,Shop,commercial,2000.0,,,,https://www.squareyards.com/property-rates/sachin-surat,2026-06-25T12:57:25.140609+00:00,locality_synthetic,800,0,0,16.0,sachin
Surat,Gujarat,Surat,Sachin,Shop,commercial,2000.0,,,,https://www.squareyards.com/property-rates/sachin-surat,2026-06-25T12:57:25.140609+00:00,locality_synthetic,1200,0,0,24.0,sachin
Surat,Gujarat,Surat,Sachin,Showroom,commercial,2240.0,,,,https://www.squareyards.com/property-rates/sachin-surat,2026-06-25T12:57:25.140609+00:00,locality_synthetic,600,0,0,13.44,sachin
Surat,Gujarat,Surat,Sachin,Showroom,commercial,2240.0,,,,https://www.squareyards.com/property-rates/sachin-surat,2026-06-25T12:57:25.140609+00:00,locality_synthetic,1200,0,0,26.88,sachin
Surat,Gujarat,Surat,Sachin,Showroom,commercial,2240.0,,,,https://www.squareyards.com/property-rates/sachin-surat,2026-06-25T12:57:25.140609+00:00,locality_synthetic,2500,0,0,56.0,sachin
Surat,Gujarat,Surat,Sachin,Showroom,commercial,2240.0,,,,https://www.squareyards.com/property-rates/sachin-surat,2026-06-25T12:57:25.140609+00:00,locality_synthetic,4000,0,0,89.6,sachin
Surat,Gujarat,Surat,Sachin,Office,commercial,2000.0,,,,https://www.squareyards.com/property-rates/sachin-surat,2026-06-25T12:57:25.140609+00:00,locality_synthetic,500,0,0,10.0,sachin
Surat,Gujarat,Surat,Sachin,Office,commercial,2000.0,,,,https://www.squareyards.com/property-rates/sachin-surat,2026-06-25T12:57:25.140609+00:00,locality_synthetic,1000,0,0,20.0,sachin
Surat,Gujarat,Surat,Sachin,Office,commercial,2000.0,,,,https://www.squareyards.com/property-rates/sachin-surat,2026-06-25T12:57:25.140609+00:00,locality_synthetic,2000,0,0,40.0,sachin
Surat,Gujarat,Surat,Sachin,Office,commercial,2000.0,,,,https://www.squareyards.com/property-rates/sachin-surat,2026-06-25T12:57:25.140609+00:00,locality_synthetic,5000,0,0,100.0,sachin
Surat,Gujarat,Surat,Sachin,Commercial,commercial,2100.0,,,,https://www.squareyards.com/property-rates/sachin-surat,2026-06-25T12:57:25.140609+00:00,locality_synthetic,500,0,0,10.5,sachin
Surat,Gujarat,Surat,Sachin,Commercial,commercial,2100.0,,,,https://www.squareyards.com/property-rates/sachin-surat,2026-06-25T12:57:25.140609+00:00,locality_synthetic,1000,0,0,21.0,sachin
Surat,Gujarat,Surat,Sachin,Commercial,commercial,2100.0,,,,https://www.squareyards.com/property-rates/sachin-surat,2026-06-25T12:57:25.140609+00:00,locality_synthetic,2000,0,0,42.0,sachin
Surat,Gujarat,Surat,Sachin,Commercial,commercial,2100.0,,,,https://www.squareyards.com/property-rates/sachin-surat,2026-06-25T12:57:25.140609+00:00,locality_synthetic,3500,0,0,73.5,sachin
Surat,Gujarat,Surat,Sachin,Warehouse,commercial,1440.0,,,,https://www.squareyards.com/property-rates/sachin-surat,2026-06-25T12:57:25.140609+00:00,locality_synthetic,1500,0,0,21.6,sachin
Surat,Gujarat,Surat,Sachin,Warehouse,commercial,1440.0,,,,https://www.squareyards.com/property-rates/sachin-surat,2026-06-25T12:57:25.140609+00:00,locality_synthetic,3000,0,0,43.2,sachin
Surat,Gujarat,Surat,Sachin,Warehouse,commercial,1440.0,,,,https://www.squareyards.com/property-rates/sachin-surat,2026-06-25T12:57:25.140609+00:00,locality_synthetic,5000,0,0,72.0,sachin
Surat,Gujarat,Surat,Sachin,Warehouse,commercial,1440.0,,,,https://www.squareyards.com/property-rates/sachin-surat,2026-06-25T12:57:25.140609+00:00,locality_synthetic,10000,0,0,144.0,sachin
Surat,Gujarat,Surat,Sachin,Retail,commercial,2000.0,,,,https://www.squareyards.com/property-rates/sachin-surat,2026-06-25T12:57:25.140609+00:00,locality_synthetic,300,0,0,6.0,sachin
Surat,Gujarat,Surat,Sachin,Retail,commercial,2000.0,,,,https://www.squareyards.com/property-rates/sachin-surat,2026-06-25T12:57:25.140609+00:00,locality_synthetic,600,0,0,12.0,sachin
Surat,Gujarat,Surat,Sachin,Retail,commercial,2000.0,,,,https://www.squareyards.com/property-rates/sachin-surat,2026-06-25T12:57:25.140609+00:00,locality_synthetic,1000,0,0,20.0,sachin
Surat,Gujarat,Surat,Sachin,Retail,commercial,2000.0,,,,https://www.squareyards.com/property-rates/sachin-surat,2026-06-25T12:57:25.140609+00:00,locality_synthetic,1800,0,0,36.0,sachin
Surat,Gujarat,Surat,Singanpor,Apartment,residential,3200.0,,,,https://www.squareyards.com/property-rates/singanpor-surat,2026-06-25T12:57:25.140609+00:00,locality_synthetic,550,1,1,17.6,singanpor
Surat,Gujarat,Surat,Singanpor,Apartment,residential,3200.0,,,,https://www.squareyards.com/property-rates/singanpor-surat,2026-06-25T12:57:25.140609+00:00,locality_synthetic,1050,2,2,33.6,singanpor
Surat,Gujarat,Surat,Singanpor,Apartment,residential,3200.0,,,,https://www.squareyards.com/property-rates/singanpor-surat,2026-06-25T12:57:25.140609+00:00,locality_synthetic,1450,3,3,46.4,singanpor
Surat,Gujarat,Surat,Singanpor,Apartment,residential,3200.0,,,,https://www.squareyards.com/property-rates/singanpor-surat,2026-06-25T12:57:25.140609+00:00,locality_synthetic,2000,4,4,64.0,singanpor
Surat,Gujarat,Surat,Singanpor,Flat,residential,3200.0,,,,https://www.squareyards.com/property-rates/singanpor-surat,2026-06-25T12:57:25.140609+00:00,locality_synthetic,550,1,1,17.6,singanpor
Surat,Gujarat,Surat,Singanpor,Flat,residential,3200.0,,,,https://www.squareyards.com/property-rates/singanpor-surat,2026-06-25T12:57:25.140609+00:00,locality_synthetic,1050,2,2,33.6,singanpor
Surat,Gujarat,Surat,Singanpor,Flat,residential,3200.0,,,,https://www.squareyards.com/property-rates/singanpor-surat,2026-06-25T12:57:25.140609+00:00,locality_synthetic,1450,3,3,46.4,singanpor
Surat,Gujarat,Surat,Singanpor,Flat,residential,3200.0,,,,https://www.squareyards.com/property-rates/singanpor-surat,2026-06-25T12:57:25.140609+00:00,locality_synthetic,2000,4,4,64.0,singanpor
Surat,Gujarat,Surat,Singanpor,Studio,residential,2944.0,,,,https://www.squareyards.com/property-rates/singanpor-surat,2026-06-25T12:57:25.140609+00:00,locality_synthetic,400,1,1,11.78,singanpor
Surat,Gujarat,Surat,Singanpor,Studio,residential,2944.0,,,,https://www.squareyards.com/property-rates/singanpor-surat,2026-06-25T12:57:25.140609+00:00,locality_synthetic,500,1,1,14.72,singanpor
Surat,Gujarat,Surat,Singanpor,Penthouse,residential,4320.0,,,,https://www.squareyards.com/property-rates/singanpor-surat,2026-06-25T12:57:25.140609+00:00,locality_synthetic,1800,3,3,77.76,singanpor
Surat,Gujarat,Surat,Singanpor,Penthouse,residential,4320.0,,,,https://www.squareyards.com/property-rates/singanpor-surat,2026-06-25T12:57:25.140609+00:00,locality_synthetic,2500,4,4,108.0,singanpor
Surat,Gujarat,Surat,Singanpor,Penthouse,residential,4320.0,,,,https://www.squareyards.com/property-rates/singanpor-surat,2026-06-25T12:57:25.140609+00:00,locality_synthetic,3200,5,5,138.24,singanpor
Surat,Gujarat,Surat,Singanpor,Villa,residential,3200.0,,,,https://www.squareyards.com/property-rates/singanpor-surat,2026-06-25T12:57:25.140609+00:00,locality_synthetic,1500,2,2,48.0,singanpor
Surat,Gujarat,Surat,Singanpor,Villa,residential,3200.0,,,,https://www.squareyards.com/property-rates/singanpor-surat,2026-06-25T12:57:25.140609+00:00,locality_synthetic,2200,3,3,70.4,singanpor
Surat,Gujarat,Surat,Singanpor,Villa,residential,3200.0,,,,https://www.squareyards.com/property-rates/singanpor-surat,2026-06-25T12:57:25.140609+00:00,locality_synthetic,3000,4,4,96.0,singanpor
Surat,Gujarat,Surat,Singanpor,Villa,residential,3200.0,,,,https://www.squareyards.com/property-rates/singanpor-surat,2026-06-25T12:57:25.140609+00:00,locality_synthetic,4500,5,5,144.0,singanpor
Surat,Gujarat,Surat,Singanpor,Bungalow,residential,3456.0,,,,https://www.squareyards.com/property-rates/singanpor-surat,2026-06-25T12:57:25.140609+00:00,locality_synthetic,2500,3,3,86.4,singanpor
Surat,Gujarat,Surat,Singanpor,Bungalow,residential,3456.0,,,,https://www.squareyards.com/property-rates/singanpor-surat,2026-06-25T12:57:25.140609+00:00,locality_synthetic,3500,4,4,120.96,singanpor
Surat,Gujarat,Surat,Singanpor,Bungalow,residential,3456.0,,,,https://www.squareyards.com/property-rates/singanpor-surat,2026-06-25T12:57:25.140609+00:00,locality_synthetic,5000,5,5,172.8,singanpor
Surat,Gujarat,Surat,Singanpor,Bungalow,residential,3456.0,,,,https://www.squareyards.com/property-rates/singanpor-surat,2026-06-25T12:57:25.140609+00:00,locality_synthetic,6500,6,6,224.64,singanpor
Surat,Gujarat,Surat,Singanpor,House,residential,3136.0,,,,https://www.squareyards.com/property-rates/singanpor-surat,2026-06-25T12:57:25.140609+00:00,locality_synthetic,1200,2,2,37.63,singanpor
Surat,Gujarat,Surat,Singanpor,House,residential,3136.0,,,,https://www.squareyards.com/property-rates/singanpor-surat,2026-06-25T12:57:25.140609+00:00,locality_synthetic,1800,3,3,56.45,singanpor
Surat,Gujarat,Surat,Singanpor,House,residential,3136.0,,,,https://www.squareyards.com/property-rates/singanpor-surat,2026-06-25T12:57:25.140609+00:00,locality_synthetic,2400,4,4,75.26,singanpor
Surat,Gujarat,Surat,Singanpor,House,residential,3136.0,,,,https://www.squareyards.com/property-rates/singanpor-surat,2026-06-25T12:57:25.140609+00:00,locality_synthetic,3200,5,5,100.35,singanpor
Surat,Gujarat,Surat,Singanpor,Plot,residential,1760.0,,,,https://www.squareyards.com/property-rates/singanpor-surat,2026-06-25T12:57:25.140609+00:00,locality_synthetic,1000,0,0,17.6,singanpor
Surat,Gujarat,Surat,Singanpor,Plot,residential,1760.0,,,,https://www.squareyards.com/property-rates/singanpor-surat,2026-06-25T12:57:25.140609+00:00,locality_synthetic,1500,0,0,26.4,singanpor
Surat,Gujarat,Surat,Singanpor,Plot,residential,1760.0,,,,https://www.squareyards.com/property-rates/singanpor-surat,2026-06-25T12:57:25.140609+00:00,locality_synthetic,2400,0,0,42.24,singanpor
Surat,Gujarat,Surat,Singanpor,Plot,residential,1760.0,,,,https://www.squareyards.com/property-rates/singanpor-surat,2026-06-25T12:57:25.140609+00:00,locality_synthetic,4000,0,0,70.4,singanpor
Surat,Gujarat,Surat,Singanpor,Shop,commercial,3200.0,,,,https://www.squareyards.com/property-rates/singanpor-surat,2026-06-25T12:57:25.140609+00:00,locality_synthetic,200,0,0,6.4,singanpor
Surat,Gujarat,Surat,Singanpor,Shop,commercial,3200.0,,,,https://www.squareyards.com/property-rates/singanpor-surat,2026-06-25T12:57:25.140609+00:00,locality_synthetic,400,0,0,12.8,singanpor
Surat,Gujarat,Surat,Singanpor,Shop,commercial,3200.0,,,,https://www.squareyards.com/property-rates/singanpor-surat,2026-06-25T12:57:25.140609+00:00,locality_synthetic,800,0,0,25.6,singanpor
Surat,Gujarat,Surat,Singanpor,Shop,commercial,3200.0,,,,https://www.squareyards.com/property-rates/singanpor-surat,2026-06-25T12:57:25.140609+00:00,locality_synthetic,1200,0,0,38.4,singanpor
Surat,Gujarat,Surat,Singanpor,Showroom,commercial,3584.0,,,,https://www.squareyards.com/property-rates/singanpor-surat,2026-06-25T12:57:25.140609+00:00,locality_synthetic,600,0,0,21.5,singanpor
Surat,Gujarat,Surat,Singanpor,Showroom,commercial,3584.0,,,,https://www.squareyards.com/property-rates/singanpor-surat,2026-06-25T12:57:25.140609+00:00,locality_synthetic,1200,0,0,43.01,singanpor
Surat,Gujarat,Surat,Singanpor,Showroom,commercial,3584.0,,,,https://www.squareyards.com/property-rates/singanpor-surat,2026-06-25T12:57:25.140609+00:00,locality_synthetic,2500,0,0,89.6,singanpor
Surat,Gujarat,Surat,Singanpor,Showroom,commercial,3584.0,,,,https://www.squareyards.com/property-rates/singanpor-surat,2026-06-25T12:57:25.140609+00:00,locality_synthetic,4000,0,0,143.36,singanpor
Surat,Gujarat,Surat,Singanpor,Office,commercial,3200.0,,,,https://www.squareyards.com/property-rates/singanpor-surat,2026-06-25T12:57:25.140609+00:00,locality_synthetic,500,0,0,16.0,singanpor
Surat,Gujarat,Surat,Singanpor,Office,commercial,3200.0,,,,https://www.squareyards.com/property-rates/singanpor-surat,2026-06-25T12:57:25.140609+00:00,locality_synthetic,1000,0,0,32.0,singanpor
Surat,Gujarat,Surat,Singanpor,Office,commercial,3200.0,,,,https://www.squareyards.com/property-rates/singanpor-surat,2026-06-25T12:57:25.140609+00:00,locality_synthetic,2000,0,0,64.0,singanpor
Surat,Gujarat,Surat,Singanpor,Office,commercial,3200.0,,,,https://www.squareyards.com/property-rates/singanpor-surat,2026-06-25T12:57:25.140609+00:00,locality_synthetic,5000,0,0,160.0,singanpor
Surat,Gujarat,Surat,Singanpor,Commercial,commercial,3360.0,,,,https://www.squareyards.com/property-rates/singanpor-surat,2026-06-25T12:57:25.140609+00:00,locality_synthetic,500,0,0,16.8,singanpor
Surat,Gujarat,Surat,Singanpor,Commercial,commercial,3360.0,,,,https://www.squareyards.com/property-rates/singanpor-surat,2026-06-25T12:57:25.140609+00:00,locality_synthetic,1000,0,0,33.6,singanpor
Surat,Gujarat,Surat,Singanpor,Commercial,commercial,3360.0,,,,https://www.squareyards.com/property-rates/singanpor-surat,2026-06-25T12:57:25.140609+00:00,locality_synthetic,2000,0,0,67.2,singanpor
Surat,Gujarat,Surat,Singanpor,Commercial,commercial,3360.0,,,,https://www.squareyards.com/property-rates/singanpor-surat,2026-06-25T12:57:25.140609+00:00,locality_synthetic,3500,0,0,117.6,singanpor
Surat,Gujarat,Surat,Singanpor,Warehouse,commercial,2304.0,,,,https://www.squareyards.com/property-rates/singanpor-surat,2026-06-25T12:57:25.140609+00:00,locality_synthetic,1500,0,0,34.56,singanpor
Surat,Gujarat,Surat,Singanpor,Warehouse,commercial,2304.0,,,,https://www.squareyards.com/property-rates/singanpor-surat,2026-06-25T12:57:25.140609+00:00,locality_synthetic,3000,0,0,69.12,singanpor
Surat,Gujarat,Surat,Singanpor,Warehouse,commercial,2304.0,,,,https://www.squareyards.com/property-rates/singanpor-surat,2026-06-25T12:57:25.140609+00:00,locality_synthetic,5000,0,0,115.2,singanpor
Surat,Gujarat,Surat,Singanpor,Warehouse,commercial,2304.0,,,,https://www.squareyards.com/property-rates/singanpor-surat,2026-06-25T12:57:25.140609+00:00,locality_synthetic,10000,0,0,230.4,singanpor
Surat,Gujarat,Surat,Singanpor,Retail,commercial,3200.0,,,,https://www.squareyards.com/property-rates/singanpor-surat,2026-06-25T12:57:25.140609+00:00,locality_synthetic,300,0,0,9.6,singanpor
Surat,Gujarat,Surat,Singanpor,Retail,commercial,3200.0,,,,https://www.squareyards.com/property-rates/singanpor-surat,2026-06-25T12:57:25.140609+00:00,locality_synthetic,600,0,0,19.2,singanpor
Surat,Gujarat,Surat,Singanpor,Retail,commercial,3200.0,,,,https://www.squareyards.com/property-rates/singanpor-surat,2026-06-25T12:57:25.140609+00:00,locality_synthetic,1000,0,0,32.0,singanpor
Surat,Gujarat,Surat,Singanpor,Retail,commercial,3200.0,,,,https://www.squareyards.com/property-rates/singanpor-surat,2026-06-25T12:57:25.140609+00:00,locality_synthetic,1800,0,0,57.6,singanpor
Surat,Gujarat,Surat,Surat East,Apartment,residential,2700.0,,,3.62,https://www.squareyards.com/property-rates/surat-east,2026-06-25T12:57:25.140609+00:00,locality_synthetic,550,1,1,14.85,surat east
Surat,Gujarat,Surat,Surat East,Apartment,residential,2700.0,,,3.62,https://www.squareyards.com/property-rates/surat-east,2026-06-25T12:57:25.140609+00:00,locality_synthetic,1050,2,2,28.35,surat east
Surat,Gujarat,Surat,Surat East,Apartment,residential,2700.0,,,3.62,https://www.squareyards.com/property-rates/surat-east,2026-06-25T12:57:25.140609+00:00,locality_synthetic,1450,3,3,39.15,surat east
Surat,Gujarat,Surat,Surat East,Apartment,residential,2700.0,,,3.62,https://www.squareyards.com/property-rates/surat-east,2026-06-25T12:57:25.140609+00:00,locality_synthetic,2000,4,4,54.0,surat east
Surat,Gujarat,Surat,Surat East,Flat,residential,2700.0,,,3.62,https://www.squareyards.com/property-rates/surat-east,2026-06-25T12:57:25.140609+00:00,locality_synthetic,550,1,1,14.85,surat east
Surat,Gujarat,Surat,Surat East,Flat,residential,2700.0,,,3.62,https://www.squareyards.com/property-rates/surat-east,2026-06-25T12:57:25.140609+00:00,locality_synthetic,1050,2,2,28.35,surat east
Surat,Gujarat,Surat,Surat East,Flat,residential,2700.0,,,3.62,https://www.squareyards.com/property-rates/surat-east,2026-06-25T12:57:25.140609+00:00,locality_synthetic,1450,3,3,39.15,surat east
Surat,Gujarat,Surat,Surat East,Flat,residential,2700.0,,,3.62,https://www.squareyards.com/property-rates/surat-east,2026-06-25T12:57:25.140609+00:00,locality_synthetic,2000,4,4,54.0,surat east
Surat,Gujarat,Surat,Surat East,Studio,residential,2484.0,,,3.62,https://www.squareyards.com/property-rates/surat-east,2026-06-25T12:57:25.140609+00:00,locality_synthetic,400,1,1,9.94,surat east
Surat,Gujarat,Surat,Surat East,Studio,residential,2484.0,,,3.62,https://www.squareyards.com/property-rates/surat-east,2026-06-25T12:57:25.140609+00:00,locality_synthetic,500,1,1,12.42,surat east
Surat,Gujarat,Surat,Surat East,Penthouse,residential,3645.0,,,3.62,https://www.squareyards.com/property-rates/surat-east,2026-06-25T12:57:25.140609+00:00,locality_synthetic,1800,3,3,65.61,surat east
Surat,Gujarat,Surat,Surat East,Penthouse,residential,3645.0,,,3.62,https://www.squareyards.com/property-rates/surat-east,2026-06-25T12:57:25.140609+00:00,locality_synthetic,2500,4,4,91.12,surat east
Surat,Gujarat,Surat,Surat East,Penthouse,residential,3645.0,,,3.62,https://www.squareyards.com/property-rates/surat-east,2026-06-25T12:57:25.140609+00:00,locality_synthetic,3200,5,5,116.64,surat east
Surat,Gujarat,Surat,Surat East,Villa,residential,2900.0,,,3.62,https://www.squareyards.com/property-rates/surat-east,2026-06-25T12:57:25.140609+00:00,locality_synthetic,1500,2,2,43.5,surat east
Surat,Gujarat,Surat,Surat East,Villa,residential,2900.0,,,3.62,https://www.squareyards.com/property-rates/surat-east,2026-06-25T12:57:25.140609+00:00,locality_synthetic,2200,3,3,63.8,surat east
Surat,Gujarat,Surat,Surat East,Villa,residential,2900.0,,,3.62,https://www.squareyards.com/property-rates/surat-east,2026-06-25T12:57:25.140609+00:00,locality_synthetic,3000,4,4,87.0,surat east
Surat,Gujarat,Surat,Surat East,Villa,residential,2900.0,,,3.62,https://www.squareyards.com/property-rates/surat-east,2026-06-25T12:57:25.140609+00:00,locality_synthetic,4500,5,5,130.5,surat east
Surat,Gujarat,Surat,Surat East,Bungalow,residential,3132.0,,,3.62,https://www.squareyards.com/property-rates/surat-east,2026-06-25T12:57:25.140609+00:00,locality_synthetic,2500,3,3,78.3,surat east
Surat,Gujarat,Surat,Surat East,Bungalow,residential,3132.0,,,3.62,https://www.squareyards.com/property-rates/surat-east,2026-06-25T12:57:25.140609+00:00,locality_synthetic,3500,4,4,109.62,surat east
Surat,Gujarat,Surat,Surat East,Bungalow,residential,3132.0,,,3.62,https://www.squareyards.com/property-rates/surat-east,2026-06-25T12:57:25.140609+00:00,locality_synthetic,5000,5,5,156.6,surat east
Surat,Gujarat,Surat,Surat East,Bungalow,residential,3132.0,,,3.62,https://www.squareyards.com/property-rates/surat-east,2026-06-25T12:57:25.140609+00:00,locality_synthetic,6500,6,6,203.58,surat east
Surat,Gujarat,Surat,Surat East,House,residential,2842.0,,,3.62,https://www.squareyards.com/property-rates/surat-east,2026-06-25T12:57:25.140609+00:00,locality_synthetic,1200,2,2,34.1,surat east
Surat,Gujarat,Surat,Surat East,House,residential,2842.0,,,3.62,https://www.squareyards.com/property-rates/surat-east,2026-06-25T12:57:25.140609+00:00,locality_synthetic,1800,3,3,51.16,surat east
Surat,Gujarat,Surat,Surat East,House,residential,2842.0,,,3.62,https://www.squareyards.com/property-rates/surat-east,2026-06-25T12:57:25.140609+00:00,locality_synthetic,2400,4,4,68.21,surat east
Surat,Gujarat,Surat,Surat East,House,residential,2842.0,,,3.62,https://www.squareyards.com/property-rates/surat-east,2026-06-25T12:57:25.140609+00:00,locality_synthetic,3200,5,5,90.94,surat east
Surat,Gujarat,Surat,Surat East,Plot,residential,1485.0,,,3.62,https://www.squareyards.com/property-rates/surat-east,2026-06-25T12:57:25.140609+00:00,locality_synthetic,1000,0,0,14.85,surat east
Surat,Gujarat,Surat,Surat East,Plot,residential,1485.0,,,3.62,https://www.squareyards.com/property-rates/surat-east,2026-06-25T12:57:25.140609+00:00,locality_synthetic,1500,0,0,22.27,surat east
Surat,Gujarat,Surat,Surat East,Plot,residential,1485.0,,,3.62,https://www.squareyards.com/property-rates/surat-east,2026-06-25T12:57:25.140609+00:00,locality_synthetic,2400,0,0,35.64,surat east
Surat,Gujarat,Surat,Surat East,Plot,residential,1485.0,,,3.62,https://www.squareyards.com/property-rates/surat-east,2026-06-25T12:57:25.140609+00:00,locality_synthetic,4000,0,0,59.4,surat east
Surat,Gujarat,Surat,Surat East,Shop,commercial,2700.0,,,3.62,https://www.squareyards.com/property-rates/surat-east,2026-06-25T12:57:25.140609+00:00,locality_synthetic,200,0,0,5.4,surat east
Surat,Gujarat,Surat,Surat East,Shop,commercial,2700.0,,,3.62,https://www.squareyards.com/property-rates/surat-east,2026-06-25T12:57:25.140609+00:00,locality_synthetic,400,0,0,10.8,surat east
Surat,Gujarat,Surat,Surat East,Shop,commercial,2700.0,,,3.62,https://www.squareyards.com/property-rates/surat-east,2026-06-25T12:57:25.140609+00:00,locality_synthetic,800,0,0,21.6,surat east
Surat,Gujarat,Surat,Surat East,Shop,commercial,2700.0,,,3.62,https://www.squareyards.com/property-rates/surat-east,2026-06-25T12:57:25.140609+00:00,locality_synthetic,1200,0,0,32.4,surat east
Surat,Gujarat,Surat,Surat East,Showroom,commercial,3024.0,,,3.62,https://www.squareyards.com/property-rates/surat-east,2026-06-25T12:57:25.140609+00:00,locality_synthetic,600,0,0,18.14,surat east
Surat,Gujarat,Surat,Surat East,Showroom,commercial,3024.0,,,3.62,https://www.squareyards.com/property-rates/surat-east,2026-06-25T12:57:25.140609+00:00,locality_synthetic,1200,0,0,36.29,surat east
Surat,Gujarat,Surat,Surat East,Showroom,commercial,3024.0,,,3.62,https://www.squareyards.com/property-rates/surat-east,2026-06-25T12:57:25.140609+00:00,locality_synthetic,2500,0,0,75.6,surat east
Surat,Gujarat,Surat,Surat East,Showroom,commercial,3024.0,,,3.62,https://www.squareyards.com/property-rates/surat-east,2026-06-25T12:57:25.140609+00:00,locality_synthetic,4000,0,0,120.96,surat east
Surat,Gujarat,Surat,Surat East,Office,commercial,2700.0,,,3.62,https://www.squareyards.com/property-rates/surat-east,2026-06-25T12:57:25.140609+00:00,locality_synthetic,500,0,0,13.5,surat east
Surat,Gujarat,Surat,Surat East,Office,commercial,2700.0,,,3.62,https://www.squareyards.com/property-rates/surat-east,2026-06-25T12:57:25.140609+00:00,locality_synthetic,1000,0,0,27.0,surat east
Surat,Gujarat,Surat,Surat East,Office,commercial,2700.0,,,3.62,https://www.squareyards.com/property-rates/surat-east,2026-06-25T12:57:25.140609+00:00,locality_synthetic,2000,0,0,54.0,surat east
Surat,Gujarat,Surat,Surat East,Office,commercial,2700.0,,,3.62,https://www.squareyards.com/property-rates/surat-east,2026-06-25T12:57:25.140609+00:00,locality_synthetic,5000,0,0,135.0,surat east
Surat,Gujarat,Surat,Surat East,Commercial,commercial,2835.0,,,3.62,https://www.squareyards.com/property-rates/surat-east,2026-06-25T12:57:25.140609+00:00,locality_synthetic,500,0,0,14.18,surat east
Surat,Gujarat,Surat,Surat East,Commercial,commercial,2835.0,,,3.62,https://www.squareyards.com/property-rates/surat-east,2026-06-25T12:57:25.140609+00:00,locality_synthetic,1000,0,0,28.35,surat east
Surat,Gujarat,Surat,Surat East,Commercial,commercial,2835.0,,,3.62,https://www.squareyards.com/property-rates/surat-east,2026-06-25T12:57:25.140609+00:00,locality_synthetic,2000,0,0,56.7,surat east
Surat,Gujarat,Surat,Surat East,Commercial,commercial,2835.0,,,3.62,https://www.squareyards.com/property-rates/surat-east,2026-06-25T12:57:25.140609+00:00,locality_synthetic,3500,0,0,99.22,surat east
Surat,Gujarat,Surat,Surat East,Warehouse,commercial,1944.0,,,3.62,https://www.squareyards.com/property-rates/surat-east,2026-06-25T12:57:25.140609+00:00,locality_synthetic,1500,0,0,29.16,surat east
Surat,Gujarat,Surat,Surat East,Warehouse,commercial,1944.0,,,3.62,https://www.squareyards.com/property-rates/surat-east,2026-06-25T12:57:25.140609+00:00,locality_synthetic,3000,0,0,58.32,surat east
Surat,Gujarat,Surat,Surat East,Warehouse,commercial,1944.0,,,3.62,https://www.squareyards.com/property-rates/surat-east,2026-06-25T12:57:25.140609+00:00,locality_synthetic,5000,0,0,97.2,surat east
Surat,Gujarat,Surat,Surat East,Warehouse,commercial,1944.0,,,3.62,https://www.squareyards.com/property-rates/surat-east,2026-06-25T12:57:25.140609+00:00,locality_synthetic,10000,0,0,194.4,surat east
Surat,Gujarat,Surat,Surat East,Retail,commercial,2700.0,,,3.62,https://www.squareyards.com/property-rates/surat-east,2026-06-25T12:57:25.140609+00:00,locality_synthetic,300,0,0,8.1,surat east
Surat,Gujarat,Surat,Surat East,Retail,commercial,2700.0,,,3.62,https://www.squareyards.com/property-rates/surat-east,2026-06-25T12:57:25.140609+00:00,locality_synthetic,600,0,0,16.2,surat east
Surat,Gujarat,Surat,Surat East,Retail,commercial,2700.0,,,3.62,https://www.squareyards.com/property-rates/surat-east,2026-06-25T12:57:25.140609+00:00,locality_synthetic,1000,0,0,27.0,surat east
Surat,Gujarat,Surat,Surat East,Retail,commercial,2700.0,,,3.62,https://www.squareyards.com/property-rates/surat-east,2026-06-25T12:57:25.140609+00:00,locality_synthetic,1800,0,0,48.6,surat east
Surat,Gujarat,Surat,Surat North,Apartment,residential,7050.0,,11.25,1.44,https://www.squareyards.com/property-rates/surat-north,2026-06-25T12:57:25.140609+00:00,locality_synthetic,550,1,1,38.77,surat north
Surat,Gujarat,Surat,Surat North,Apartment,residential,7050.0,,11.25,1.44,https://www.squareyards.com/property-rates/surat-north,2026-06-25T12:57:25.140609+00:00,locality_synthetic,1050,2,2,74.03,surat north
Surat,Gujarat,Surat,Surat North,Apartment,residential,7050.0,,11.25,1.44,https://www.squareyards.com/property-rates/surat-north,2026-06-25T12:57:25.140609+00:00,locality_synthetic,1450,3,3,102.22,surat north
Surat,Gujarat,Surat,Surat North,Apartment,residential,7050.0,,11.25,1.44,https://www.squareyards.com/property-rates/surat-north,2026-06-25T12:57:25.140609+00:00,locality_synthetic,2000,4,4,141.0,surat north
Surat,Gujarat,Surat,Surat North,Flat,residential,7050.0,,11.25,1.44,https://www.squareyards.com/property-rates/surat-north,2026-06-25T12:57:25.140609+00:00,locality_synthetic,550,1,1,38.77,surat north
Surat,Gujarat,Surat,Surat North,Flat,residential,7050.0,,11.25,1.44,https://www.squareyards.com/property-rates/surat-north,2026-06-25T12:57:25.140609+00:00,locality_synthetic,1050,2,2,74.03,surat north
Surat,Gujarat,Surat,Surat North,Flat,residential,7050.0,,11.25,1.44,https://www.squareyards.com/property-rates/surat-north,2026-06-25T12:57:25.140609+00:00,locality_synthetic,1450,3,3,102.22,surat north
Surat,Gujarat,Surat,Surat North,Flat,residential,7050.0,,11.25,1.44,https://www.squareyards.com/property-rates/surat-north,2026-06-25T12:57:25.140609+00:00,locality_synthetic,2000,4,4,141.0,surat north
Surat,Gujarat,Surat,Surat North,Studio,residential,6486.0,,11.25,1.44,https://www.squareyards.com/property-rates/surat-north,2026-06-25T12:57:25.140609+00:00,locality_synthetic,400,1,1,25.94,surat north
Surat,Gujarat,Surat,Surat North,Studio,residential,6486.0,,11.25,1.44,https://www.squareyards.com/property-rates/surat-north,2026-06-25T12:57:25.140609+00:00,locality_synthetic,500,1,1,32.43,surat north
Surat,Gujarat,Surat,Surat North,Penthouse,residential,9517.5,,11.25,1.44,https://www.squareyards.com/property-rates/surat-north,2026-06-25T12:57:25.140609+00:00,locality_synthetic,1800,3,3,171.31,surat north
Surat,Gujarat,Surat,Surat North,Penthouse,residential,9517.5,,11.25,1.44,https://www.squareyards.com/property-rates/surat-north,2026-06-25T12:57:25.140609+00:00,locality_synthetic,2500,4,4,237.94,surat north
Surat,Gujarat,Surat,Surat North,Penthouse,residential,9517.5,,11.25,1.44,https://www.squareyards.com/property-rates/surat-north,2026-06-25T12:57:25.140609+00:00,locality_synthetic,3200,5,5,304.56,surat north
Surat,Gujarat,Surat,Surat North,Villa,residential,4150.0,,11.25,1.44,https://www.squareyards.com/property-rates/surat-north,2026-06-25T12:57:25.140609+00:00,locality_synthetic,1500,2,2,62.25,surat north
Surat,Gujarat,Surat,Surat North,Villa,residential,4150.0,,11.25,1.44,https://www.squareyards.com/property-rates/surat-north,2026-06-25T12:57:25.140609+00:00,locality_synthetic,2200,3,3,91.3,surat north
Surat,Gujarat,Surat,Surat North,Villa,residential,4150.0,,11.25,1.44,https://www.squareyards.com/property-rates/surat-north,2026-06-25T12:57:25.140609+00:00,locality_synthetic,3000,4,4,124.5,surat north
Surat,Gujarat,Surat,Surat North,Villa,residential,4150.0,,11.25,1.44,https://www.squareyards.com/property-rates/surat-north,2026-06-25T12:57:25.140609+00:00,locality_synthetic,4500,5,5,186.75,surat north
Surat,Gujarat,Surat,Surat North,Bungalow,residential,4482.0,,11.25,1.44,https://www.squareyards.com/property-rates/surat-north,2026-06-25T12:57:25.140609+00:00,locality_synthetic,2500,3,3,112.05,surat north
Surat,Gujarat,Surat,Surat North,Bungalow,residential,4482.0,,11.25,1.44,https://www.squareyards.com/property-rates/surat-north,2026-06-25T12:57:25.140609+00:00,locality_synthetic,3500,4,4,156.87,surat north
Surat,Gujarat,Surat,Surat North,Bungalow,residential,4482.0,,11.25,1.44,https://www.squareyards.com/property-rates/surat-north,2026-06-25T12:57:25.140609+00:00,locality_synthetic,5000,5,5,224.1,surat north
Surat,Gujarat,Surat,Surat North,Bungalow,residential,4482.0,,11.25,1.44,https://www.squareyards.com/property-rates/surat-north,2026-06-25T12:57:25.140609+00:00,locality_synthetic,6500,6,6,291.33,surat north
Surat,Gujarat,Surat,Surat North,House,residential,4067.0,,11.25,1.44,https://www.squareyards.com/property-rates/surat-north,2026-06-25T12:57:25.140609+00:00,locality_synthetic,1200,2,2,48.8,surat north
Surat,Gujarat,Surat,Surat North,House,residential,4067.0,,11.25,1.44,https://www.squareyards.com/property-rates/surat-north,2026-06-25T12:57:25.140609+00:00,locality_synthetic,1800,3,3,73.21,surat north
Surat,Gujarat,Surat,Surat North,House,residential,4067.0,,11.25,1.44,https://www.squareyards.com/property-rates/surat-north,2026-06-25T12:57:25.140609+00:00,locality_synthetic,2400,4,4,97.61,surat north
Surat,Gujarat,Surat,Surat North,House,residential,4067.0,,11.25,1.44,https://www.squareyards.com/property-rates/surat-north,2026-06-25T12:57:25.140609+00:00,locality_synthetic,3200,5,5,130.14,surat north
Surat,Gujarat,Surat,Surat North,Plot,residential,3877.5,,11.25,1.44,https://www.squareyards.com/property-rates/surat-north,2026-06-25T12:57:25.140609+00:00,locality_synthetic,1000,0,0,38.77,surat north
Surat,Gujarat,Surat,Surat North,Plot,residential,3877.5,,11.25,1.44,https://www.squareyards.com/property-rates/surat-north,2026-06-25T12:57:25.140609+00:00,locality_synthetic,1500,0,0,58.16,surat north
Surat,Gujarat,Surat,Surat North,Plot,residential,3877.5,,11.25,1.44,https://www.squareyards.com/property-rates/surat-north,2026-06-25T12:57:25.140609+00:00,locality_synthetic,2400,0,0,93.06,surat north
Surat,Gujarat,Surat,Surat North,Plot,residential,3877.5,,11.25,1.44,https://www.squareyards.com/property-rates/surat-north,2026-06-25T12:57:25.140609+00:00,locality_synthetic,4000,0,0,155.1,surat north
Surat,Gujarat,Surat,Surat North,Shop,commercial,16700.0,,11.25,1.44,https://www.squareyards.com/property-rates/surat-north,2026-06-25T12:57:25.140609+00:00,locality_synthetic,200,0,0,33.4,surat north
Surat,Gujarat,Surat,Surat North,Shop,commercial,16700.0,,11.25,1.44,https://www.squareyards.com/property-rates/surat-north,2026-06-25T12:57:25.140609+00:00,locality_synthetic,400,0,0,66.8,surat north
Surat,Gujarat,Surat,Surat North,Shop,commercial,16700.0,,11.25,1.44,https://www.squareyards.com/property-rates/surat-north,2026-06-25T12:57:25.140609+00:00,locality_synthetic,800,0,0,133.6,surat north
Surat,Gujarat,Surat,Surat North,Shop,commercial,16700.0,,11.25,1.44,https://www.squareyards.com/property-rates/surat-north,2026-06-25T12:57:25.140609+00:00,locality_synthetic,1200,0,0,200.4,surat north
Surat,Gujarat,Surat,Surat North,Showroom,commercial,18704.0,,11.25,1.44,https://www.squareyards.com/property-rates/surat-north,2026-06-25T12:57:25.140609+00:00,locality_synthetic,600,0,0,112.22,surat north
Surat,Gujarat,Surat,Surat North,Showroom,commercial,18704.0,,11.25,1.44,https://www.squareyards.com/property-rates/surat-north,2026-06-25T12:57:25.140609+00:00,locality_synthetic,1200,0,0,224.45,surat north
Surat,Gujarat,Surat,Surat North,Showroom,commercial,18704.0,,11.25,1.44,https://www.squareyards.com/property-rates/surat-north,2026-06-25T12:57:25.140609+00:00,locality_synthetic,2500,0,0,467.6,surat north
Surat,Gujarat,Surat,Surat North,Showroom,commercial,18704.0,,11.25,1.44,https://www.squareyards.com/property-rates/surat-north,2026-06-25T12:57:25.140609+00:00,locality_synthetic,4000,0,0,748.16,surat north
Surat,Gujarat,Surat,Surat North,Office,commercial,7050.0,,11.25,1.44,https://www.squareyards.com/property-rates/surat-north,2026-06-25T12:57:25.140609+00:00,locality_synthetic,500,0,0,35.25,surat north
Surat,Gujarat,Surat,Surat North,Office,commercial,7050.0,,11.25,1.44,https://www.squareyards.com/property-rates/surat-north,2026-06-25T12:57:25.140609+00:00,locality_synthetic,1000,0,0,70.5,surat north
Surat,Gujarat,Surat,Surat North,Office,commercial,7050.0,,11.25,1.44,https://www.squareyards.com/property-rates/surat-north,2026-06-25T12:57:25.140609+00:00,locality_synthetic,2000,0,0,141.0,surat north
Surat,Gujarat,Surat,Surat North,Office,commercial,7050.0,,11.25,1.44,https://www.squareyards.com/property-rates/surat-north,2026-06-25T12:57:25.140609+00:00,locality_synthetic,5000,0,0,352.5,surat north
Surat,Gujarat,Surat,Surat North,Commercial,commercial,17535.0,,11.25,1.44,https://www.squareyards.com/property-rates/surat-north,2026-06-25T12:57:25.140609+00:00,locality_synthetic,500,0,0,87.67,surat north
Surat,Gujarat,Surat,Surat North,Commercial,commercial,17535.0,,11.25,1.44,https://www.squareyards.com/property-rates/surat-north,2026-06-25T12:57:25.140609+00:00,locality_synthetic,1000,0,0,175.35,surat north
Surat,Gujarat,Surat,Surat North,Commercial,commercial,17535.0,,11.25,1.44,https://www.squareyards.com/property-rates/surat-north,2026-06-25T12:57:25.140609+00:00,locality_synthetic,2000,0,0,350.7,surat north
Surat,Gujarat,Surat,Surat North,Commercial,commercial,17535.0,,11.25,1.44,https://www.squareyards.com/property-rates/surat-north,2026-06-25T12:57:25.140609+00:00,locality_synthetic,3500,0,0,613.73,surat north
Surat,Gujarat,Surat,Surat North,Warehouse,commercial,12024.0,,11.25,1.44,https://www.squareyards.com/property-rates/surat-north,2026-06-25T12:57:25.140609+00:00,locality_synthetic,1500,0,0,180.36,surat north
Surat,Gujarat,Surat,Surat North,Warehouse,commercial,12024.0,,11.25,1.44,https://www.squareyards.com/property-rates/surat-north,2026-06-25T12:57:25.140609+00:00,locality_synthetic,3000,0,0,360.72,surat north
Surat,Gujarat,Surat,Surat North,Warehouse,commercial,12024.0,,11.25,1.44,https://www.squareyards.com/property-rates/surat-north,2026-06-25T12:57:25.140609+00:00,locality_synthetic,5000,0,0,601.2,surat north
Surat,Gujarat,Surat,Surat North,Warehouse,commercial,12024.0,,11.25,1.44,https://www.squareyards.com/property-rates/surat-north,2026-06-25T12:57:25.140609+00:00,locality_synthetic,10000,0,0,1202.4,surat north
Surat,Gujarat,Surat,Surat North,Retail,commercial,16700.0,,11.25,1.44,https://www.squareyards.com/property-rates/surat-north,2026-06-25T12:57:25.140609+00:00,locality_synthetic,300,0,0,50.1,surat north
Surat,Gujarat,Surat,Surat North,Retail,commercial,16700.0,,11.25,1.44,https://www.squareyards.com/property-rates/surat-north,2026-06-25T12:57:25.140609+00:00,locality_synthetic,600,0,0,100.2,surat north
Surat,Gujarat,Surat,Surat North,Retail,commercial,16700.0,,11.25,1.44,https://www.squareyards.com/property-rates/surat-north,2026-06-25T12:57:25.140609+00:00,locality_synthetic,1000,0,0,167.0,surat north
Surat,Gujarat,Surat,Surat North,Retail,commercial,16700.0,,11.25,1.44,https://www.squareyards.com/property-rates/surat-north,2026-06-25T12:57:25.140609+00:00,locality_synthetic,1800,0,0,300.6,surat north
Surat,Gujarat,Surat,Surat South,Apartment,residential,4500.0,,,-2.39,https://www.squareyards.com/property-rates/surat-south,2026-06-25T12:57:25.140609+00:00,locality_synthetic,550,1,1,24.75,surat south
Surat,Gujarat,Surat,Surat South,Apartment,residential,4500.0,,,-2.39,https://www.squareyards.com/property-rates/surat-south,2026-06-25T12:57:25.140609+00:00,locality_synthetic,1050,2,2,47.25,surat south
Surat,Gujarat,Surat,Surat South,Apartment,residential,4500.0,,,-2.39,https://www.squareyards.com/property-rates/surat-south,2026-06-25T12:57:25.140609+00:00,locality_synthetic,1450,3,3,65.25,surat south
Surat,Gujarat,Surat,Surat South,Apartment,residential,4500.0,,,-2.39,https://www.squareyards.com/property-rates/surat-south,2026-06-25T12:57:25.140609+00:00,locality_synthetic,2000,4,4,90.0,surat south
Surat,Gujarat,Surat,Surat South,Flat,residential,4500.0,,,-2.39,https://www.squareyards.com/property-rates/surat-south,2026-06-25T12:57:25.140609+00:00,locality_synthetic,550,1,1,24.75,surat south
Surat,Gujarat,Surat,Surat South,Flat,residential,4500.0,,,-2.39,https://www.squareyards.com/property-rates/surat-south,2026-06-25T12:57:25.140609+00:00,locality_synthetic,1050,2,2,47.25,surat south
Surat,Gujarat,Surat,Surat South,Flat,residential,4500.0,,,-2.39,https://www.squareyards.com/property-rates/surat-south,2026-06-25T12:57:25.140609+00:00,locality_synthetic,1450,3,3,65.25,surat south
Surat,Gujarat,Surat,Surat South,Flat,residential,4500.0,,,-2.39,https://www.squareyards.com/property-rates/surat-south,2026-06-25T12:57:25.140609+00:00,locality_synthetic,2000,4,4,90.0,surat south
Surat,Gujarat,Surat,Surat South,Studio,residential,4140.0,,,-2.39,https://www.squareyards.com/property-rates/surat-south,2026-06-25T12:57:25.140609+00:00,locality_synthetic,400,1,1,16.56,surat south
Surat,Gujarat,Surat,Surat South,Studio,residential,4140.0,,,-2.39,https://www.squareyards.com/property-rates/surat-south,2026-06-25T12:57:25.140609+00:00,locality_synthetic,500,1,1,20.7,surat south
Surat,Gujarat,Surat,Surat South,Penthouse,residential,6075.0,,,-2.39,https://www.squareyards.com/property-rates/surat-south,2026-06-25T12:57:25.140609+00:00,locality_synthetic,1800,3,3,109.35,surat south
Surat,Gujarat,Surat,Surat South,Penthouse,residential,6075.0,,,-2.39,https://www.squareyards.com/property-rates/surat-south,2026-06-25T12:57:25.140609+00:00,locality_synthetic,2500,4,4,151.88,surat south
Surat,Gujarat,Surat,Surat South,Penthouse,residential,6075.0,,,-2.39,https://www.squareyards.com/property-rates/surat-south,2026-06-25T12:57:25.140609+00:00,locality_synthetic,3200,5,5,194.4,surat south
Surat,Gujarat,Surat,Surat South,Villa,residential,4500.0,,,-2.39,https://www.squareyards.com/property-rates/surat-south,2026-06-25T12:57:25.140609+00:00,locality_synthetic,1500,2,2,67.5,surat south
Surat,Gujarat,Surat,Surat South,Villa,residential,4500.0,,,-2.39,https://www.squareyards.com/property-rates/surat-south,2026-06-25T12:57:25.140609+00:00,locality_synthetic,2200,3,3,99.0,surat south
Surat,Gujarat,Surat,Surat South,Villa,residential,4500.0,,,-2.39,https://www.squareyards.com/property-rates/surat-south,2026-06-25T12:57:25.140609+00:00,locality_synthetic,3000,4,4,135.0,surat south
Surat,Gujarat,Surat,Surat South,Villa,residential,4500.0,,,-2.39,https://www.squareyards.com/property-rates/surat-south,2026-06-25T12:57:25.140609+00:00,locality_synthetic,4500,5,5,202.5,surat south
Surat,Gujarat,Surat,Surat South,Bungalow,residential,4860.0,,,-2.39,https://www.squareyards.com/property-rates/surat-south,2026-06-25T12:57:25.140609+00:00,locality_synthetic,2500,3,3,121.5,surat south
Surat,Gujarat,Surat,Surat South,Bungalow,residential,4860.0,,,-2.39,https://www.squareyards.com/property-rates/surat-south,2026-06-25T12:57:25.140609+00:00,locality_synthetic,3500,4,4,170.1,surat south
Surat,Gujarat,Surat,Surat South,Bungalow,residential,4860.0,,,-2.39,https://www.squareyards.com/property-rates/surat-south,2026-06-25T12:57:25.140609+00:00,locality_synthetic,5000,5,5,243.0,surat south
Surat,Gujarat,Surat,Surat South,Bungalow,residential,4860.0,,,-2.39,https://www.squareyards.com/property-rates/surat-south,2026-06-25T12:57:25.140609+00:00,locality_synthetic,6500,6,6,315.9,surat south
Surat,Gujarat,Surat,Surat South,House,residential,4410.0,,,-2.39,https://www.squareyards.com/property-rates/surat-south,2026-06-25T12:57:25.140609+00:00,locality_synthetic,1200,2,2,52.92,surat south
Surat,Gujarat,Surat,Surat South,House,residential,4410.0,,,-2.39,https://www.squareyards.com/property-rates/surat-south,2026-06-25T12:57:25.140609+00:00,locality_synthetic,1800,3,3,79.38,surat south
Surat,Gujarat,Surat,Surat South,House,residential,4410.0,,,-2.39,https://www.squareyards.com/property-rates/surat-south,2026-06-25T12:57:25.140609+00:00,locality_synthetic,2400,4,4,105.84,surat south
Surat,Gujarat,Surat,Surat South,House,residential,4410.0,,,-2.39,https://www.squareyards.com/property-rates/surat-south,2026-06-25T12:57:25.140609+00:00,locality_synthetic,3200,5,5,141.12,surat south
Surat,Gujarat,Surat,Surat South,Plot,residential,2475.0,,,-2.39,https://www.squareyards.com/property-rates/surat-south,2026-06-25T12:57:25.140609+00:00,locality_synthetic,1000,0,0,24.75,surat south
Surat,Gujarat,Surat,Surat South,Plot,residential,2475.0,,,-2.39,https://www.squareyards.com/property-rates/surat-south,2026-06-25T12:57:25.140609+00:00,locality_synthetic,1500,0,0,37.12,surat south
Surat,Gujarat,Surat,Surat South,Plot,residential,2475.0,,,-2.39,https://www.squareyards.com/property-rates/surat-south,2026-06-25T12:57:25.140609+00:00,locality_synthetic,2400,0,0,59.4,surat south
Surat,Gujarat,Surat,Surat South,Plot,residential,2475.0,,,-2.39,https://www.squareyards.com/property-rates/surat-south,2026-06-25T12:57:25.140609+00:00,locality_synthetic,4000,0,0,99.0,surat south
Surat,Gujarat,Surat,Surat South,Shop,commercial,4500.0,,,-2.39,https://www.squareyards.com/property-rates/surat-south,2026-06-25T12:57:25.140609+00:00,locality_synthetic,200,0,0,9.0,surat south
Surat,Gujarat,Surat,Surat South,Shop,commercial,4500.0,,,-2.39,https://www.squareyards.com/property-rates/surat-south,2026-06-25T12:57:25.140609+00:00,locality_synthetic,400,0,0,18.0,surat south
Surat,Gujarat,Surat,Surat South,Shop,commercial,4500.0,,,-2.39,https://www.squareyards.com/property-rates/surat-south,2026-06-25T12:57:25.140609+00:00,locality_synthetic,800,0,0,36.0,surat south
Surat,Gujarat,Surat,Surat South,Shop,commercial,4500.0,,,-2.39,https://www.squareyards.com/property-rates/surat-south,2026-06-25T12:57:25.140609+00:00,locality_synthetic,1200,0,0,54.0,surat south
Surat,Gujarat,Surat,Surat South,Showroom,commercial,5040.0,,,-2.39,https://www.squareyards.com/property-rates/surat-south,2026-06-25T12:57:25.140609+00:00,locality_synthetic,600,0,0,30.24,surat south
Surat,Gujarat,Surat,Surat South,Showroom,commercial,5040.0,,,-2.39,https://www.squareyards.com/property-rates/surat-south,2026-06-25T12:57:25.140609+00:00,locality_synthetic,1200,0,0,60.48,surat south
Surat,Gujarat,Surat,Surat South,Showroom,commercial,5040.0,,,-2.39,https://www.squareyards.com/property-rates/surat-south,2026-06-25T12:57:25.140609+00:00,locality_synthetic,2500,0,0,126.0,surat south
Surat,Gujarat,Surat,Surat South,Showroom,commercial,5040.0,,,-2.39,https://www.squareyards.com/property-rates/surat-south,2026-06-25T12:57:25.140609+00:00,locality_synthetic,4000,0,0,201.6,surat south
Surat,Gujarat,Surat,Surat South,Commercial,commercial,4725.0,,,-2.39,https://www.squareyards.com/property-rates/surat-south,2026-06-25T12:57:25.140609+00:00,locality_synthetic,500,0,0,23.62,surat south
Surat,Gujarat,Surat,Surat South,Commercial,commercial,4725.0,,,-2.39,https://www.squareyards.com/property-rates/surat-south,2026-06-25T12:57:25.140609+00:00,locality_synthetic,1000,0,0,47.25,surat south
Surat,Gujarat,Surat,Surat South,Commercial,commercial,4725.0,,,-2.39,https://www.squareyards.com/property-rates/surat-south,2026-06-25T12:57:25.140609+00:00,locality_synthetic,2000,0,0,94.5,surat south
Surat,Gujarat,Surat,Surat South,Commercial,commercial,4725.0,,,-2.39,https://www.squareyards.com/property-rates/surat-south,2026-06-25T12:57:25.140609+00:00,locality_synthetic,3500,0,0,165.38,surat south
Surat,Gujarat,Surat,Surat South,Warehouse,commercial,3240.0,,,-2.39,https://www.squareyards.com/property-rates/surat-south,2026-06-25T12:57:25.140609+00:00,locality_synthetic,1500,0,0,48.6,surat south
Surat,Gujarat,Surat,Surat South,Warehouse,commercial,3240.0,,,-2.39,https://www.squareyards.com/property-rates/surat-south,2026-06-25T12:57:25.140609+00:00,locality_synthetic,3000,0,0,97.2,surat south
Surat,Gujarat,Surat,Surat South,Warehouse,commercial,3240.0,,,-2.39,https://www.squareyards.com/property-rates/surat-south,2026-06-25T12:57:25.140609+00:00,locality_synthetic,5000,0,0,162.0,surat south
Surat,Gujarat,Surat,Surat South,Warehouse,commercial,3240.0,,,-2.39,https://www.squareyards.com/property-rates/surat-south,2026-06-25T12:57:25.140609+00:00,locality_synthetic,10000,0,0,324.0,surat south
Surat,Gujarat,Surat,Surat South,Retail,commercial,4500.0,,,-2.39,https://www.squareyards.com/property-rates/surat-south,2026-06-25T12:57:25.140609+00:00,locality_synthetic,300,0,0,13.5,surat south
Surat,Gujarat,Surat,Surat South,Retail,commercial,4500.0,,,-2.39,https://www.squareyards.com/property-rates/surat-south,2026-06-25T12:57:25.140609+00:00,locality_synthetic,600,0,0,27.0,surat south
Surat,Gujarat,Surat,Surat South,Retail,commercial,4500.0,,,-2.39,https://www.squareyards.com/property-rates/surat-south,2026-06-25T12:57:25.140609+00:00,locality_synthetic,1000,0,0,45.0,surat south
Surat,Gujarat,Surat,Surat South,Retail,commercial,4500.0,,,-2.39,https://www.squareyards.com/property-rates/surat-south,2026-06-25T12:57:25.140609+00:00,locality_synthetic,1800,0,0,81.0,surat south
Surat,Gujarat,Surat,Surat West,Apartment,residential,3950.0,,,0.86,https://www.squareyards.com/property-rates/surat-west,2026-06-25T12:57:25.140609+00:00,locality_synthetic,550,1,1,21.73,surat west
Surat,Gujarat,Surat,Surat West,Apartment,residential,3950.0,,,0.86,https://www.squareyards.com/property-rates/surat-west,2026-06-25T12:57:25.140609+00:00,locality_synthetic,1050,2,2,41.48,surat west
Surat,Gujarat,Surat,Surat West,Apartment,residential,3950.0,,,0.86,https://www.squareyards.com/property-rates/surat-west,2026-06-25T12:57:25.140609+00:00,locality_synthetic,1450,3,3,57.27,surat west
Surat,Gujarat,Surat,Surat West,Apartment,residential,3950.0,,,0.86,https://www.squareyards.com/property-rates/surat-west,2026-06-25T12:57:25.140609+00:00,locality_synthetic,2000,4,4,79.0,surat west
Surat,Gujarat,Surat,Surat West,Flat,residential,3950.0,,,0.86,https://www.squareyards.com/property-rates/surat-west,2026-06-25T12:57:25.140609+00:00,locality_synthetic,550,1,1,21.73,surat west
Surat,Gujarat,Surat,Surat West,Flat,residential,3950.0,,,0.86,https://www.squareyards.com/property-rates/surat-west,2026-06-25T12:57:25.140609+00:00,locality_synthetic,1050,2,2,41.48,surat west
Surat,Gujarat,Surat,Surat West,Flat,residential,3950.0,,,0.86,https://www.squareyards.com/property-rates/surat-west,2026-06-25T12:57:25.140609+00:00,locality_synthetic,1450,3,3,57.27,surat west
Surat,Gujarat,Surat,Surat West,Flat,residential,3950.0,,,0.86,https://www.squareyards.com/property-rates/surat-west,2026-06-25T12:57:25.140609+00:00,locality_synthetic,2000,4,4,79.0,surat west
Surat,Gujarat,Surat,Surat West,Studio,residential,3634.0,,,0.86,https://www.squareyards.com/property-rates/surat-west,2026-06-25T12:57:25.140609+00:00,locality_synthetic,400,1,1,14.54,surat west
Surat,Gujarat,Surat,Surat West,Studio,residential,3634.0,,,0.86,https://www.squareyards.com/property-rates/surat-west,2026-06-25T12:57:25.140609+00:00,locality_synthetic,500,1,1,18.17,surat west
Surat,Gujarat,Surat,Surat West,Penthouse,residential,5332.5,,,0.86,https://www.squareyards.com/property-rates/surat-west,2026-06-25T12:57:25.140609+00:00,locality_synthetic,1800,3,3,95.98,surat west
Surat,Gujarat,Surat,Surat West,Penthouse,residential,5332.5,,,0.86,https://www.squareyards.com/property-rates/surat-west,2026-06-25T12:57:25.140609+00:00,locality_synthetic,2500,4,4,133.31,surat west
Surat,Gujarat,Surat,Surat West,Penthouse,residential,5332.5,,,0.86,https://www.squareyards.com/property-rates/surat-west,2026-06-25T12:57:25.140609+00:00,locality_synthetic,3200,5,5,170.64,surat west
Surat,Gujarat,Surat,Surat West,Villa,residential,3900.0,,,0.86,https://www.squareyards.com/property-rates/surat-west,2026-06-25T12:57:25.140609+00:00,locality_synthetic,1500,2,2,58.5,surat west
Surat,Gujarat,Surat,Surat West,Villa,residential,3900.0,,,0.86,https://www.squareyards.com/property-rates/surat-west,2026-06-25T12:57:25.140609+00:00,locality_synthetic,2200,3,3,85.8,surat west
Surat,Gujarat,Surat,Surat West,Villa,residential,3900.0,,,0.86,https://www.squareyards.com/property-rates/surat-west,2026-06-25T12:57:25.140609+00:00,locality_synthetic,3000,4,4,117.0,surat west
Surat,Gujarat,Surat,Surat West,Villa,residential,3900.0,,,0.86,https://www.squareyards.com/property-rates/surat-west,2026-06-25T12:57:25.140609+00:00,locality_synthetic,4500,5,5,175.5,surat west
Surat,Gujarat,Surat,Surat West,Bungalow,residential,4212.0,,,0.86,https://www.squareyards.com/property-rates/surat-west,2026-06-25T12:57:25.140609+00:00,locality_synthetic,2500,3,3,105.3,surat west
Surat,Gujarat,Surat,Surat West,Bungalow,residential,4212.0,,,0.86,https://www.squareyards.com/property-rates/surat-west,2026-06-25T12:57:25.140609+00:00,locality_synthetic,3500,4,4,147.42,surat west
Surat,Gujarat,Surat,Surat West,Bungalow,residential,4212.0,,,0.86,https://www.squareyards.com/property-rates/surat-west,2026-06-25T12:57:25.140609+00:00,locality_synthetic,5000,5,5,210.6,surat west
Surat,Gujarat,Surat,Surat West,Bungalow,residential,4212.0,,,0.86,https://www.squareyards.com/property-rates/surat-west,2026-06-25T12:57:25.140609+00:00,locality_synthetic,6500,6,6,273.78,surat west
Surat,Gujarat,Surat,Surat West,House,residential,3822.0,,,0.86,https://www.squareyards.com/property-rates/surat-west,2026-06-25T12:57:25.140609+00:00,locality_synthetic,1200,2,2,45.86,surat west
Surat,Gujarat,Surat,Surat West,House,residential,3822.0,,,0.86,https://www.squareyards.com/property-rates/surat-west,2026-06-25T12:57:25.140609+00:00,locality_synthetic,1800,3,3,68.8,surat west
Surat,Gujarat,Surat,Surat West,House,residential,3822.0,,,0.86,https://www.squareyards.com/property-rates/surat-west,2026-06-25T12:57:25.140609+00:00,locality_synthetic,2400,4,4,91.73,surat west
Surat,Gujarat,Surat,Surat West,House,residential,3822.0,,,0.86,https://www.squareyards.com/property-rates/surat-west,2026-06-25T12:57:25.140609+00:00,locality_synthetic,3200,5,5,122.3,surat west
Surat,Gujarat,Surat,Surat West,Plot,residential,2172.5,,,0.86,https://www.squareyards.com/property-rates/surat-west,2026-06-25T12:57:25.140609+00:00,locality_synthetic,1000,0,0,21.73,surat west
Surat,Gujarat,Surat,Surat West,Plot,residential,2172.5,,,0.86,https://www.squareyards.com/property-rates/surat-west,2026-06-25T12:57:25.140609+00:00,locality_synthetic,1500,0,0,32.59,surat west
Surat,Gujarat,Surat,Surat West,Plot,residential,2172.5,,,0.86,https://www.squareyards.com/property-rates/surat-west,2026-06-25T12:57:25.140609+00:00,locality_synthetic,2400,0,0,52.14,surat west
Surat,Gujarat,Surat,Surat West,Plot,residential,2172.5,,,0.86,https://www.squareyards.com/property-rates/surat-west,2026-06-25T12:57:25.140609+00:00,locality_synthetic,4000,0,0,86.9,surat west
Surat,Gujarat,Surat,Surat West,Shop,commercial,3950.0,,,0.86,https://www.squareyards.com/property-rates/surat-west,2026-06-25T12:57:25.140609+00:00,locality_synthetic,200,0,0,7.9,surat west
Surat,Gujarat,Surat,Surat West,Shop,commercial,3950.0,,,0.86,https://www.squareyards.com/property-rates/surat-west,2026-06-25T12:57:25.140609+00:00,locality_synthetic,400,0,0,15.8,surat west
Surat,Gujarat,Surat,Surat West,Shop,commercial,3950.0,,,0.86,https://www.squareyards.com/property-rates/surat-west,2026-06-25T12:57:25.140609+00:00,locality_synthetic,800,0,0,31.6,surat west
Surat,Gujarat,Surat,Surat West,Shop,commercial,3950.0,,,0.86,https://www.squareyards.com/property-rates/surat-west,2026-06-25T12:57:25.140609+00:00,locality_synthetic,1200,0,0,47.4,surat west
Surat,Gujarat,Surat,Surat West,Showroom,commercial,4424.0,,,0.86,https://www.squareyards.com/property-rates/surat-west,2026-06-25T12:57:25.140609+00:00,locality_synthetic,600,0,0,26.54,surat west
Surat,Gujarat,Surat,Surat West,Showroom,commercial,4424.0,,,0.86,https://www.squareyards.com/property-rates/surat-west,2026-06-25T12:57:25.140609+00:00,locality_synthetic,1200,0,0,53.09,surat west
Surat,Gujarat,Surat,Surat West,Showroom,commercial,4424.0,,,0.86,https://www.squareyards.com/property-rates/surat-west,2026-06-25T12:57:25.140609+00:00,locality_synthetic,2500,0,0,110.6,surat west
Surat,Gujarat,Surat,Surat West,Showroom,commercial,4424.0,,,0.86,https://www.squareyards.com/property-rates/surat-west,2026-06-25T12:57:25.140609+00:00,locality_synthetic,4000,0,0,176.96,surat west
Surat,Gujarat,Surat,Surat West,Office,commercial,8100.0,,,0.86,https://www.squareyards.com/property-rates/surat-west,2026-06-25T12:57:25.140609+00:00,locality_synthetic,500,0,0,40.5,surat west
Surat,Gujarat,Surat,Surat West,Office,commercial,8100.0,,,0.86,https://www.squareyards.com/property-rates/surat-west,2026-06-25T12:57:25.140609+00:00,locality_synthetic,1000,0,0,81.0,surat west
Surat,Gujarat,Surat,Surat West,Office,commercial,8100.0,,,0.86,https://www.squareyards.com/property-rates/surat-west,2026-06-25T12:57:25.140609+00:00,locality_synthetic,2000,0,0,162.0,surat west
Surat,Gujarat,Surat,Surat West,Office,commercial,8100.0,,,0.86,https://www.squareyards.com/property-rates/surat-west,2026-06-25T12:57:25.140609+00:00,locality_synthetic,5000,0,0,405.0,surat west
Surat,Gujarat,Surat,Surat West,Commercial,commercial,4147.5,,,0.86,https://www.squareyards.com/property-rates/surat-west,2026-06-25T12:57:25.140609+00:00,locality_synthetic,500,0,0,20.74,surat west
Surat,Gujarat,Surat,Surat West,Commercial,commercial,4147.5,,,0.86,https://www.squareyards.com/property-rates/surat-west,2026-06-25T12:57:25.140609+00:00,locality_synthetic,1000,0,0,41.48,surat west
Surat,Gujarat,Surat,Surat West,Commercial,commercial,4147.5,,,0.86,https://www.squareyards.com/property-rates/surat-west,2026-06-25T12:57:25.140609+00:00,locality_synthetic,2000,0,0,82.95,surat west
Surat,Gujarat,Surat,Surat West,Commercial,commercial,4147.5,,,0.86,https://www.squareyards.com/property-rates/surat-west,2026-06-25T12:57:25.140609+00:00,locality_synthetic,3500,0,0,145.16,surat west
Surat,Gujarat,Surat,Surat West,Warehouse,commercial,2844.0,,,0.86,https://www.squareyards.com/property-rates/surat-west,2026-06-25T12:57:25.140609+00:00,locality_synthetic,1500,0,0,42.66,surat west
Surat,Gujarat,Surat,Surat West,Warehouse,commercial,2844.0,,,0.86,https://www.squareyards.com/property-rates/surat-west,2026-06-25T12:57:25.140609+00:00,locality_synthetic,3000,0,0,85.32,surat west
Surat,Gujarat,Surat,Surat West,Warehouse,commercial,2844.0,,,0.86,https://www.squareyards.com/property-rates/surat-west,2026-06-25T12:57:25.140609+00:00,locality_synthetic,5000,0,0,142.2,surat west
Surat,Gujarat,Surat,Surat West,Warehouse,commercial,2844.0,,,0.86,https://www.squareyards.com/property-rates/surat-west,2026-06-25T12:57:25.140609+00:00,locality_synthetic,10000,0,0,284.4,surat west
Surat,Gujarat,Surat,Surat West,Retail,commercial,3950.0,,,0.86,https://www.squareyards.com/property-rates/surat-west,2026-06-25T12:57:25.140609+00:00,locality_synthetic,300,0,0,11.85,surat west
Surat,Gujarat,Surat,Surat West,Retail,commercial,3950.0,,,0.86,https://www.squareyards.com/property-rates/surat-west,2026-06-25T12:57:25.140609+00:00,locality_synthetic,600,0,0,23.7,surat west
Surat,Gujarat,Surat,Surat West,Retail,commercial,3950.0,,,0.86,https://www.squareyards.com/property-rates/surat-west,2026-06-25T12:57:25.140609+00:00,locality_synthetic,1000,0,0,39.5,surat west
Surat,Gujarat,Surat,Surat West,Retail,commercial,3950.0,,,0.86,https://www.squareyards.com/property-rates/surat-west,2026-06-25T12:57:25.140609+00:00,locality_synthetic,1800,0,0,71.1,surat west
Surat,Gujarat,Surat,Udhana,Apartment,residential,2700.0,,,,https://www.squareyards.com/property-rates/udhana-surat,2026-06-25T12:57:25.140609+00:00,locality_synthetic,550,1,1,14.85,udhana
Surat,Gujarat,Surat,Udhana,Apartment,residential,2700.0,,,,https://www.squareyards.com/property-rates/udhana-surat,2026-06-25T12:57:25.140609+00:00,locality_synthetic,1050,2,2,28.35,udhana
Surat,Gujarat,Surat,Udhana,Apartment,residential,2700.0,,,,https://www.squareyards.com/property-rates/udhana-surat,2026-06-25T12:57:25.140609+00:00,locality_synthetic,1450,3,3,39.15,udhana
Surat,Gujarat,Surat,Udhana,Apartment,residential,2700.0,,,,https://www.squareyards.com/property-rates/udhana-surat,2026-06-25T12:57:25.140609+00:00,locality_synthetic,2000,4,4,54.0,udhana
Surat,Gujarat,Surat,Udhana,Flat,residential,2700.0,,,,https://www.squareyards.com/property-rates/udhana-surat,2026-06-25T12:57:25.140609+00:00,locality_synthetic,550,1,1,14.85,udhana
Surat,Gujarat,Surat,Udhana,Flat,residential,2700.0,,,,https://www.squareyards.com/property-rates/udhana-surat,2026-06-25T12:57:25.140609+00:00,locality_synthetic,1050,2,2,28.35,udhana
Surat,Gujarat,Surat,Udhana,Flat,residential,2700.0,,,,https://www.squareyards.com/property-rates/udhana-surat,2026-06-25T12:57:25.140609+00:00,locality_synthetic,1450,3,3,39.15,udhana
Surat,Gujarat,Surat,Udhana,Flat,residential,2700.0,,,,https://www.squareyards.com/property-rates/udhana-surat,2026-06-25T12:57:25.140609+00:00,locality_synthetic,2000,4,4,54.0,udhana
Surat,Gujarat,Surat,Udhana,Studio,residential,2484.0,,,,https://www.squareyards.com/property-rates/udhana-surat,2026-06-25T12:57:25.140609+00:00,locality_synthetic,400,1,1,9.94,udhana
Surat,Gujarat,Surat,Udhana,Studio,residential,2484.0,,,,https://www.squareyards.com/property-rates/udhana-surat,2026-06-25T12:57:25.140609+00:00,locality_synthetic,500,1,1,12.42,udhana
Surat,Gujarat,Surat,Udhana,Penthouse,residential,3645.0,,,,https://www.squareyards.com/property-rates/udhana-surat,2026-06-25T12:57:25.140609+00:00,locality_synthetic,1800,3,3,65.61,udhana
Surat,Gujarat,Surat,Udhana,Penthouse,residential,3645.0,,,,https://www.squareyards.com/property-rates/udhana-surat,2026-06-25T12:57:25.140609+00:00,locality_synthetic,2500,4,4,91.12,udhana
Surat,Gujarat,Surat,Udhana,Penthouse,residential,3645.0,,,,https://www.squareyards.com/property-rates/udhana-surat,2026-06-25T12:57:25.140609+00:00,locality_synthetic,3200,5,5,116.64,udhana
Surat,Gujarat,Surat,Udhana,Villa,residential,2700.0,,,,https://www.squareyards.com/property-rates/udhana-surat,2026-06-25T12:57:25.140609+00:00,locality_synthetic,1500,2,2,40.5,udhana
Surat,Gujarat,Surat,Udhana,Villa,residential,2700.0,,,,https://www.squareyards.com/property-rates/udhana-surat,2026-06-25T12:57:25.140609+00:00,locality_synthetic,2200,3,3,59.4,udhana
Surat,Gujarat,Surat,Udhana,Villa,residential,2700.0,,,,https://www.squareyards.com/property-rates/udhana-surat,2026-06-25T12:57:25.140609+00:00,locality_synthetic,3000,4,4,81.0,udhana
Surat,Gujarat,Surat,Udhana,Villa,residential,2700.0,,,,https://www.squareyards.com/property-rates/udhana-surat,2026-06-25T12:57:25.140609+00:00,locality_synthetic,4500,5,5,121.5,udhana
Surat,Gujarat,Surat,Udhana,Bungalow,residential,2916.0,,,,https://www.squareyards.com/property-rates/udhana-surat,2026-06-25T12:57:25.140609+00:00,locality_synthetic,2500,3,3,72.9,udhana
Surat,Gujarat,Surat,Udhana,Bungalow,residential,2916.0,,,,https://www.squareyards.com/property-rates/udhana-surat,2026-06-25T12:57:25.140609+00:00,locality_synthetic,3500,4,4,102.06,udhana
Surat,Gujarat,Surat,Udhana,Bungalow,residential,2916.0,,,,https://www.squareyards.com/property-rates/udhana-surat,2026-06-25T12:57:25.140609+00:00,locality_synthetic,5000,5,5,145.8,udhana
Surat,Gujarat,Surat,Udhana,Bungalow,residential,2916.0,,,,https://www.squareyards.com/property-rates/udhana-surat,2026-06-25T12:57:25.140609+00:00,locality_synthetic,6500,6,6,189.54,udhana
Surat,Gujarat,Surat,Udhana,House,residential,2646.0,,,,https://www.squareyards.com/property-rates/udhana-surat,2026-06-25T12:57:25.140609+00:00,locality_synthetic,1200,2,2,31.75,udhana
Surat,Gujarat,Surat,Udhana,House,residential,2646.0,,,,https://www.squareyards.com/property-rates/udhana-surat,2026-06-25T12:57:25.140609+00:00,locality_synthetic,1800,3,3,47.63,udhana
Surat,Gujarat,Surat,Udhana,House,residential,2646.0,,,,https://www.squareyards.com/property-rates/udhana-surat,2026-06-25T12:57:25.140609+00:00,locality_synthetic,2400,4,4,63.5,udhana
Surat,Gujarat,Surat,Udhana,House,residential,2646.0,,,,https://www.squareyards.com/property-rates/udhana-surat,2026-06-25T12:57:25.140609+00:00,locality_synthetic,3200,5,5,84.67,udhana
Surat,Gujarat,Surat,Udhana,Plot,residential,1485.0,,,,https://www.squareyards.com/property-rates/udhana-surat,2026-06-25T12:57:25.140609+00:00,locality_synthetic,1000,0,0,14.85,udhana
Surat,Gujarat,Surat,Udhana,Plot,residential,1485.0,,,,https://www.squareyards.com/property-rates/udhana-surat,2026-06-25T12:57:25.140609+00:00,locality_synthetic,1500,0,0,22.27,udhana
Surat,Gujarat,Surat,Udhana,Plot,residential,1485.0,,,,https://www.squareyards.com/property-rates/udhana-surat,2026-06-25T12:57:25.140609+00:00,locality_synthetic,2400,0,0,35.64,udhana
Surat,Gujarat,Surat,Udhana,Plot,residential,1485.0,,,,https://www.squareyards.com/property-rates/udhana-surat,2026-06-25T12:57:25.140609+00:00,locality_synthetic,4000,0,0,59.4,udhana
Surat,Gujarat,Surat,Udhana,Shop,commercial,2700.0,,,,https://www.squareyards.com/property-rates/udhana-surat,2026-06-25T12:57:25.140609+00:00,locality_synthetic,200,0,0,5.4,udhana
Surat,Gujarat,Surat,Udhana,Shop,commercial,2700.0,,,,https://www.squareyards.com/property-rates/udhana-surat,2026-06-25T12:57:25.140609+00:00,locality_synthetic,400,0,0,10.8,udhana
Surat,Gujarat,Surat,Udhana,Shop,commercial,2700.0,,,,https://www.squareyards.com/property-rates/udhana-surat,2026-06-25T12:57:25.140609+00:00,locality_synthetic,800,0,0,21.6,udhana
Surat,Gujarat,Surat,Udhana,Shop,commercial,2700.0,,,,https://www.squareyards.com/property-rates/udhana-surat,2026-06-25T12:57:25.140609+00:00,locality_synthetic,1200,0,0,32.4,udhana
Surat,Gujarat,Surat,Udhana,Showroom,commercial,3024.0,,,,https://www.squareyards.com/property-rates/udhana-surat,2026-06-25T12:57:25.140609+00:00,locality_synthetic,600,0,0,18.14,udhana
Surat,Gujarat,Surat,Udhana,Showroom,commercial,3024.0,,,,https://www.squareyards.com/property-rates/udhana-surat,2026-06-25T12:57:25.140609+00:00,locality_synthetic,1200,0,0,36.29,udhana
Surat,Gujarat,Surat,Udhana,Showroom,commercial,3024.0,,,,https://www.squareyards.com/property-rates/udhana-surat,2026-06-25T12:57:25.140609+00:00,locality_synthetic,2500,0,0,75.6,udhana
Surat,Gujarat,Surat,Udhana,Showroom,commercial,3024.0,,,,https://www.squareyards.com/property-rates/udhana-surat,2026-06-25T12:57:25.140609+00:00,locality_synthetic,4000,0,0,120.96,udhana
Surat,Gujarat,Surat,Udhana,Office,commercial,2700.0,,,,https://www.squareyards.com/property-rates/udhana-surat,2026-06-25T12:57:25.140609+00:00,locality_synthetic,500,0,0,13.5,udhana
Surat,Gujarat,Surat,Udhana,Office,commercial,2700.0,,,,https://www.squareyards.com/property-rates/udhana-surat,2026-06-25T12:57:25.140609+00:00,locality_synthetic,1000,0,0,27.0,udhana
Surat,Gujarat,Surat,Udhana,Office,commercial,2700.0,,,,https://www.squareyards.com/property-rates/udhana-surat,2026-06-25T12:57:25.140609+00:00,locality_synthetic,2000,0,0,54.0,udhana
Surat,Gujarat,Surat,Udhana,Office,commercial,2700.0,,,,https://www.squareyards.com/property-rates/udhana-surat,2026-06-25T12:57:25.140609+00:00,locality_synthetic,5000,0,0,135.0,udhana
Surat,Gujarat,Surat,Udhana,Commercial,commercial,2835.0,,,,https://www.squareyards.com/property-rates/udhana-surat,2026-06-25T12:57:25.140609+00:00,locality_synthetic,500,0,0,14.18,udhana
Surat,Gujarat,Surat,Udhana,Commercial,commercial,2835.0,,,,https://www.squareyards.com/property-rates/udhana-surat,2026-06-25T12:57:25.140609+00:00,locality_synthetic,1000,0,0,28.35,udhana
Surat,Gujarat,Surat,Udhana,Commercial,commercial,2835.0,,,,https://www.squareyards.com/property-rates/udhana-surat,2026-06-25T12:57:25.140609+00:00,locality_synthetic,2000,0,0,56.7,udhana
Surat,Gujarat,Surat,Udhana,Commercial,commercial,2835.0,,,,https://www.squareyards.com/property-rates/udhana-surat,2026-06-25T12:57:25.140609+00:00,locality_synthetic,3500,0,0,99.22,udhana
Surat,Gujarat,Surat,Udhana,Warehouse,commercial,1944.0,,,,https://www.squareyards.com/property-rates/udhana-surat,2026-06-25T12:57:25.140609+00:00,locality_synthetic,1500,0,0,29.16,udhana
Surat,Gujarat,Surat,Udhana,Warehouse,commercial,1944.0,,,,https://www.squareyards.com/property-rates/udhana-surat,2026-06-25T12:57:25.140609+00:00,locality_synthetic,3000,0,0,58.32,udhana
Surat,Gujarat,Surat,Udhana,Warehouse,commercial,1944.0,,,,https://www.squareyards.com/property-rates/udhana-surat,2026-06-25T12:57:25.140609+00:00,locality_synthetic,5000,0,0,97.2,udhana
Surat,Gujarat,Surat,Udhana,Warehouse,commercial,1944.0,,,,https://www.squareyards.com/property-rates/udhana-surat,2026-06-25T12:57:25.140609+00:00,locality_synthetic,10000,0,0,194.4,udhana
Surat,Gujarat,Surat,Udhana,Retail,commercial,2700.0,,,,https://www.squareyards.com/property-rates/udhana-surat,2026-06-25T12:57:25.140609+00:00,locality_synthetic,300,0,0,8.1,udhana
Surat,Gujarat,Surat,Udhana,Retail,commercial,2700.0,,,,https://www.squareyards.com/property-rates/udhana-surat,2026-06-25T12:57:25.140609+00:00,locality_synthetic,600,0,0,16.2,udhana
Surat,Gujarat,Surat,Udhana,Retail,commercial,2700.0,,,,https://www.squareyards.com/property-rates/udhana-surat,2026-06-25T12:57:25.140609+00:00,locality_synthetic,1000,0,0,27.0,udhana
Surat,Gujarat,Surat,Udhana,Retail,commercial,2700.0,,,,https://www.squareyards.com/property-rates/udhana-surat,2026-06-25T12:57:25.140609+00:00,locality_synthetic,1800,0,0,48.6,udhana
Surat,Gujarat,Surat,Varachha,Apartment,residential,2950.0,,,,https://www.squareyards.com/property-rates/varachha-surat,2026-06-25T12:57:25.140609+00:00,locality_synthetic,550,1,1,16.23,varachha
Surat,Gujarat,Surat,Varachha,Apartment,residential,2950.0,,,,https://www.squareyards.com/property-rates/varachha-surat,2026-06-25T12:57:25.140609+00:00,locality_synthetic,1050,2,2,30.98,varachha
Surat,Gujarat,Surat,Varachha,Apartment,residential,2950.0,,,,https://www.squareyards.com/property-rates/varachha-surat,2026-06-25T12:57:25.140609+00:00,locality_synthetic,1450,3,3,42.77,varachha
Surat,Gujarat,Surat,Varachha,Apartment,residential,2950.0,,,,https://www.squareyards.com/property-rates/varachha-surat,2026-06-25T12:57:25.140609+00:00,locality_synthetic,2000,4,4,59.0,varachha
Surat,Gujarat,Surat,Varachha,Flat,residential,2950.0,,,,https://www.squareyards.com/property-rates/varachha-surat,2026-06-25T12:57:25.140609+00:00,locality_synthetic,550,1,1,16.23,varachha
Surat,Gujarat,Surat,Varachha,Flat,residential,2950.0,,,,https://www.squareyards.com/property-rates/varachha-surat,2026-06-25T12:57:25.140609+00:00,locality_synthetic,1050,2,2,30.98,varachha
Surat,Gujarat,Surat,Varachha,Flat,residential,2950.0,,,,https://www.squareyards.com/property-rates/varachha-surat,2026-06-25T12:57:25.140609+00:00,locality_synthetic,1450,3,3,42.77,varachha
Surat,Gujarat,Surat,Varachha,Flat,residential,2950.0,,,,https://www.squareyards.com/property-rates/varachha-surat,2026-06-25T12:57:25.140609+00:00,locality_synthetic,2000,4,4,59.0,varachha
Surat,Gujarat,Surat,Varachha,Studio,residential,2714.0,,,,https://www.squareyards.com/property-rates/varachha-surat,2026-06-25T12:57:25.140609+00:00,locality_synthetic,400,1,1,10.86,varachha
Surat,Gujarat,Surat,Varachha,Studio,residential,2714.0,,,,https://www.squareyards.com/property-rates/varachha-surat,2026-06-25T12:57:25.140609+00:00,locality_synthetic,500,1,1,13.57,varachha
Surat,Gujarat,Surat,Varachha,Penthouse,residential,3982.5,,,,https://www.squareyards.com/property-rates/varachha-surat,2026-06-25T12:57:25.140609+00:00,locality_synthetic,1800,3,3,71.69,varachha
Surat,Gujarat,Surat,Varachha,Penthouse,residential,3982.5,,,,https://www.squareyards.com/property-rates/varachha-surat,2026-06-25T12:57:25.140609+00:00,locality_synthetic,2500,4,4,99.56,varachha
Surat,Gujarat,Surat,Varachha,Penthouse,residential,3982.5,,,,https://www.squareyards.com/property-rates/varachha-surat,2026-06-25T12:57:25.140609+00:00,locality_synthetic,3200,5,5,127.44,varachha
Surat,Gujarat,Surat,Varachha,Villa,residential,2950.0,,,,https://www.squareyards.com/property-rates/varachha-surat,2026-06-25T12:57:25.140609+00:00,locality_synthetic,1500,2,2,44.25,varachha
Surat,Gujarat,Surat,Varachha,Villa,residential,2950.0,,,,https://www.squareyards.com/property-rates/varachha-surat,2026-06-25T12:57:25.140609+00:00,locality_synthetic,2200,3,3,64.9,varachha
Surat,Gujarat,Surat,Varachha,Villa,residential,2950.0,,,,https://www.squareyards.com/property-rates/varachha-surat,2026-06-25T12:57:25.140609+00:00,locality_synthetic,3000,4,4,88.5,varachha
Surat,Gujarat,Surat,Varachha,Villa,residential,2950.0,,,,https://www.squareyards.com/property-rates/varachha-surat,2026-06-25T12:57:25.140609+00:00,locality_synthetic,4500,5,5,132.75,varachha
Surat,Gujarat,Surat,Varachha,Bungalow,residential,3186.0,,,,https://www.squareyards.com/property-rates/varachha-surat,2026-06-25T12:57:25.140609+00:00,locality_synthetic,2500,3,3,79.65,varachha
Surat,Gujarat,Surat,Varachha,Bungalow,residential,3186.0,,,,https://www.squareyards.com/property-rates/varachha-surat,2026-06-25T12:57:25.140609+00:00,locality_synthetic,3500,4,4,111.51,varachha
Surat,Gujarat,Surat,Varachha,Bungalow,residential,3186.0,,,,https://www.squareyards.com/property-rates/varachha-surat,2026-06-25T12:57:25.140609+00:00,locality_synthetic,5000,5,5,159.3,varachha
Surat,Gujarat,Surat,Varachha,Bungalow,residential,3186.0,,,,https://www.squareyards.com/property-rates/varachha-surat,2026-06-25T12:57:25.140609+00:00,locality_synthetic,6500,6,6,207.09,varachha
Surat,Gujarat,Surat,Varachha,House,residential,2891.0,,,,https://www.squareyards.com/property-rates/varachha-surat,2026-06-25T12:57:25.140609+00:00,locality_synthetic,1200,2,2,34.69,varachha
Surat,Gujarat,Surat,Varachha,House,residential,2891.0,,,,https://www.squareyards.com/property-rates/varachha-surat,2026-06-25T12:57:25.140609+00:00,locality_synthetic,1800,3,3,52.04,varachha
Surat,Gujarat,Surat,Varachha,House,residential,2891.0,,,,https://www.squareyards.com/property-rates/varachha-surat,2026-06-25T12:57:25.140609+00:00,locality_synthetic,2400,4,4,69.38,varachha
Surat,Gujarat,Surat,Varachha,House,residential,2891.0,,,,https://www.squareyards.com/property-rates/varachha-surat,2026-06-25T12:57:25.140609+00:00,locality_synthetic,3200,5,5,92.51,varachha
Surat,Gujarat,Surat,Varachha,Plot,residential,1622.5,,,,https://www.squareyards.com/property-rates/varachha-surat,2026-06-25T12:57:25.140609+00:00,locality_synthetic,1000,0,0,16.23,varachha
Surat,Gujarat,Surat,Varachha,Plot,residential,1622.5,,,,https://www.squareyards.com/property-rates/varachha-surat,2026-06-25T12:57:25.140609+00:00,locality_synthetic,1500,0,0,24.34,varachha
Surat,Gujarat,Surat,Varachha,Plot,residential,1622.5,,,,https://www.squareyards.com/property-rates/varachha-surat,2026-06-25T12:57:25.140609+00:00,locality_synthetic,2400,0,0,38.94,varachha
Surat,Gujarat,Surat,Varachha,Plot,residential,1622.5,,,,https://www.squareyards.com/property-rates/varachha-surat,2026-06-25T12:57:25.140609+00:00,locality_synthetic,4000,0,0,64.9,varachha
Surat,Gujarat,Surat,Varachha,Shop,commercial,2950.0,,,,https://www.squareyards.com/property-rates/varachha-surat,2026-06-25T12:57:25.140609+00:00,locality_synthetic,200,0,0,5.9,varachha
Surat,Gujarat,Surat,Varachha,Shop,commercial,2950.0,,,,https://www.squareyards.com/property-rates/varachha-surat,2026-06-25T12:57:25.140609+00:00,locality_synthetic,400,0,0,11.8,varachha
Surat,Gujarat,Surat,Varachha,Shop,commercial,2950.0,,,,https://www.squareyards.com/property-rates/varachha-surat,2026-06-25T12:57:25.140609+00:00,locality_synthetic,800,0,0,23.6,varachha
Surat,Gujarat,Surat,Varachha,Shop,commercial,2950.0,,,,https://www.squareyards.com/property-rates/varachha-surat,2026-06-25T12:57:25.140609+00:00,locality_synthetic,1200,0,0,35.4,varachha
Surat,Gujarat,Surat,Varachha,Showroom,commercial,3304.0,,,,https://www.squareyards.com/property-rates/varachha-surat,2026-06-25T12:57:25.140609+00:00,locality_synthetic,600,0,0,19.82,varachha
Surat,Gujarat,Surat,Varachha,Showroom,commercial,3304.0,,,,https://www.squareyards.com/property-rates/varachha-surat,2026-06-25T12:57:25.140609+00:00,locality_synthetic,1200,0,0,39.65,varachha
Surat,Gujarat,Surat,Varachha,Showroom,commercial,3304.0,,,,https://www.squareyards.com/property-rates/varachha-surat,2026-06-25T12:57:25.140609+00:00,locality_synthetic,2500,0,0,82.6,varachha
Surat,Gujarat,Surat,Varachha,Showroom,commercial,3304.0,,,,https://www.squareyards.com/property-rates/varachha-surat,2026-06-25T12:57:25.140609+00:00,locality_synthetic,4000,0,0,132.16,varachha
Surat,Gujarat,Surat,Varachha,Office,commercial,2950.0,,,,https://www.squareyards.com/property-rates/varachha-surat,2026-06-25T12:57:25.140609+00:00,locality_synthetic,500,0,0,14.75,varachha
Surat,Gujarat,Surat,Varachha,Office,commercial,2950.0,,,,https://www.squareyards.com/property-rates/varachha-surat,2026-06-25T12:57:25.140609+00:00,locality_synthetic,1000,0,0,29.5,varachha
Surat,Gujarat,Surat,Varachha,Office,commercial,2950.0,,,,https://www.squareyards.com/property-rates/varachha-surat,2026-06-25T12:57:25.140609+00:00,locality_synthetic,2000,0,0,59.0,varachha
Surat,Gujarat,Surat,Varachha,Office,commercial,2950.0,,,,https://www.squareyards.com/property-rates/varachha-surat,2026-06-25T12:57:25.140609+00:00,locality_synthetic,5000,0,0,147.5,varachha
Surat,Gujarat,Surat,Varachha,Commercial,commercial,3097.5,,,,https://www.squareyards.com/property-rates/varachha-surat,2026-06-25T12:57:25.140609+00:00,locality_synthetic,500,0,0,15.49,varachha
Surat,Gujarat,Surat,Varachha,Commercial,commercial,3097.5,,,,https://www.squareyards.com/property-rates/varachha-surat,2026-06-25T12:57:25.140609+00:00,locality_synthetic,1000,0,0,30.98,varachha
Surat,Gujarat,Surat,Varachha,Commercial,commercial,3097.5,,,,https://www.squareyards.com/property-rates/varachha-surat,2026-06-25T12:57:25.140609+00:00,locality_synthetic,2000,0,0,61.95,varachha
Surat,Gujarat,Surat,Varachha,Commercial,commercial,3097.5,,,,https://www.squareyards.com/property-rates/varachha-surat,2026-06-25T12:57:25.140609+00:00,locality_synthetic,3500,0,0,108.41,varachha
Surat,Gujarat,Surat,Varachha,Warehouse,commercial,2124.0,,,,https://www.squareyards.com/property-rates/varachha-surat,2026-06-25T12:57:25.140609+00:00,locality_synthetic,1500,0,0,31.86,varachha
Surat,Gujarat,Surat,Varachha,Warehouse,commercial,2124.0,,,,https://www.squareyards.com/property-rates/varachha-surat,2026-06-25T12:57:25.140609+00:00,locality_synthetic,3000,0,0,63.72,varachha
Surat,Gujarat,Surat,Varachha,Warehouse,commercial,2124.0,,,,https://www.squareyards.com/property-rates/varachha-surat,2026-06-25T12:57:25.140609+00:00,locality_synthetic,5000,0,0,106.2,varachha
Surat,Gujarat,Surat,Varachha,Warehouse,commercial,2124.0,,,,https://www.squareyards.com/property-rates/varachha-surat,2026-06-25T12:57:25.140609+00:00,locality_synthetic,10000,0,0,212.4,varachha
Surat,Gujarat,Surat,Varachha,Retail,commercial,2950.0,,,,https://www.squareyards.com/property-rates/varachha-surat,2026-06-25T12:57:25.140609+00:00,locality_synthetic,300,0,0,8.85,varachha
Surat,Gujarat,Surat,Varachha,Retail,commercial,2950.0,,,,https://www.squareyards.com/property-rates/varachha-surat,2026-06-25T12:57:25.140609+00:00,locality_synthetic,600,0,0,17.7,varachha
Surat,Gujarat,Surat,Varachha,Retail,commercial,2950.0,,,,https://www.squareyards.com/property-rates/varachha-surat,2026-06-25T12:57:25.140609+00:00,locality_synthetic,1000,0,0,29.5,varachha
Surat,Gujarat,Surat,Varachha,Retail,commercial,2950.0,,,,https://www.squareyards.com/property-rates/varachha-surat,2026-06-25T12:57:25.140609+00:00,locality_synthetic,1800,0,0,53.1,varachha
Surat,Gujarat,Surat,Vesu,Apartment,residential,5400.0,,4.89,-1.49,https://www.squareyards.com/property-rates/vesu-surat,2026-06-25T12:57:25.140609+00:00,locality_synthetic,550,1,1,29.7,vesu
Surat,Gujarat,Surat,Vesu,Apartment,residential,5400.0,,4.89,-1.49,https://www.squareyards.com/property-rates/vesu-surat,2026-06-25T12:57:25.140609+00:00,locality_synthetic,1050,2,2,56.7,vesu
Surat,Gujarat,Surat,Vesu,Apartment,residential,5400.0,,4.89,-1.49,https://www.squareyards.com/property-rates/vesu-surat,2026-06-25T12:57:25.140609+00:00,locality_synthetic,1450,3,3,78.3,vesu
Surat,Gujarat,Surat,Vesu,Apartment,residential,5400.0,,4.89,-1.49,https://www.squareyards.com/property-rates/vesu-surat,2026-06-25T12:57:25.140609+00:00,locality_synthetic,2000,4,4,108.0,vesu
Surat,Gujarat,Surat,Vesu,Flat,residential,5400.0,,4.89,-1.49,https://www.squareyards.com/property-rates/vesu-surat,2026-06-25T12:57:25.140609+00:00,locality_synthetic,550,1,1,29.7,vesu
Surat,Gujarat,Surat,Vesu,Flat,residential,5400.0,,4.89,-1.49,https://www.squareyards.com/property-rates/vesu-surat,2026-06-25T12:57:25.140609+00:00,locality_synthetic,1050,2,2,56.7,vesu
Surat,Gujarat,Surat,Vesu,Flat,residential,5400.0,,4.89,-1.49,https://www.squareyards.com/property-rates/vesu-surat,2026-06-25T12:57:25.140609+00:00,locality_synthetic,1450,3,3,78.3,vesu
Surat,Gujarat,Surat,Vesu,Flat,residential,5400.0,,4.89,-1.49,https://www.squareyards.com/property-rates/vesu-surat,2026-06-25T12:57:25.140609+00:00,locality_synthetic,2000,4,4,108.0,vesu
Surat,Gujarat,Surat,Vesu,Studio,residential,4968.0,,4.89,-1.49,https://www.squareyards.com/property-rates/vesu-surat,2026-06-25T12:57:25.140609+00:00,locality_synthetic,400,1,1,19.87,vesu
Surat,Gujarat,Surat,Vesu,Studio,residential,4968.0,,4.89,-1.49,https://www.squareyards.com/property-rates/vesu-surat,2026-06-25T12:57:25.140609+00:00,locality_synthetic,500,1,1,24.84,vesu
Surat,Gujarat,Surat,Vesu,Penthouse,residential,7290.0,,4.89,-1.49,https://www.squareyards.com/property-rates/vesu-surat,2026-06-25T12:57:25.140609+00:00,locality_synthetic,1800,3,3,131.22,vesu
Surat,Gujarat,Surat,Vesu,Penthouse,residential,7290.0,,4.89,-1.49,https://www.squareyards.com/property-rates/vesu-surat,2026-06-25T12:57:25.140609+00:00,locality_synthetic,2500,4,4,182.25,vesu
Surat,Gujarat,Surat,Vesu,Penthouse,residential,7290.0,,4.89,-1.49,https://www.squareyards.com/property-rates/vesu-surat,2026-06-25T12:57:25.140609+00:00,locality_synthetic,3200,5,5,233.28,vesu
Surat,Gujarat,Surat,Vesu,Villa,residential,5400.0,,4.89,-1.49,https://www.squareyards.com/property-rates/vesu-surat,2026-06-25T12:57:25.140609+00:00,locality_synthetic,1500,2,2,81.0,vesu
Surat,Gujarat,Surat,Vesu,Villa,residential,5400.0,,4.89,-1.49,https://www.squareyards.com/property-rates/vesu-surat,2026-06-25T12:57:25.140609+00:00,locality_synthetic,2200,3,3,118.8,vesu
Surat,Gujarat,Surat,Vesu,Villa,residential,5400.0,,4.89,-1.49,https://www.squareyards.com/property-rates/vesu-surat,2026-06-25T12:57:25.140609+00:00,locality_synthetic,3000,4,4,162.0,vesu
Surat,Gujarat,Surat,Vesu,Villa,residential,5400.0,,4.89,-1.49,https://www.squareyards.com/property-rates/vesu-surat,2026-06-25T12:57:25.140609+00:00,locality_synthetic,4500,5,5,243.0,vesu
Surat,Gujarat,Surat,Vesu,Bungalow,residential,5832.0,,4.89,-1.49,https://www.squareyards.com/property-rates/vesu-surat,2026-06-25T12:57:25.140609+00:00,locality_synthetic,2500,3,3,145.8,vesu
Surat,Gujarat,Surat,Vesu,Bungalow,residential,5832.0,,4.89,-1.49,https://www.squareyards.com/property-rates/vesu-surat,2026-06-25T12:57:25.140609+00:00,locality_synthetic,3500,4,4,204.12,vesu
Surat,Gujarat,Surat,Vesu,Bungalow,residential,5832.0,,4.89,-1.49,https://www.squareyards.com/property-rates/vesu-surat,2026-06-25T12:57:25.140609+00:00,locality_synthetic,5000,5,5,291.6,vesu
Surat,Gujarat,Surat,Vesu,Bungalow,residential,5832.0,,4.89,-1.49,https://www.squareyards.com/property-rates/vesu-surat,2026-06-25T12:57:25.140609+00:00,locality_synthetic,6500,6,6,379.08,vesu
Surat,Gujarat,Surat,Vesu,House,residential,5292.0,,4.89,-1.49,https://www.squareyards.com/property-rates/vesu-surat,2026-06-25T12:57:25.140609+00:00,locality_synthetic,1200,2,2,63.5,vesu
Surat,Gujarat,Surat,Vesu,House,residential,5292.0,,4.89,-1.49,https://www.squareyards.com/property-rates/vesu-surat,2026-06-25T12:57:25.140609+00:00,locality_synthetic,1800,3,3,95.26,vesu
Surat,Gujarat,Surat,Vesu,House,residential,5292.0,,4.89,-1.49,https://www.squareyards.com/property-rates/vesu-surat,2026-06-25T12:57:25.140609+00:00,locality_synthetic,2400,4,4,127.01,vesu
Surat,Gujarat,Surat,Vesu,House,residential,5292.0,,4.89,-1.49,https://www.squareyards.com/property-rates/vesu-surat,2026-06-25T12:57:25.140609+00:00,locality_synthetic,3200,5,5,169.34,vesu
Surat,Gujarat,Surat,Vesu,Plot,residential,2970.0,,4.89,-1.49,https://www.squareyards.com/property-rates/vesu-surat,2026-06-25T12:57:25.140609+00:00,locality_synthetic,1000,0,0,29.7,vesu
Surat,Gujarat,Surat,Vesu,Plot,residential,2970.0,,4.89,-1.49,https://www.squareyards.com/property-rates/vesu-surat,2026-06-25T12:57:25.140609+00:00,locality_synthetic,1500,0,0,44.55,vesu
Surat,Gujarat,Surat,Vesu,Plot,residential,2970.0,,4.89,-1.49,https://www.squareyards.com/property-rates/vesu-surat,2026-06-25T12:57:25.140609+00:00,locality_synthetic,2400,0,0,71.28,vesu
Surat,Gujarat,Surat,Vesu,Plot,residential,2970.0,,4.89,-1.49,https://www.squareyards.com/property-rates/vesu-surat,2026-06-25T12:57:25.140609+00:00,locality_synthetic,4000,0,0,118.8,vesu
Surat,Gujarat,Surat,Vesu,Shop,commercial,22550.0,,4.89,-1.49,https://www.squareyards.com/property-rates/vesu-surat,2026-06-25T12:57:25.140609+00:00,locality_synthetic,200,0,0,45.1,vesu
Surat,Gujarat,Surat,Vesu,Shop,commercial,22550.0,,4.89,-1.49,https://www.squareyards.com/property-rates/vesu-surat,2026-06-25T12:57:25.140609+00:00,locality_synthetic,400,0,0,90.2,vesu
Surat,Gujarat,Surat,Vesu,Shop,commercial,22550.0,,4.89,-1.49,https://www.squareyards.com/property-rates/vesu-surat,2026-06-25T12:57:25.140609+00:00,locality_synthetic,800,0,0,180.4,vesu
Surat,Gujarat,Surat,Vesu,Shop,commercial,22550.0,,4.89,-1.49,https://www.squareyards.com/property-rates/vesu-surat,2026-06-25T12:57:25.140609+00:00,locality_synthetic,1200,0,0,270.6,vesu
Surat,Gujarat,Surat,Vesu,Showroom,commercial,25256.0,,4.89,-1.49,https://www.squareyards.com/property-rates/vesu-surat,2026-06-25T12:57:25.140609+00:00,locality_synthetic,600,0,0,151.54,vesu
Surat,Gujarat,Surat,Vesu,Showroom,commercial,25256.0,,4.89,-1.49,https://www.squareyards.com/property-rates/vesu-surat,2026-06-25T12:57:25.140609+00:00,locality_synthetic,1200,0,0,303.07,vesu
Surat,Gujarat,Surat,Vesu,Showroom,commercial,25256.0,,4.89,-1.49,https://www.squareyards.com/property-rates/vesu-surat,2026-06-25T12:57:25.140609+00:00,locality_synthetic,2500,0,0,631.4,vesu
Surat,Gujarat,Surat,Vesu,Showroom,commercial,25256.0,,4.89,-1.49,https://www.squareyards.com/property-rates/vesu-surat,2026-06-25T12:57:25.140609+00:00,locality_synthetic,4000,0,0,1010.24,vesu
Surat,Gujarat,Surat,Vesu,Office,commercial,5400.0,,4.89,-1.49,https://www.squareyards.com/property-rates/vesu-surat,2026-06-25T12:57:25.140609+00:00,locality_synthetic,500,0,0,27.0,vesu
Surat,Gujarat,Surat,Vesu,Office,commercial,5400.0,,4.89,-1.49,https://www.squareyards.com/property-rates/vesu-surat,2026-06-25T12:57:25.140609+00:00,locality_synthetic,1000,0,0,54.0,vesu
Surat,Gujarat,Surat,Vesu,Office,commercial,5400.0,,4.89,-1.49,https://www.squareyards.com/property-rates/vesu-surat,2026-06-25T12:57:25.140609+00:00,locality_synthetic,2000,0,0,108.0,vesu
Surat,Gujarat,Surat,Vesu,Office,commercial,5400.0,,4.89,-1.49,https://www.squareyards.com/property-rates/vesu-surat,2026-06-25T12:57:25.140609+00:00,locality_synthetic,5000,0,0,270.0,vesu
Surat,Gujarat,Surat,Vesu,Commercial,commercial,23677.5,,4.89,-1.49,https://www.squareyards.com/property-rates/vesu-surat,2026-06-25T12:57:25.140609+00:00,locality_synthetic,500,0,0,118.39,vesu
Surat,Gujarat,Surat,Vesu,Commercial,commercial,23677.5,,4.89,-1.49,https://www.squareyards.com/property-rates/vesu-surat,2026-06-25T12:57:25.140609+00:00,locality_synthetic,1000,0,0,236.78,vesu
Surat,Gujarat,Surat,Vesu,Commercial,commercial,23677.5,,4.89,-1.49,https://www.squareyards.com/property-rates/vesu-surat,2026-06-25T12:57:25.140609+00:00,locality_synthetic,2000,0,0,473.55,vesu
Surat,Gujarat,Surat,Vesu,Commercial,commercial,23677.5,,4.89,-1.49,https://www.squareyards.com/property-rates/vesu-surat,2026-06-25T12:57:25.140609+00:00,locality_synthetic,3500,0,0,828.71,vesu
Surat,Gujarat,Surat,Vesu,Warehouse,commercial,16236.0,,4.89,-1.49,https://www.squareyards.com/property-rates/vesu-surat,2026-06-25T12:57:25.140609+00:00,locality_synthetic,1500,0,0,243.54,vesu
Surat,Gujarat,Surat,Vesu,Warehouse,commercial,16236.0,,4.89,-1.49,https://www.squareyards.com/property-rates/vesu-surat,2026-06-25T12:57:25.140609+00:00,locality_synthetic,3000,0,0,487.08,vesu
Surat,Gujarat,Surat,Vesu,Warehouse,commercial,16236.0,,4.89,-1.49,https://www.squareyards.com/property-rates/vesu-surat,2026-06-25T12:57:25.140609+00:00,locality_synthetic,5000,0,0,811.8,vesu
Surat,Gujarat,Surat,Vesu,Warehouse,commercial,16236.0,,4.89,-1.49,https://www.squareyards.com/property-rates/vesu-surat,2026-06-25T12:57:25.140609+00:00,locality_synthetic,10000,0,0,1623.6,vesu
Surat,Gujarat,Surat,Vesu,Retail,commercial,22550.0,,4.89,-1.49,https://www.squareyards.com/property-rates/vesu-surat,2026-06-25T12:57:25.140609+00:00,locality_synthetic,300,0,0,67.65,vesu
Surat,Gujarat,Surat,Vesu,Retail,commercial,22550.0,,4.89,-1.49,https://www.squareyards.com/property-rates/vesu-surat,2026-06-25T12:57:25.140609+00:00,locality_synthetic,600,0,0,135.3,vesu
Surat,Gujarat,Surat,Vesu,Retail,commercial,22550.0,,4.89,-1.49,https://www.squareyards.com/property-rates/vesu-surat,2026-06-25T12:57:25.140609+00:00,locality_synthetic,1000,0,0,225.5,vesu
Surat,Gujarat,Surat,Vesu,Retail,commercial,22550.0,,4.89,-1.49,https://www.squareyards.com/property-rates/vesu-surat,2026-06-25T12:57:25.140609+00:00,locality_synthetic,1800,0,0,405.9,vesu
Surat,Gujarat,Surat,Vip Road,Apartment,residential,5400.0,,,,https://www.squareyards.com/property-rates/vip-road-surat,2026-06-25T12:57:25.140609+00:00,locality_synthetic,550,1,1,29.7,vip road
Surat,Gujarat,Surat,Vip Road,Apartment,residential,5400.0,,,,https://www.squareyards.com/property-rates/vip-road-surat,2026-06-25T12:57:25.140609+00:00,locality_synthetic,1050,2,2,56.7,vip road
Surat,Gujarat,Surat,Vip Road,Apartment,residential,5400.0,,,,https://www.squareyards.com/property-rates/vip-road-surat,2026-06-25T12:57:25.140609+00:00,locality_synthetic,1450,3,3,78.3,vip road
Surat,Gujarat,Surat,Vip Road,Apartment,residential,5400.0,,,,https://www.squareyards.com/property-rates/vip-road-surat,2026-06-25T12:57:25.140609+00:00,locality_synthetic,2000,4,4,108.0,vip road
Surat,Gujarat,Surat,Vip Road,Flat,residential,5400.0,,,,https://www.squareyards.com/property-rates/vip-road-surat,2026-06-25T12:57:25.140609+00:00,locality_synthetic,550,1,1,29.7,vip road
Surat,Gujarat,Surat,Vip Road,Flat,residential,5400.0,,,,https://www.squareyards.com/property-rates/vip-road-surat,2026-06-25T12:57:25.140609+00:00,locality_synthetic,1050,2,2,56.7,vip road
Surat,Gujarat,Surat,Vip Road,Flat,residential,5400.0,,,,https://www.squareyards.com/property-rates/vip-road-surat,2026-06-25T12:57:25.140609+00:00,locality_synthetic,1450,3,3,78.3,vip road
Surat,Gujarat,Surat,Vip Road,Flat,residential,5400.0,,,,https://www.squareyards.com/property-rates/vip-road-surat,2026-06-25T12:57:25.140609+00:00,locality_synthetic,2000,4,4,108.0,vip road
Surat,Gujarat,Surat,Vip Road,Studio,residential,4968.0,,,,https://www.squareyards.com/property-rates/vip-road-surat,2026-06-25T12:57:25.140609+00:00,locality_synthetic,400,1,1,19.87,vip road
Surat,Gujarat,Surat,Vip Road,Studio,residential,4968.0,,,,https://www.squareyards.com/property-rates/vip-road-surat,2026-06-25T12:57:25.140609+00:00,locality_synthetic,500,1,1,24.84,vip road
Surat,Gujarat,Surat,Vip Road,Penthouse,residential,7290.0,,,,https://www.squareyards.com/property-rates/vip-road-surat,2026-06-25T12:57:25.140609+00:00,locality_synthetic,1800,3,3,131.22,vip road
Surat,Gujarat,Surat,Vip Road,Penthouse,residential,7290.0,,,,https://www.squareyards.com/property-rates/vip-road-surat,2026-06-25T12:57:25.140609+00:00,locality_synthetic,2500,4,4,182.25,vip road
Surat,Gujarat,Surat,Vip Road,Penthouse,residential,7290.0,,,,https://www.squareyards.com/property-rates/vip-road-surat,2026-06-25T12:57:25.140609+00:00,locality_synthetic,3200,5,5,233.28,vip road
Surat,Gujarat,Surat,Vip Road,Villa,residential,5400.0,,,,https://www.squareyards.com/property-rates/vip-road-surat,2026-06-25T12:57:25.140609+00:00,locality_synthetic,1500,2,2,81.0,vip road
Surat,Gujarat,Surat,Vip Road,Villa,residential,5400.0,,,,https://www.squareyards.com/property-rates/vip-road-surat,2026-06-25T12:57:25.140609+00:00,locality_synthetic,2200,3,3,118.8,vip road
Surat,Gujarat,Surat,Vip Road,Villa,residential,5400.0,,,,https://www.squareyards.com/property-rates/vip-road-surat,2026-06-25T12:57:25.140609+00:00,locality_synthetic,3000,4,4,162.0,vip road
Surat,Gujarat,Surat,Vip Road,Villa,residential,5400.0,,,,https://www.squareyards.com/property-rates/vip-road-surat,2026-06-25T12:57:25.140609+00:00,locality_synthetic,4500,5,5,243.0,vip road
Surat,Gujarat,Surat,Vip Road,Bungalow,residential,5832.0,,,,https://www.squareyards.com/property-rates/vip-road-surat,2026-06-25T12:57:25.140609+00:00,locality_synthetic,2500,3,3,145.8,vip road
Surat,Gujarat,Surat,Vip Road,Bungalow,residential,5832.0,,,,https://www.squareyards.com/property-rates/vip-road-surat,2026-06-25T12:57:25.140609+00:00,locality_synthetic,3500,4,4,204.12,vip road
Surat,Gujarat,Surat,Vip Road,Bungalow,residential,5832.0,,,,https://www.squareyards.com/property-rates/vip-road-surat,2026-06-25T12:57:25.140609+00:00,locality_synthetic,5000,5,5,291.6,vip road
Surat,Gujarat,Surat,Vip Road,Bungalow,residential,5832.0,,,,https://www.squareyards.com/property-rates/vip-road-surat,2026-06-25T12:57:25.140609+00:00,locality_synthetic,6500,6,6,379.08,vip road
Surat,Gujarat,Surat,Vip Road,House,residential,5292.0,,,,https://www.squareyards.com/property-rates/vip-road-surat,2026-06-25T12:57:25.140609+00:00,locality_synthetic,1200,2,2,63.5,vip road
Surat,Gujarat,Surat,Vip Road,House,residential,5292.0,,,,https://www.squareyards.com/property-rates/vip-road-surat,2026-06-25T12:57:25.140609+00:00,locality_synthetic,1800,3,3,95.26,vip road
Surat,Gujarat,Surat,Vip Road,House,residential,5292.0,,,,https://www.squareyards.com/property-rates/vip-road-surat,2026-06-25T12:57:25.140609+00:00,locality_synthetic,2400,4,4,127.01,vip road
Surat,Gujarat,Surat,Vip Road,House,residential,5292.0,,,,https://www.squareyards.com/property-rates/vip-road-surat,2026-06-25T12:57:25.140609+00:00,locality_synthetic,3200,5,5,169.34,vip road
Surat,Gujarat,Surat,Vip Road,Plot,residential,2970.0,,,,https://www.squareyards.com/property-rates/vip-road-surat,2026-06-25T12:57:25.140609+00:00,locality_synthetic,1000,0,0,29.7,vip road
Surat,Gujarat,Surat,Vip Road,Plot,residential,2970.0,,,,https://www.squareyards.com/property-rates/vip-road-surat,2026-06-25T12:57:25.140609+00:00,locality_synthetic,1500,0,0,44.55,vip road
Surat,Gujarat,Surat,Vip Road,Plot,residential,2970.0,,,,https://www.squareyards.com/property-rates/vip-road-surat,2026-06-25T12:57:25.140609+00:00,locality_synthetic,2400,0,0,71.28,vip road
Surat,Gujarat,Surat,Vip Road,Plot,residential,2970.0,,,,https://www.squareyards.com/property-rates/vip-road-surat,2026-06-25T12:57:25.140609+00:00,locality_synthetic,4000,0,0,118.8,vip road
Surat,Gujarat,Surat,Vip Road,Shop,commercial,5400.0,,,,https://www.squareyards.com/property-rates/vip-road-surat,2026-06-25T12:57:25.140609+00:00,locality_synthetic,200,0,0,10.8,vip road
Surat,Gujarat,Surat,Vip Road,Shop,commercial,5400.0,,,,https://www.squareyards.com/property-rates/vip-road-surat,2026-06-25T12:57:25.140609+00:00,locality_synthetic,400,0,0,21.6,vip road
Surat,Gujarat,Surat,Vip Road,Shop,commercial,5400.0,,,,https://www.squareyards.com/property-rates/vip-road-surat,2026-06-25T12:57:25.140609+00:00,locality_synthetic,800,0,0,43.2,vip road
Surat,Gujarat,Surat,Vip Road,Shop,commercial,5400.0,,,,https://www.squareyards.com/property-rates/vip-road-surat,2026-06-25T12:57:25.140609+00:00,locality_synthetic,1200,0,0,64.8,vip road
Surat,Gujarat,Surat,Vip Road,Showroom,commercial,6048.0,,,,https://www.squareyards.com/property-rates/vip-road-surat,2026-06-25T12:57:25.140609+00:00,locality_synthetic,600,0,0,36.29,vip road
Surat,Gujarat,Surat,Vip Road,Showroom,commercial,6048.0,,,,https://www.squareyards.com/property-rates/vip-road-surat,2026-06-25T12:57:25.140609+00:00,locality_synthetic,1200,0,0,72.58,vip road
Surat,Gujarat,Surat,Vip Road,Showroom,commercial,6048.0,,,,https://www.squareyards.com/property-rates/vip-road-surat,2026-06-25T12:57:25.140609+00:00,locality_synthetic,2500,0,0,151.2,vip road
Surat,Gujarat,Surat,Vip Road,Showroom,commercial,6048.0,,,,https://www.squareyards.com/property-rates/vip-road-surat,2026-06-25T12:57:25.140609+00:00,locality_synthetic,4000,0,0,241.92,vip road
Surat,Gujarat,Surat,Vip Road,Office,commercial,5400.0,,,,https://www.squareyards.com/property-rates/vip-road-surat,2026-06-25T12:57:25.140609+00:00,locality_synthetic,500,0,0,27.0,vip road
Surat,Gujarat,Surat,Vip Road,Office,commercial,5400.0,,,,https://www.squareyards.com/property-rates/vip-road-surat,2026-06-25T12:57:25.140609+00:00,locality_synthetic,1000,0,0,54.0,vip road
Surat,Gujarat,Surat,Vip Road,Office,commercial,5400.0,,,,https://www.squareyards.com/property-rates/vip-road-surat,2026-06-25T12:57:25.140609+00:00,locality_synthetic,2000,0,0,108.0,vip road
Surat,Gujarat,Surat,Vip Road,Office,commercial,5400.0,,,,https://www.squareyards.com/property-rates/vip-road-surat,2026-06-25T12:57:25.140609+00:00,locality_synthetic,5000,0,0,270.0,vip road
Surat,Gujarat,Surat,Vip Road,Commercial,commercial,5670.0,,,,https://www.squareyards.com/property-rates/vip-road-surat,2026-06-25T12:57:25.140609+00:00,locality_synthetic,500,0,0,28.35,vip road
Surat,Gujarat,Surat,Vip Road,Commercial,commercial,5670.0,,,,https://www.squareyards.com/property-rates/vip-road-surat,2026-06-25T12:57:25.140609+00:00,locality_synthetic,1000,0,0,56.7,vip road
Surat,Gujarat,Surat,Vip Road,Commercial,commercial,5670.0,,,,https://www.squareyards.com/property-rates/vip-road-surat,2026-06-25T12:57:25.140609+00:00,locality_synthetic,2000,0,0,113.4,vip road
Surat,Gujarat,Surat,Vip Road,Commercial,commercial,5670.0,,,,https://www.squareyards.com/property-rates/vip-road-surat,2026-06-25T12:57:25.140609+00:00,locality_synthetic,3500,0,0,198.45,vip road
Surat,Gujarat,Surat,Vip Road,Warehouse,commercial,3888.0,,,,https://www.squareyards.com/property-rates/vip-road-surat,2026-06-25T12:57:25.140609+00:00,locality_synthetic,1500,0,0,58.32,vip road
Surat,Gujarat,Surat,Vip Road,Warehouse,commercial,3888.0,,,,https://www.squareyards.com/property-rates/vip-road-surat,2026-06-25T12:57:25.140609+00:00,locality_synthetic,3000,0,0,116.64,vip road
Surat,Gujarat,Surat,Vip Road,Warehouse,commercial,3888.0,,,,https://www.squareyards.com/property-rates/vip-road-surat,2026-06-25T12:57:25.140609+00:00,locality_synthetic,5000,0,0,194.4,vip road
Surat,Gujarat,Surat,Vip Road,Warehouse,commercial,3888.0,,,,https://www.squareyards.com/property-rates/vip-road-surat,2026-06-25T12:57:25.140609+00:00,locality_synthetic,10000,0,0,388.8,vip road
Surat,Gujarat,Surat,Vip Road,Retail,commercial,5400.0,,,,https://www.squareyards.com/property-rates/vip-road-surat,2026-06-25T12:57:25.140609+00:00,locality_synthetic,300,0,0,16.2,vip road
Surat,Gujarat,Surat,Vip Road,Retail,commercial,5400.0,,,,https://www.squareyards.com/property-rates/vip-road-surat,2026-06-25T12:57:25.140609+00:00,locality_synthetic,600,0,0,32.4,vip road
Surat,Gujarat,Surat,Vip Road,Retail,commercial,5400.0,,,,https://www.squareyards.com/property-rates/vip-road-surat,2026-06-25T12:57:25.140609+00:00,locality_synthetic,1000,0,0,54.0,vip road
Surat,Gujarat,Surat,Vip Road,Retail,commercial,5400.0,,,,https://www.squareyards.com/property-rates/vip-road-surat,2026-06-25T12:57:25.140609+00:00,locality_synthetic,1800,0,0,97.2,vip road
Surat,Gujarat,Surat,Vip Road Vesu,Apartment,residential,5800.0,,,,https://www.squareyards.com/property-rates/vip-road-vesu-surat,2026-06-25T12:57:25.140609+00:00,locality_synthetic,550,1,1,31.9,vip road vesu
Surat,Gujarat,Surat,Vip Road Vesu,Apartment,residential,5800.0,,,,https://www.squareyards.com/property-rates/vip-road-vesu-surat,2026-06-25T12:57:25.140609+00:00,locality_synthetic,1050,2,2,60.9,vip road vesu
Surat,Gujarat,Surat,Vip Road Vesu,Apartment,residential,5800.0,,,,https://www.squareyards.com/property-rates/vip-road-vesu-surat,2026-06-25T12:57:25.140609+00:00,locality_synthetic,1450,3,3,84.1,vip road vesu
Surat,Gujarat,Surat,Vip Road Vesu,Apartment,residential,5800.0,,,,https://www.squareyards.com/property-rates/vip-road-vesu-surat,2026-06-25T12:57:25.140609+00:00,locality_synthetic,2000,4,4,116.0,vip road vesu
Surat,Gujarat,Surat,Vip Road Vesu,Flat,residential,5800.0,,,,https://www.squareyards.com/property-rates/vip-road-vesu-surat,2026-06-25T12:57:25.140609+00:00,locality_synthetic,550,1,1,31.9,vip road vesu
Surat,Gujarat,Surat,Vip Road Vesu,Flat,residential,5800.0,,,,https://www.squareyards.com/property-rates/vip-road-vesu-surat,2026-06-25T12:57:25.140609+00:00,locality_synthetic,1050,2,2,60.9,vip road vesu
Surat,Gujarat,Surat,Vip Road Vesu,Flat,residential,5800.0,,,,https://www.squareyards.com/property-rates/vip-road-vesu-surat,2026-06-25T12:57:25.140609+00:00,locality_synthetic,1450,3,3,84.1,vip road vesu
Surat,Gujarat,Surat,Vip Road Vesu,Flat,residential,5800.0,,,,https://www.squareyards.com/property-rates/vip-road-vesu-surat,2026-06-25T12:57:25.140609+00:00,locality_synthetic,2000,4,4,116.0,vip road vesu
Surat,Gujarat,Surat,Vip Road Vesu,Studio,residential,5336.0,,,,https://www.squareyards.com/property-rates/vip-road-vesu-surat,2026-06-25T12:57:25.140609+00:00,locality_synthetic,400,1,1,21.34,vip road vesu
Surat,Gujarat,Surat,Vip Road Vesu,Studio,residential,5336.0,,,,https://www.squareyards.com/property-rates/vip-road-vesu-surat,2026-06-25T12:57:25.140609+00:00,locality_synthetic,500,1,1,26.68,vip road vesu
Surat,Gujarat,Surat,Vip Road Vesu,Penthouse,residential,7830.0,,,,https://www.squareyards.com/property-rates/vip-road-vesu-surat,2026-06-25T12:57:25.140609+00:00,locality_synthetic,1800,3,3,140.94,vip road vesu
Surat,Gujarat,Surat,Vip Road Vesu,Penthouse,residential,7830.0,,,,https://www.squareyards.com/property-rates/vip-road-vesu-surat,2026-06-25T12:57:25.140609+00:00,locality_synthetic,2500,4,4,195.75,vip road vesu
Surat,Gujarat,Surat,Vip Road Vesu,Penthouse,residential,7830.0,,,,https://www.squareyards.com/property-rates/vip-road-vesu-surat,2026-06-25T12:57:25.140609+00:00,locality_synthetic,3200,5,5,250.56,vip road vesu
Surat,Gujarat,Surat,Vip Road Vesu,Villa,residential,6100.0,,,,https://www.squareyards.com/property-rates/vip-road-vesu-surat,2026-06-25T12:57:25.140609+00:00,locality_synthetic,1500,2,2,91.5,vip road vesu
Surat,Gujarat,Surat,Vip Road Vesu,Villa,residential,6100.0,,,,https://www.squareyards.com/property-rates/vip-road-vesu-surat,2026-06-25T12:57:25.140609+00:00,locality_synthetic,2200,3,3,134.2,vip road vesu
Surat,Gujarat,Surat,Vip Road Vesu,Villa,residential,6100.0,,,,https://www.squareyards.com/property-rates/vip-road-vesu-surat,2026-06-25T12:57:25.140609+00:00,locality_synthetic,3000,4,4,183.0,vip road vesu
Surat,Gujarat,Surat,Vip Road Vesu,Villa,residential,6100.0,,,,https://www.squareyards.com/property-rates/vip-road-vesu-surat,2026-06-25T12:57:25.140609+00:00,locality_synthetic,4500,5,5,274.5,vip road vesu
Surat,Gujarat,Surat,Vip Road Vesu,Bungalow,residential,6588.0,,,,https://www.squareyards.com/property-rates/vip-road-vesu-surat,2026-06-25T12:57:25.140609+00:00,locality_synthetic,2500,3,3,164.7,vip road vesu
Surat,Gujarat,Surat,Vip Road Vesu,Bungalow,residential,6588.0,,,,https://www.squareyards.com/property-rates/vip-road-vesu-surat,2026-06-25T12:57:25.140609+00:00,locality_synthetic,3500,4,4,230.58,vip road vesu
Surat,Gujarat,Surat,Vip Road Vesu,Bungalow,residential,6588.0,,,,https://www.squareyards.com/property-rates/vip-road-vesu-surat,2026-06-25T12:57:25.140609+00:00,locality_synthetic,5000,5,5,329.4,vip road vesu
Surat,Gujarat,Surat,Vip Road Vesu,Bungalow,residential,6588.0,,,,https://www.squareyards.com/property-rates/vip-road-vesu-surat,2026-06-25T12:57:25.140609+00:00,locality_synthetic,6500,6,6,428.22,vip road vesu
Surat,Gujarat,Surat,Vip Road Vesu,House,residential,5978.0,,,,https://www.squareyards.com/property-rates/vip-road-vesu-surat,2026-06-25T12:57:25.140609+00:00,locality_synthetic,1200,2,2,71.74,vip road vesu
Surat,Gujarat,Surat,Vip Road Vesu,House,residential,5978.0,,,,https://www.squareyards.com/property-rates/vip-road-vesu-surat,2026-06-25T12:57:25.140609+00:00,locality_synthetic,1800,3,3,107.6,vip road vesu
Surat,Gujarat,Surat,Vip Road Vesu,House,residential,5978.0,,,,https://www.squareyards.com/property-rates/vip-road-vesu-surat,2026-06-25T12:57:25.140609+00:00,locality_synthetic,2400,4,4,143.47,vip road vesu
Surat,Gujarat,Surat,Vip Road Vesu,House,residential,5978.0,,,,https://www.squareyards.com/property-rates/vip-road-vesu-surat,2026-06-25T12:57:25.140609+00:00,locality_synthetic,3200,5,5,191.3,vip road vesu
Surat,Gujarat,Surat,Vip Road Vesu,Plot,residential,3190.0,,,,https://www.squareyards.com/property-rates/vip-road-vesu-surat,2026-06-25T12:57:25.140609+00:00,locality_synthetic,1000,0,0,31.9,vip road vesu
Surat,Gujarat,Surat,Vip Road Vesu,Plot,residential,3190.0,,,,https://www.squareyards.com/property-rates/vip-road-vesu-surat,2026-06-25T12:57:25.140609+00:00,locality_synthetic,1500,0,0,47.85,vip road vesu
Surat,Gujarat,Surat,Vip Road Vesu,Plot,residential,3190.0,,,,https://www.squareyards.com/property-rates/vip-road-vesu-surat,2026-06-25T12:57:25.140609+00:00,locality_synthetic,2400,0,0,76.56,vip road vesu
Surat,Gujarat,Surat,Vip Road Vesu,Plot,residential,3190.0,,,,https://www.squareyards.com/property-rates/vip-road-vesu-surat,2026-06-25T12:57:25.140609+00:00,locality_synthetic,4000,0,0,127.6,vip road vesu
Surat,Gujarat,Surat,Vip Road Vesu,Shop,commercial,6100.0,,,,https://www.squareyards.com/property-rates/vip-road-vesu-surat,2026-06-25T12:57:25.140609+00:00,locality_synthetic,200,0,0,12.2,vip road vesu
Surat,Gujarat,Surat,Vip Road Vesu,Shop,commercial,6100.0,,,,https://www.squareyards.com/property-rates/vip-road-vesu-surat,2026-06-25T12:57:25.140609+00:00,locality_synthetic,400,0,0,24.4,vip road vesu
Surat,Gujarat,Surat,Vip Road Vesu,Shop,commercial,6100.0,,,,https://www.squareyards.com/property-rates/vip-road-vesu-surat,2026-06-25T12:57:25.140609+00:00,locality_synthetic,800,0,0,48.8,vip road vesu
Surat,Gujarat,Surat,Vip Road Vesu,Shop,commercial,6100.0,,,,https://www.squareyards.com/property-rates/vip-road-vesu-surat,2026-06-25T12:57:25.140609+00:00,locality_synthetic,1200,0,0,73.2,vip road vesu
Surat,Gujarat,Surat,Vip Road Vesu,Showroom,commercial,6832.0,,,,https://www.squareyards.com/property-rates/vip-road-vesu-surat,2026-06-25T12:57:25.140609+00:00,locality_synthetic,600,0,0,40.99,vip road vesu
Surat,Gujarat,Surat,Vip Road Vesu,Showroom,commercial,6832.0,,,,https://www.squareyards.com/property-rates/vip-road-vesu-surat,2026-06-25T12:57:25.140609+00:00,locality_synthetic,1200,0,0,81.98,vip road vesu
Surat,Gujarat,Surat,Vip Road Vesu,Showroom,commercial,6832.0,,,,https://www.squareyards.com/property-rates/vip-road-vesu-surat,2026-06-25T12:57:25.140609+00:00,locality_synthetic,2500,0,0,170.8,vip road vesu
Surat,Gujarat,Surat,Vip Road Vesu,Showroom,commercial,6832.0,,,,https://www.squareyards.com/property-rates/vip-road-vesu-surat,2026-06-25T12:57:25.140609+00:00,locality_synthetic,4000,0,0,273.28,vip road vesu
Surat,Gujarat,Surat,Vip Road Vesu,Office,commercial,6100.0,,,,https://www.squareyards.com/property-rates/vip-road-vesu-surat,2026-06-25T12:57:25.140609+00:00,locality_synthetic,500,0,0,30.5,vip road vesu
Surat,Gujarat,Surat,Vip Road Vesu,Office,commercial,6100.0,,,,https://www.squareyards.com/property-rates/vip-road-vesu-surat,2026-06-25T12:57:25.140609+00:00,locality_synthetic,1000,0,0,61.0,vip road vesu
Surat,Gujarat,Surat,Vip Road Vesu,Office,commercial,6100.0,,,,https://www.squareyards.com/property-rates/vip-road-vesu-surat,2026-06-25T12:57:25.140609+00:00,locality_synthetic,2000,0,0,122.0,vip road vesu
Surat,Gujarat,Surat,Vip Road Vesu,Office,commercial,6100.0,,,,https://www.squareyards.com/property-rates/vip-road-vesu-surat,2026-06-25T12:57:25.140609+00:00,locality_synthetic,5000,0,0,305.0,vip road vesu
Surat,Gujarat,Surat,Vip Road Vesu,Commercial,commercial,6405.0,,,,https://www.squareyards.com/property-rates/vip-road-vesu-surat,2026-06-25T12:57:25.140609+00:00,locality_synthetic,500,0,0,32.02,vip road vesu
Surat,Gujarat,Surat,Vip Road Vesu,Commercial,commercial,6405.0,,,,https://www.squareyards.com/property-rates/vip-road-vesu-surat,2026-06-25T12:57:25.140609+00:00,locality_synthetic,1000,0,0,64.05,vip road vesu
Surat,Gujarat,Surat,Vip Road Vesu,Commercial,commercial,6405.0,,,,https://www.squareyards.com/property-rates/vip-road-vesu-surat,2026-06-25T12:57:25.140609+00:00,locality_synthetic,2000,0,0,128.1,vip road vesu
Surat,Gujarat,Surat,Vip Road Vesu,Commercial,commercial,6405.0,,,,https://www.squareyards.com/property-rates/vip-road-vesu-surat,2026-06-25T12:57:25.140609+00:00,locality_synthetic,3500,0,0,224.18,vip road vesu
Surat,Gujarat,Surat,Vip Road Vesu,Warehouse,commercial,4392.0,,,,https://www.squareyards.com/property-rates/vip-road-vesu-surat,2026-06-25T12:57:25.140609+00:00,locality_synthetic,1500,0,0,65.88,vip road vesu
Surat,Gujarat,Surat,Vip Road Vesu,Warehouse,commercial,4392.0,,,,https://www.squareyards.com/property-rates/vip-road-vesu-surat,2026-06-25T12:57:25.140609+00:00,locality_synthetic,3000,0,0,131.76,vip road vesu
Surat,Gujarat,Surat,Vip Road Vesu,Warehouse,commercial,4392.0,,,,https://www.squareyards.com/property-rates/vip-road-vesu-surat,2026-06-25T12:57:25.140609+00:00,locality_synthetic,5000,0,0,219.6,vip road vesu
Surat,Gujarat,Surat,Vip Road Vesu,Warehouse,commercial,4392.0,,,,https://www.squareyards.com/property-rates/vip-road-vesu-surat,2026-06-25T12:57:25.140609+00:00,locality_synthetic,10000,0,0,439.2,vip road vesu
Surat,Gujarat,Surat,Vip Road Vesu,Retail,commercial,6100.0,,,,https://www.squareyards.com/property-rates/vip-road-vesu-surat,2026-06-25T12:57:25.140609+00:00,locality_synthetic,300,0,0,18.3,vip road vesu
Surat,Gujarat,Surat,Vip Road Vesu,Retail,commercial,6100.0,,,,https://www.squareyards.com/property-rates/vip-road-vesu-surat,2026-06-25T12:57:25.140609+00:00,locality_synthetic,600,0,0,36.6,vip road vesu
Surat,Gujarat,Surat,Vip Road Vesu,Retail,commercial,6100.0,,,,https://www.squareyards.com/property-rates/vip-road-vesu-surat,2026-06-25T12:57:25.140609+00:00,locality_synthetic,1000,0,0,61.0,vip road vesu
Surat,Gujarat,Surat,Vip Road Vesu,Retail,commercial,6100.0,,,,https://www.squareyards.com/property-rates/vip-road-vesu-surat,2026-06-25T12:57:25.140609+00:00,locality_synthetic,1800,0,0,109.8,vip road vesu
Surat,Gujarat,Surat,Adajan,Apartment,residential,6000.0,,,2.93,https://www.squareyards.com/property-rates/adajan-surat,2026-06-25T12:57:25.140609+00:00,locality_live,,,,,adajan
Surat,Gujarat,Surat,Adajan,Villa,residential,8100.0,,,2.93,https://www.squareyards.com/property-rates/adajan-surat,2026-06-25T12:57:25.140609+00:00,locality_live,,,,,adajan
Surat,Gujarat,Surat,Adajan,Shop,commercial,3900.0,,,2.93,https://www.squareyards.com/property-rates/adajan-surat,2026-06-25T12:57:25.140609+00:00,locality_live,,,,,adajan
Surat,Gujarat,Surat,Adajan,Office,commercial,8100.0,,,2.93,https://www.squareyards.com/property-rates/adajan-surat,2026-06-25T12:57:25.140609+00:00,locality_live,,,,,adajan
Surat,Gujarat,Surat,Althan,Apartment,residential,4300.0,,,-2.56,https://www.squareyards.com/property-rates/althan-surat,2026-06-25T12:57:25.140609+00:00,locality_live,,,,,althan
Surat,Gujarat,Surat,Althan,Villa,residential,4400.0,,,-2.56,https://www.squareyards.com/property-rates/althan-surat,2026-06-25T12:57:25.140609+00:00,locality_live,,,,,althan
Surat,Gujarat,Surat,Althan,Shop,commercial,4400.0,,,-2.56,https://www.squareyards.com/property-rates/althan-surat,2026-06-25T12:57:25.140609+00:00,locality_live,,,,,althan
Surat,Gujarat,Surat,Amroli,Apartment,residential,1950.0,,,-23.1,https://www.squareyards.com/property-rates/amroli-surat,2026-06-25T12:57:25.140609+00:00,locality_live,,,,,amroli
Surat,Gujarat,Surat,Amroli,Villa,residential,1950.0,,,-23.1,https://www.squareyards.com/property-rates/amroli-surat,2026-06-25T12:57:25.140609+00:00,locality_live,,,,,amroli
Surat,Gujarat,Surat,Amroli,Shop,commercial,1950.0,,,-23.1,https://www.squareyards.com/property-rates/amroli-surat,2026-06-25T12:57:25.140609+00:00,locality_live,,,,,amroli
Surat,Gujarat,Surat,Bharthana,Apartment,residential,4800.0,,,,https://www.squareyards.com/property-rates/bharthana-surat,2026-06-25T12:57:25.140609+00:00,locality_live,,,,,bharthana
Surat,Gujarat,Surat,Bharthana,Villa,residential,6800.0,,,,https://www.squareyards.com/property-rates/bharthana-surat,2026-06-25T12:57:25.140609+00:00,locality_live,,,,,bharthana
Surat,Gujarat,Surat,Bharthana,Shop,commercial,6800.0,,,,https://www.squareyards.com/property-rates/bharthana-surat,2026-06-25T12:57:25.140609+00:00,locality_live,,,,,bharthana
Surat,Gujarat,Surat,Bhestan,Apartment,residential,2750.0,,,,https://www.squareyards.com/property-rates/bhestan-surat,2026-06-25T12:57:25.140609+00:00,locality_live,,,,,bhestan
Surat,Gujarat,Surat,Bhestan,Villa,residential,2750.0,,,,https://www.squareyards.com/property-rates/bhestan-surat,2026-06-25T12:57:25.140609+00:00,locality_live,,,,,bhestan
Surat,Gujarat,Surat,Bhestan,Shop,commercial,2750.0,,,,https://www.squareyards.com/property-rates/bhestan-surat,2026-06-25T12:57:25.140609+00:00,locality_live,,,,,bhestan
Surat,Gujarat,Surat,Bhimrad,Apartment,residential,4250.0,,,-3.08,https://www.squareyards.com/property-rates/bhimrad-surat,2026-06-25T12:57:25.140609+00:00,locality_live,,,,,bhimrad
Surat,Gujarat,Surat,Bhimrad,Villa,residential,4600.0,,,-3.08,https://www.squareyards.com/property-rates/bhimrad-surat,2026-06-25T12:57:25.140609+00:00,locality_live,,,,,bhimrad
Surat,Gujarat,Surat,Bhimrad,Shop,commercial,4600.0,,,-3.08,https://www.squareyards.com/property-rates/bhimrad-surat,2026-06-25T12:57:25.140609+00:00,locality_live,,,,,bhimrad
Surat,Gujarat,Surat,City Light,Apartment,residential,4150.0,,,,https://www.squareyards.com/property-rates/city-light-surat,2026-06-25T12:57:25.140609+00:00,locality_live,,,,,city light
Surat,Gujarat,Surat,City Light,Villa,residential,5600.0,,,,https://www.squareyards.com/property-rates/city-light-surat,2026-06-25T12:57:25.140609+00:00,locality_live,,,,,city light
Surat,Gujarat,Surat,Dindoli,Apartment,residential,2950.0,,,3.62,https://www.squareyards.com/property-rates/dindoli-surat,2026-06-25T12:57:25.140609+00:00,locality_live,,,,,dindoli
Surat,Gujarat,Surat,Dindoli,Villa,residential,2700.0,,,3.62,https://www.squareyards.com/property-rates/dindoli-surat,2026-06-25T12:57:25.140609+00:00,locality_live,,,,,dindoli
Surat,Gujarat,Surat,Dindoli,Shop,commercial,2700.0,,,3.62,https://www.squareyards.com/property-rates/dindoli-surat,2026-06-25T12:57:25.140609+00:00,locality_live,,,,,dindoli
Surat,Gujarat,Surat,Dumas,Apartment,residential,4600.0,,,,https://www.squareyards.com/property-rates/dumas-surat,2026-06-25T12:57:25.140609+00:00,locality_live,,,,,dumas
Surat,Gujarat,Surat,Dumas,Villa,residential,4600.0,,,,https://www.squareyards.com/property-rates/dumas-surat,2026-06-25T12:57:25.140609+00:00,locality_live,,,,,dumas
Surat,Gujarat,Surat,Dumas,Shop,commercial,4600.0,,,,https://www.squareyards.com/property-rates/dumas-surat,2026-06-25T12:57:25.140609+00:00,locality_live,,,,,dumas
Surat,Gujarat,Surat,Dumas Road,Apartment,residential,4750.0,,,,https://www.squareyards.com/property-rates/dumas-road-surat,2026-06-25T12:57:25.140609+00:00,locality_live,,,,,dumas road
Surat,Gujarat,Surat,Dumas Road,Villa,residential,4750.0,,,,https://www.squareyards.com/property-rates/dumas-road-surat,2026-06-25T12:57:25.140609+00:00,locality_live,,,,,dumas road
Surat,Gujarat,Surat,Dumas Road,Shop,commercial,4750.0,,,,https://www.squareyards.com/property-rates/dumas-road-surat,2026-06-25T12:57:25.140609+00:00,locality_live,,,,,dumas road
Surat,Gujarat,Surat,Ghod Dod Road,Apartment,residential,5400.0,,,,https://www.squareyards.com/property-rates/ghod-dod-road-surat,2026-06-25T12:57:25.140609+00:00,locality_live,,,,,ghod dod road
Surat,Gujarat,Surat,Ghod Dod Road,Villa,residential,5400.0,,,,https://www.squareyards.com/property-rates/ghod-dod-road-surat,2026-06-25T12:57:25.140609+00:00,locality_live,,,,,ghod dod road
Surat,Gujarat,Surat,Godadara,Apartment,residential,2312.0,,,,https://www.squareyards.com/property-rates/godadara-surat,2026-06-25T12:57:25.140609+00:00,locality_live,,,,,godadara
Surat,Gujarat,Surat,Godadara,Villa,residential,3515.0,,,,https://www.squareyards.com/property-rates/godadara-surat,2026-06-25T12:57:25.140609+00:00,locality_live,,,,,godadara
Surat,Gujarat,Surat,Jahangir Pura,Apartment,residential,3700.0,,,7.49,https://www.squareyards.com/property-rates/jahangir-pura-surat,2026-06-25T12:57:25.140609+00:00,locality_live,,,,,jahangir pura
Surat,Gujarat,Surat,Jahangir Pura,Villa,residential,3700.0,,,7.49,https://www.squareyards.com/property-rates/jahangir-pura-surat,2026-06-25T12:57:25.140609+00:00,locality_live,,,,,jahangir pura
Surat,Gujarat,Surat,Jahangir Pura,Shop,commercial,3700.0,,,7.49,https://www.squareyards.com/property-rates/jahangir-pura-surat,2026-06-25T12:57:25.140609+00:00,locality_live,,,,,jahangir pura
Surat,Gujarat,Surat,Jahangirabad,Apartment,residential,3600.0,,,-2.76,https://www.squareyards.com/property-rates/jahangirabad-surat,2026-06-25T12:57:25.140609+00:00,locality_live,,,,,jahangirabad
Surat,Gujarat,Surat,Jahangirabad,Villa,residential,3600.0,,,-2.76,https://www.squareyards.com/property-rates/jahangirabad-surat,2026-06-25T12:57:25.140609+00:00,locality_live,,,,,jahangirabad
Surat,Gujarat,Surat,Jahangirabad,Shop,commercial,3600.0,,,-2.76,https://www.squareyards.com/property-rates/jahangirabad-surat,2026-06-25T12:57:25.140609+00:00,locality_live,,,,,jahangirabad
Surat,Gujarat,Surat,Kamrej,Apartment,residential,1797.0,,,,https://www.squareyards.com/property-rates/kamrej-surat,2026-06-25T12:57:25.140609+00:00,locality_live,,,,,kamrej
Surat,Gujarat,Surat,Kamrej,Villa,residential,1797.0,,,,https://www.squareyards.com/property-rates/kamrej-surat,2026-06-25T12:57:25.140609+00:00,locality_live,,,,,kamrej
Surat,Gujarat,Surat,Katargam,Apartment,residential,11850.0,,,,https://www.squareyards.com/property-rates/katargam-surat,2026-06-25T12:57:25.140609+00:00,locality_live,,,,,katargam
Surat,Gujarat,Surat,Katargam,Villa,residential,2450.0,,,,https://www.squareyards.com/property-rates/katargam-surat,2026-06-25T12:57:25.140609+00:00,locality_live,,,,,katargam
Surat,Gujarat,Surat,Kosamba,Apartment,residential,1750.0,,,,https://www.squareyards.com/property-rates/kosamba-surat,2026-06-25T12:57:25.140609+00:00,locality_live,,,,,kosamba
Surat,Gujarat,Surat,Kosamba,Villa,residential,1750.0,,,,https://www.squareyards.com/property-rates/kosamba-surat,2026-06-25T12:57:25.140609+00:00,locality_live,,,,,kosamba
Surat,Gujarat,Surat,Kosamba,Shop,commercial,1750.0,,,,https://www.squareyards.com/property-rates/kosamba-surat,2026-06-25T12:57:25.140609+00:00,locality_live,,,,,kosamba
Surat,Gujarat,Surat,Kumbhariya,Apartment,residential,2700.0,,,,https://www.squareyards.com/property-rates/kumbhariya-surat,2026-06-25T12:57:25.140609+00:00,locality_live,,,,,kumbhariya
Surat,Gujarat,Surat,Kumbhariya,Villa,residential,5650.0,,,,https://www.squareyards.com/property-rates/kumbhariya-surat,2026-06-25T12:57:25.140609+00:00,locality_live,,,,,kumbhariya
Surat,Gujarat,Surat,Kumbhariya,Shop,commercial,5650.0,,,,https://www.squareyards.com/property-rates/kumbhariya-surat,2026-06-25T12:57:25.140609+00:00,locality_live,,,,,kumbhariya
Surat,Gujarat,Surat,Mota Varachha,Apartment,residential,4700.0,,,,https://www.squareyards.com/property-rates/mota-varachha-surat,2026-06-25T12:57:25.140609+00:00,locality_live,,,,,mota varachha
Surat,Gujarat,Surat,Mota Varachha,Villa,residential,4100.0,,,,https://www.squareyards.com/property-rates/mota-varachha-surat,2026-06-25T12:57:25.140609+00:00,locality_live,,,,,mota varachha
Surat,Gujarat,Surat,Mota Varachha,Shop,commercial,4100.0,,,,https://www.squareyards.com/property-rates/mota-varachha-surat,2026-06-25T12:57:25.140609+00:00,locality_live,,,,,mota varachha
Surat,Gujarat,Surat,Nana Varachha,Apartment,residential,3900.0,,,,https://www.squareyards.com/property-rates/nana-varachha-surat,2026-06-25T12:57:25.140609+00:00,locality_live,,,,,nana varachha
Surat,Gujarat,Surat,Nana Varachha,Villa,residential,3350.0,,,,https://www.squareyards.com/property-rates/nana-varachha-surat,2026-06-25T12:57:25.140609+00:00,locality_live,,,,,nana varachha
Surat,Gujarat,Surat,Nana Varachha,Shop,commercial,3350.0,,,,https://www.squareyards.com/property-rates/nana-varachha-surat,2026-06-25T12:57:25.140609+00:00,locality_live,,,,,nana varachha
Surat,Gujarat,Surat,Nanpura,Apartment,residential,2550.0,,,,https://www.squareyards.com/property-rates/nanpura-surat,2026-06-25T12:57:25.140609+00:00,locality_live,,,,,nanpura
Surat,Gujarat,Surat,Nanpura,Villa,residential,2550.0,,,,https://www.squareyards.com/property-rates/nanpura-surat,2026-06-25T12:57:25.140609+00:00,locality_live,,,,,nanpura
Surat,Gujarat,Surat,Nanpura,Shop,commercial,2550.0,,,,https://www.squareyards.com/property-rates/nanpura-surat,2026-06-25T12:57:25.140609+00:00,locality_live,,,,,nanpura
Surat,Gujarat,Surat,New City Light,Apartment,residential,5050.0,,,,https://www.squareyards.com/property-rates/new-city-light-surat,2026-06-25T12:57:25.140609+00:00,locality_live,,,,,new city light
Surat,Gujarat,Surat,New City Light,Villa,residential,5650.0,,,,https://www.squareyards.com/property-rates/new-city-light-surat,2026-06-25T12:57:25.140609+00:00,locality_live,,,,,new city light
Surat,Gujarat,Surat,New City Light,Shop,commercial,5650.0,,,,https://www.squareyards.com/property-rates/new-city-light-surat,2026-06-25T12:57:25.140609+00:00,locality_live,,,,,new city light
Surat,Gujarat,Surat,Pal,Apartment,residential,4450.0,,11.33,5.32,https://www.squareyards.com/property-rates/pal-surat,2026-06-25T12:57:25.140609+00:00,locality_live,,,,,pal
Surat,Gujarat,Surat,Pal,Villa,residential,4450.0,,11.33,5.32,https://www.squareyards.com/property-rates/pal-surat,2026-06-25T12:57:25.140609+00:00,locality_live,,,,,pal
Surat,Gujarat,Surat,Pal,Shop,commercial,4450.0,,11.33,5.32,https://www.squareyards.com/property-rates/pal-surat,2026-06-25T12:57:25.140609+00:00,locality_live,,,,,pal
Surat,Gujarat,Surat,Pal,Office,commercial,4450.0,,11.33,5.32,https://www.squareyards.com/property-rates/pal-surat,2026-06-25T12:57:25.140609+00:00,locality_live,,,,,pal
Surat,Gujarat,Surat,Palanpur,Apartment,residential,4000.0,,,7.03,https://www.squareyards.com/property-rates/palanpur-surat,2026-06-25T12:57:25.140609+00:00,locality_live,,,,,palanpur
Surat,Gujarat,Surat,Palanpur,Villa,residential,4000.0,,,7.03,https://www.squareyards.com/property-rates/palanpur-surat,2026-06-25T12:57:25.140609+00:00,locality_live,,,,,palanpur
Surat,Gujarat,Surat,Palanpur Gam,Apartment,residential,5400.0,,,,https://www.squareyards.com/property-rates/palanpur-gam-surat,2026-06-25T12:57:25.140609+00:00,locality_live,,,,,palanpur gam
Surat,Gujarat,Surat,Palanpur Gam,Villa,residential,3400.0,,,,https://www.squareyards.com/property-rates/palanpur-gam-surat,2026-06-25T12:57:25.140609+00:00,locality_live,,,,,palanpur gam
Surat,Gujarat,Surat,Palanpur Gam,Shop,commercial,3400.0,,,,https://www.squareyards.com/property-rates/palanpur-gam-surat,2026-06-25T12:57:25.140609+00:00,locality_live,,,,,palanpur gam
Surat,Gujarat,Surat,Parvat Patiya,Apartment,residential,6600.0,,,,https://www.squareyards.com/property-rates/parvat-patiya-surat,2026-06-25T12:57:25.140609+00:00,locality_live,,,,,parvat patiya
Surat,Gujarat,Surat,Parvat Patiya,Villa,residential,11100.0,,,,https://www.squareyards.com/property-rates/parvat-patiya-surat,2026-06-25T12:57:25.140609+00:00,locality_live,,,,,parvat patiya
Surat,Gujarat,Surat,Parvat Patiya,Shop,commercial,6600.0,,,,https://www.squareyards.com/property-rates/parvat-patiya-surat,2026-06-25T12:57:25.140609+00:00,locality_live,,,,,parvat patiya
Surat,Gujarat,Surat,Piplod,Apartment,residential,19200.0,,12.0,,https://www.squareyards.com/property-rates/piplod-surat,2026-06-25T12:57:25.140609+00:00,locality_live,,,,,piplod
Surat,Gujarat,Surat,Piplod,Villa,residential,6000.0,,12.0,,https://www.squareyards.com/property-rates/piplod-surat,2026-06-25T12:57:25.140609+00:00,locality_live,,,,,piplod
Surat,Gujarat,Surat,Rander,Apartment,residential,3300.0,,,,https://www.squareyards.com/property-rates/rander-surat,2026-06-25T12:57:25.140609+00:00,locality_live,,,,,rander
Surat,Gujarat,Surat,Rander,Villa,residential,3950.0,,,,https://www.squareyards.com/property-rates/rander-surat,2026-06-25T12:57:25.140609+00:00,locality_live,,,,,rander
Surat,Gujarat,Surat,Rander,Shop,commercial,3950.0,,,,https://www.squareyards.com/property-rates/rander-surat,2026-06-25T12:57:25.140609+00:00,locality_live,,,,,rander
Surat,Gujarat,Surat,Rundh Magdalla,Apartment,residential,5900.0,,,,https://www.squareyards.com/property-rates/rundh-magdalla-surat,2026-06-25T12:57:25.140609+00:00,locality_live,,,,,rundh magdalla
Surat,Gujarat,Surat,Rundh Magdalla,Villa,residential,5900.0,,,,https://www.squareyards.com/property-rates/rundh-magdalla-surat,2026-06-25T12:57:25.140609+00:00,locality_live,,,,,rundh magdalla
Surat,Gujarat,Surat,Rundh Magdalla,Shop,commercial,5900.0,,,,https://www.squareyards.com/property-rates/rundh-magdalla-surat,2026-06-25T12:57:25.140609+00:00,locality_live,,,,,rundh magdalla
Surat,Gujarat,Surat,Sachin,Apartment,residential,2000.0,,,,https://www.squareyards.com/property-rates/sachin-surat,2026-06-25T12:57:25.140609+00:00,locality_live,,,,,sachin
Surat,Gujarat,Surat,Sachin,Villa,residential,2000.0,,,,https://www.squareyards.com/property-rates/sachin-surat,2026-06-25T12:57:25.140609+00:00,locality_live,,,,,sachin
Surat,Gujarat,Surat,Sachin,Shop,commercial,2000.0,,,,https://www.squareyards.com/property-rates/sachin-surat,2026-06-25T12:57:25.140609+00:00,locality_live,,,,,sachin
Surat,Gujarat,Surat,Singanpor,Apartment,residential,3200.0,,,,https://www.squareyards.com/property-rates/singanpor-surat,2026-06-25T12:57:25.140609+00:00,locality_live,,,,,singanpor
Surat,Gujarat,Surat,Singanpor,Villa,residential,3200.0,,,,https://www.squareyards.com/property-rates/singanpor-surat,2026-06-25T12:57:25.140609+00:00,locality_live,,,,,singanpor
Surat,Gujarat,Surat,Singanpor,Shop,commercial,3200.0,,,,https://www.squareyards.com/property-rates/singanpor-surat,2026-06-25T12:57:25.140609+00:00,locality_live,,,,,singanpor
Surat,Gujarat,Surat,Surat East,Apartment,residential,2700.0,,,3.62,https://www.squareyards.com/property-rates/surat-east,2026-06-25T12:57:25.140609+00:00,locality_live,,,,,surat east
Surat,Gujarat,Surat,Surat East,Villa,residential,2900.0,,,3.62,https://www.squareyards.com/property-rates/surat-east,2026-06-25T12:57:25.140609+00:00,locality_live,,,,,surat east
Surat,Gujarat,Surat,Surat East,Shop,commercial,2700.0,,,3.62,https://www.squareyards.com/property-rates/surat-east,2026-06-25T12:57:25.140609+00:00,locality_live,,,,,surat east
Surat,Gujarat,Surat,Surat North,Apartment,residential,7050.0,,11.25,1.44,https://www.squareyards.com/property-rates/surat-north,2026-06-25T12:57:25.140609+00:00,locality_live,,,,,surat north
Surat,Gujarat,Surat,Surat North,Villa,residential,4150.0,,11.25,1.44,https://www.squareyards.com/property-rates/surat-north,2026-06-25T12:57:25.140609+00:00,locality_live,,,,,surat north
Surat,Gujarat,Surat,Surat North,Shop,commercial,16700.0,,11.25,1.44,https://www.squareyards.com/property-rates/surat-north,2026-06-25T12:57:25.140609+00:00,locality_live,,,,,surat north
Surat,Gujarat,Surat,Surat North,Office,commercial,7050.0,,11.25,1.44,https://www.squareyards.com/property-rates/surat-north,2026-06-25T12:57:25.140609+00:00,locality_live,,,,,surat north
Surat,Gujarat,Surat,Surat South,Apartment,residential,4500.0,,,-2.39,https://www.squareyards.com/property-rates/surat-south,2026-06-25T12:57:25.140609+00:00,locality_live,,,,,surat south
Surat,Gujarat,Surat,Surat South,Villa,residential,4500.0,,,-2.39,https://www.squareyards.com/property-rates/surat-south,2026-06-25T12:57:25.140609+00:00,locality_live,,,,,surat south
Surat,Gujarat,Surat,Surat West,Apartment,residential,3950.0,,,0.86,https://www.squareyards.com/property-rates/surat-west,2026-06-25T12:57:25.140609+00:00,locality_live,,,,,surat west
Surat,Gujarat,Surat,Surat West,Villa,residential,3900.0,,,0.86,https://www.squareyards.com/property-rates/surat-west,2026-06-25T12:57:25.140609+00:00,locality_live,,,,,surat west
Surat,Gujarat,Surat,Surat West,Office,commercial,8100.0,,,0.86,https://www.squareyards.com/property-rates/surat-west,2026-06-25T12:57:25.140609+00:00,locality_live,,,,,surat west
Surat,Gujarat,Surat,Udhana,Apartment,residential,2700.0,,,,https://www.squareyards.com/property-rates/udhana-surat,2026-06-25T12:57:25.140609+00:00,locality_live,,,,,udhana
Surat,Gujarat,Surat,Udhana,Villa,residential,2700.0,,,,https://www.squareyards.com/property-rates/udhana-surat,2026-06-25T12:57:25.140609+00:00,locality_live,,,,,udhana
Surat,Gujarat,Surat,Udhana,Shop,commercial,2700.0,,,,https://www.squareyards.com/property-rates/udhana-surat,2026-06-25T12:57:25.140609+00:00,locality_live,,,,,udhana
Surat,Gujarat,Surat,Varachha,Apartment,residential,2950.0,,,,https://www.squareyards.com/property-rates/varachha-surat,2026-06-25T12:57:25.140609+00:00,locality_live,,,,,varachha
Surat,Gujarat,Surat,Varachha,Villa,residential,2950.0,,,,https://www.squareyards.com/property-rates/varachha-surat,2026-06-25T12:57:25.140609+00:00,locality_live,,,,,varachha
Surat,Gujarat,Surat,Varachha,Shop,commercial,2950.0,,,,https://www.squareyards.com/property-rates/varachha-surat,2026-06-25T12:57:25.140609+00:00,locality_live,,,,,varachha
Surat,Gujarat,Surat,Vesu,Apartment,residential,5400.0,,4.89,-1.49,https://www.squareyards.com/property-rates/vesu-surat,2026-06-25T12:57:25.140609+00:00,locality_live,,,,,vesu
Surat,Gujarat,Surat,Vesu,Villa,residential,5400.0,,4.89,-1.49,https://www.squareyards.com/property-rates/vesu-surat,2026-06-25T12:57:25.140609+00:00,locality_live,,,,,vesu
Surat,Gujarat,Surat,Vesu,Shop,commercial,22550.0,,4.89,-1.49,https://www.squareyards.com/property-rates/vesu-surat,2026-06-25T12:57:25.140609+00:00,locality_live,,,,,vesu
Surat,Gujarat,Surat,Vesu,Office,commercial,5400.0,,4.89,-1.49,https://www.squareyards.com/property-rates/vesu-surat,2026-06-25T12:57:25.140609+00:00,locality_live,,,,,vesu
Surat,Gujarat,Surat,Vip Road,Apartment,residential,5400.0,,,,https://www.squareyards.com/property-rates/vip-road-surat,2026-06-25T12:57:25.140609+00:00,locality_live,,,,,vip road
Surat,Gujarat,Surat,Vip Road,Villa,residential,5400.0,,,,https://www.squareyards.com/property-rates/vip-road-surat,2026-06-25T12:57:25.140609+00:00,locality_live,,,,,vip road
Surat,Gujarat,Surat,Vip Road,Shop,commercial,5400.0,,,,https://www.squareyards.com/property-rates/vip-road-surat,2026-06-25T12:57:25.140609+00:00,locality_live,,,,,vip road
Surat,Gujarat,Surat,Vip Road Vesu,Apartment,residential,5800.0,,,,https://www.squareyards.com/property-rates/vip-road-vesu-surat,2026-06-25T12:57:25.140609+00:00,locality_live,,,,,vip road vesu
Surat,Gujarat,Surat,Vip Road Vesu,Villa,residential,6100.0,,,,https://www.squareyards.com/property-rates/vip-road-vesu-surat,2026-06-25T12:57:25.140609+00:00,locality_live,,,,,vip road vesu
Surat,Gujarat,Surat,Vip Road Vesu,Shop,commercial,6100.0,,,,https://www.squareyards.com/property-rates/vip-road-vesu-surat,2026-06-25T12:57:25.140609+00:00,locality_live,,,,,vip road vesu
